sk_venda;id_venda_origem;sk_data;sk_cliente;sk_produto;sk_pagamento;sk_canal;quantidade;valor_unitario;valor_bruto;valor_desconto;valor_total;custo_total;lucro_bruto;dt_carga
1;1;20260813;82;7;5;2;1;69,9;69,9;3,5;66,4;38,0;28,4;2026-09-30 11:28:38.427428
2;2;20250629;161;8;7;3;4;54,9;219,6;21,96;197,64;116,0;81,64;2026-09-30 11:28:38.427428
3;3;20260121;48;26;7;3;5;79,9;399,5;59,92;339,58;160,0;179,58;2026-09-30 11:28:38.427428
4;4;20250518;100;30;13;1;1;29,9;29,9;0,0;29,9;9,0;20,9;2026-09-30 11:28:38.427428
5;5;20250316;49;2;11;4;3;199,9;599,7;89,96;509,74;375,0;134,74;2026-09-30 11:28:38.427428
6;6;20250501;192;11;7;2;3;45,0;135,0;20,25;114,75;63,0;51,75;2026-09-30 11:28:38.427428
7;7;20260103;79;18;15;1;3;14,9;44,7;0,0;44,7;18,0;26,7;2026-09-30 11:28:38.427428
8;8;20260731;57;25;15;4;3;24,9;74,7;7,47;67,23;24,0;43,23;2026-09-30 11:28:38.427428
9;9;20260527;141;5;3;4;2;99,9;199,8;19,98;179,82;110,0;69,82;2026-09-30 11:28:38.427428
10;10;20250524;185;24;7;4;4;13,9;55,6;2,78;52,82;24,8;28,02;2026-09-30 11:28:38.427428
11;11;20260227;36;27;7;4;1;64,9;64,9;9,74;55,16;28,0;27,16;2026-09-30 11:28:38.427428
12;12;20260226;4;30;7;2;4;29,9;119,6;0,0;119,6;36,0;83,6;2026-09-30 11:28:38.427428
13;13;20250409;135;22;16;4;4;11,9;47,6;0,0;47,6;22,0;25,6;2026-09-30 11:28:38.427428
14;14;20250820;77;3;11;4;3;79,9;239,7;23,97;215,73;135,0;80,73;2026-09-30 11:28:38.427428
15;15;20251206;145;21;3;2;1;6,9;6,9;1,03;5,87;2,8;3,07;2026-09-30 11:28:38.427428
16;16;20251015;140;23;7;2;5;12,9;64,5;3,22;61,28;25,0;36,28;2026-09-30 11:28:38.427428
17;17;20260801;62;5;12;2;6;99,9;599,4;29,97;569,43;330,0;239,43;2026-09-30 11:28:38.427428
18;18;20250224;26;5;15;3;6;99,9;599,4;0,0;599,4;330,0;269,4;2026-09-30 11:28:38.427428
19;19;20260518;59;25;7;4;3;24,9;74,7;0,0;74,7;24,0;50,7;2026-09-30 11:28:38.427428
20;20;20251002;40;25;7;2;5;24,9;124,5;0,0;124,5;40,0;84,5;2026-09-30 11:28:38.427428
21;21;20250711;111;10;7;4;4;24,9;99,6;0,0;99,6;38,0;61,6;2026-09-30 11:28:38.427428
22;22;20250328;186;26;3;2;3;79,9;239,7;11,98;227,72;96,0;131,72;2026-09-30 11:28:38.427428
23;23;20260322;71;5;15;3;3;99,9;299,7;0,0;299,7;165,0;134,7;2026-09-30 11:28:38.427428
24;24;20250107;102;16;11;4;5;19,9;99,5;0,0;99,5;45,0;54,5;2026-09-30 11:28:38.427428
25;25;20250725;123;27;15;1;6;64,9;389,4;0,0;389,4;168,0;221,4;2026-09-30 11:28:38.427428
26;26;20260109;30;19;15;1;2;27,9;55,8;2,79;53,01;26,0;27,01;2026-09-30 11:28:38.427428
27;27;20260223;173;23;15;2;2;12,9;25,8;0,0;25,8;10,0;15,8;2026-09-30 11:28:38.427428
28;28;20260702;130;13;7;4;1;35,9;35,9;5,38;30,52;16,0;14,52;2026-09-30 11:28:38.427428
29;29;20251230;43;18;7;4;5;14,9;74,5;7,45;67,05;30,0;37,05;2026-09-30 11:28:38.427428
30;30;20260616;143;11;7;4;4;45,0;180,0;9,0;171,0;84,0;87,0;2026-09-30 11:28:38.427428
31;31;20251030;107;23;13;2;5;12,9;64,5;0,0;64,5;25,0;39,5;2026-09-30 11:28:38.427428
32;32;20260409;82;17;15;4;4;9,9;39,6;0,0;39,6;18,0;21,6;2026-09-30 11:28:38.427428
33;33;20260728;110;6;15;4;6;6,5;39,0;0,0;39,0;19,2;19,8;2026-09-30 11:28:38.427428
34;34;20260203;2;1;15;1;6;129,9;779,4;77,94;701,46;468,0;233,46;2026-09-30 11:28:38.427428
35;35;20250926;172;26;7;4;5;79,9;399,5;59,92;339,58;160,0;179,58;2026-09-30 11:28:38.427428
36;36;20251101;158;4;15;2;3;59,9;179,7;8,98;170,72;96,0;74,72;2026-09-30 11:28:38.427428
37;37;20260310;48;5;7;3;5;99,9;499,5;0,0;499,5;275,0;224,5;2026-09-30 11:28:38.427428
38;38;20250224;92;16;7;4;3;19,9;59,7;0,0;59,7;27,0;32,7;2026-09-30 11:28:38.427428
39;39;20250621;22;14;15;2;6;27,9;167,4;8,37;159,03;66,0;93,03;2026-09-30 11:28:38.427428
40;40;20260608;29;6;15;4;4;6,5;26,0;1,3;24,7;12,8;11,9;2026-09-30 11:28:38.427428
41;41;20250911;77;2;3;1;6;199,9;1199,4;179,91;1019,49;750,0;269,49;2026-09-30 11:28:38.427428
42;42;20260315;43;4;15;2;2;59,9;119,8;5,99;113,81;64,0;49,81;2026-09-30 11:28:38.427428
43;43;20251024;147;9;3;1;5;32,0;160,0;0,0;160,0;70,0;90,0;2026-09-30 11:28:38.427428
44;44;20250516;64;30;8;1;1;29,9;29,9;0,0;29,9;9,0;20,9;2026-09-30 11:28:38.427428
45;45;20250406;104;19;7;4;6;27,9;167,4;8,37;159,03;78,0;81,03;2026-09-30 11:28:38.427428
46;46;20260415;163;19;7;4;1;27,9;27,9;2,79;25,11;13,0;12,11;2026-09-30 11:28:38.427428
47;47;20260715;148;27;7;1;2;64,9;129,8;0,0;129,8;56,0;73,8;2026-09-30 11:28:38.427428
48;48;20260413;1;21;16;2;4;6,9;27,6;0,0;27,6;11,2;16,4;2026-09-30 11:28:38.427428
49;49;20250619;14;9;7;4;1;32,0;32,0;0,0;32,0;14,0;18,0;2026-09-30 11:28:38.427428
50;50;20260401;3;1;7;4;2;129,9;259,8;0,0;259,8;156,0;103,8;2026-09-30 11:28:38.427428
51;51;20260112;77;8;15;4;4;54,9;219,6;0,0;219,6;116,0;103,6;2026-09-30 11:28:38.427428
52;52;20251226;185;3;7;1;5;79,9;399,5;0,0;399,5;225,0;174,5;2026-09-30 11:28:38.427428
53;53;20251226;110;3;11;2;1;79,9;79,9;0,0;79,9;45,0;34,9;2026-09-30 11:28:38.427428
54;54;20251105;53;24;6;4;5;13,9;69,5;3,48;66,02;31,0;35,02;2026-09-30 11:28:38.427428
55;55;20250314;136;26;3;4;2;79,9;159,8;0,0;159,8;64,0;95,8;2026-09-30 11:28:38.427428
56;56;20250311;4;6;14;3;4;6,5;26,0;0,0;26,0;12,8;13,2;2026-09-30 11:28:38.427428
57;57;20260216;22;10;7;2;6;24,9;149,4;14,94;134,46;57,0;77,46;2026-09-30 11:28:38.427428
58;58;20250309;80;7;7;2;2;69,9;139,8;13,98;125,82;76,0;49,82;2026-09-30 11:28:38.427428
59;59;20250629;31;4;7;3;4;59,9;239,6;0,0;239,6;128,0;111,6;2026-09-30 11:28:38.427428
60;60;20251003;188;26;11;2;6;79,9;479,4;0,0;479,4;192,0;287,4;2026-09-30 11:28:38.427428
61;61;20260527;146;19;15;1;6;27,9;167,4;0,0;167,4;78,0;89,4;2026-09-30 11:28:38.427428
62;62;20260108;99;1;15;2;1;129,9;129,9;0,0;129,9;78,0;51,9;2026-09-30 11:28:38.427428
63;63;20250503;129;30;3;3;6;29,9;179,4;17,94;161,46;54,0;107,46;2026-09-30 11:28:38.427428
64;64;20250330;142;3;15;2;4;79,9;319,6;0,0;319,6;180,0;139,6;2026-09-30 11:28:38.427428
65;65;20250720;188;15;11;2;3;34,9;104,7;5,24;99,46;51,0;48,46;2026-09-30 11:28:38.427428
66;66;20260121;189;21;14;3;6;6,9;41,4;4,14;37,26;16,8;20,46;2026-09-30 11:28:38.427428
67;67;20260617;106;2;11;4;2;199,9;399,8;39,98;359,82;250,0;109,82;2026-09-30 11:28:38.427428
68;68;20250514;61;21;15;1;4;6,9;27,6;0,0;27,6;11,2;16,4;2026-09-30 11:28:38.427428
69;69;20260822;28;11;15;2;4;45,0;180,0;0,0;180,0;84,0;96,0;2026-09-30 11:28:38.427428
70;70;20250403;41;25;7;2;2;24,9;49,8;7,47;42,33;16,0;26,33;2026-09-30 11:28:38.427428
71;71;20260610;13;11;15;3;2;45,0;90,0;9,0;81,0;42,0;39,0;2026-09-30 11:28:38.427428
72;72;20250524;32;18;15;2;6;14,9;89,4;0,0;89,4;36,0;53,4;2026-09-30 11:28:38.427428
73;73;20250318;6;22;15;2;6;11,9;71,4;0,0;71,4;33,0;38,4;2026-09-30 11:28:38.427428
74;74;20260811;111;26;5;4;3;79,9;239,7;35,96;203,74;96,0;107,74;2026-09-30 11:28:38.427428
75;75;20250909;166;30;7;2;2;29,9;59,8;0,0;59,8;18,0;41,8;2026-09-30 11:28:38.427428
76;76;20260711;5;14;11;4;2;27,9;55,8;0,0;55,8;22,0;33,8;2026-09-30 11:28:38.427428
77;77;20250813;8;17;11;1;3;9,9;29,7;4,46;25,24;13,5;11,74;2026-09-30 11:28:38.427428
78;78;20250227;196;6;7;3;1;6,5;6,5;0,0;6,5;3,2;3,3;2026-09-30 11:28:38.427428
79;79;20260103;152;6;7;2;2;6,5;13,0;0,0;13,0;6,4;6,6;2026-09-30 11:28:38.427428
80;80;20250227;60;27;15;2;4;64,9;259,6;12,98;246,62;112,0;134,62;2026-09-30 11:28:38.427428
81;81;20250526;199;30;11;4;3;29,9;89,7;0,0;89,7;27,0;62,7;2026-09-30 11:28:38.427428
82;82;20250611;188;13;11;2;5;35,9;179,5;0,0;179,5;80,0;99,5;2026-09-30 11:28:38.427428
83;83;20250629;97;23;7;2;5;12,9;64,5;0,0;64,5;25,0;39,5;2026-09-30 11:28:38.427428
84;84;20250706;155;19;3;4;4;27,9;111,6;0,0;111,6;52,0;59,6;2026-09-30 11:28:38.427428
85;85;20250621;163;5;11;2;3;99,9;299,7;0,0;299,7;165,0;134,7;2026-09-30 11:28:38.427428
86;86;20250102;13;8;7;4;6;54,9;329,4;0,0;329,4;174,0;155,4;2026-09-30 11:28:38.427428
87;87;20260815;167;12;7;2;5;38,5;192,5;28,88;163,62;92,5;71,12;2026-09-30 11:28:38.427428
88;88;20250318;141;4;16;1;1;59,9;59,9;0,0;59,9;32,0;27,9;2026-09-30 11:28:38.427428
89;89;20251206;53;21;7;4;2;6,9;13,8;0,0;13,8;5,6;8,2;2026-09-30 11:28:38.427428
90;90;20260518;40;10;15;1;2;24,9;49,8;0,0;49,8;19,0;30,8;2026-09-30 11:28:38.427428
91;91;20250325;122;7;15;3;1;69,9;69,9;10,48;59,42;38,0;21,42;2026-09-30 11:28:38.427428
92;92;20250711;115;21;15;2;5;6,9;34,5;0,0;34,5;14,0;20,5;2026-09-30 11:28:38.427428
93;93;20260827;59;3;15;3;6;79,9;479,4;23,97;455,43;270,0;185,43;2026-09-30 11:28:38.427428
94;94;20260209;183;30;7;1;4;29,9;119,6;0,0;119,6;36,0;83,6;2026-09-30 11:28:38.427428
95;95;20250717;33;4;5;3;4;59,9;239,6;0,0;239,6;128,0;111,6;2026-09-30 11:28:38.427428
96;96;20250310;23;27;8;4;5;64,9;324,5;0,0;324,5;140,0;184,5;2026-09-30 11:28:38.427428
97;97;20260301;39;1;7;2;6;129,9;779,4;0,0;779,4;468,0;311,4;2026-09-30 11:28:38.427428
98;98;20250928;99;26;8;4;3;79,9;239,7;23,97;215,73;96,0;119,73;2026-09-30 11:28:38.427428
99;99;20250901;13;22;7;2;6;11,9;71,4;7,14;64,26;33,0;31,26;2026-09-30 11:28:38.427428
100;100;20250822;35;10;4;2;3;24,9;74,7;0,0;74,7;28,5;46,2;2026-09-30 11:28:38.427428
101;101;20260512;195;21;11;2;1;6,9;6,9;0,34;6,56;2,8;3,76;2026-09-30 11:28:38.427428
102;102;20250130;45;17;12;4;4;9,9;39,6;0,0;39,6;18,0;21,6;2026-09-30 11:28:38.427428
103;103;20250507;175;23;15;3;2;12,9;25,8;0,0;25,8;10,0;15,8;2026-09-30 11:28:38.427428
104;104;20250403;73;18;15;3;3;14,9;44,7;0,0;44,7;18,0;26,7;2026-09-30 11:28:38.427428
105;106;20260121;90;20;15;1;3;22,9;68,7;0,0;68,7;31,5;37,2;2026-09-30 11:28:38.427428
106;107;20260119;144;4;7;4;1;59,9;59,9;5,99;53,91;32,0;21,91;2026-09-30 11:28:38.427428
107;108;20251102;49;9;7;4;6;32,0;192,0;0,0;192,0;84,0;108,0;2026-09-30 11:28:38.427428
108;109;20260305;104;5;7;1;6;99,9;599,4;0,0;599,4;330,0;269,4;2026-09-30 11:28:38.427428
109;110;20260103;130;23;11;2;2;12,9;25,8;0,0;25,8;10,0;15,8;2026-09-30 11:28:38.427428
110;111;20251210;168;24;15;4;3;13,9;41,7;0,0;41,7;18,6;23,1;2026-09-30 11:28:38.427428
111;112;20250224;163;12;7;2;3;38,5;115,5;5,78;109,72;55,5;54,22;2026-09-30 11:28:38.427428
112;113;20250725;88;17;4;2;3;9,9;29,7;0,0;29,7;13,5;16,2;2026-09-30 11:28:38.427428
113;114;20250301;2;6;15;1;1;6,5;6,5;0,0;6,5;3,2;3,3;2026-09-30 11:28:38.427428
114;115;20260316;123;25;15;3;1;24,9;24,9;0,0;24,9;8,0;16,9;2026-09-30 11:28:38.427428
115;116;20250912;58;25;11;4;5;24,9;124,5;12,45;112,05;40,0;72,05;2026-09-30 11:28:38.427428
116;117;20260621;87;27;11;3;1;64,9;64,9;0,0;64,9;28,0;36,9;2026-09-30 11:28:38.427428
117;118;20250822;58;7;4;2;2;69,9;139,8;13,98;125,82;76,0;49,82;2026-09-30 11:28:38.427428
118;119;20250219;153;21;7;4;1;6,9;6,9;0,0;6,9;2,8;4,1;2026-09-30 11:28:38.427428
119;120;20250110;78;18;7;4;3;14,9;44,7;0,0;44,7;18,0;26,7;2026-09-30 11:28:38.427428
120;121;20260525;51;17;15;2;6;9,9;59,4;2,97;56,43;27,0;29,43;2026-09-30 11:28:38.427428
121;122;20260508;85;10;15;1;2;24,9;49,8;0,0;49,8;19,0;30,8;2026-09-30 11:28:38.427428
122;123;20250920;165;5;7;2;1;99,9;99,9;0,0;99,9;55,0;44,9;2026-09-30 11:28:38.427428
123;124;20260313;190;28;15;1;1;89,9;89,9;0,0;89,9;35,0;54,9;2026-09-30 11:28:38.427428
124;125;20260117;88;12;15;1;4;38,5;154,0;0,0;154,0;74,0;80,0;2026-09-30 11:28:38.427428
125;126;20250302;41;16;7;1;4;19,9;79,6;0,0;79,6;36,0;43,6;2026-09-30 11:28:38.427428
126;127;20250514;124;13;16;1;3;35,9;107,7;0,0;107,7;48,0;59,7;2026-09-30 11:28:38.427428
127;128;20251213;133;25;7;1;6;24,9;149,4;7,47;141,93;48,0;93,93;2026-09-30 11:28:38.427428
128;129;20250225;3;22;3;4;6;11,9;71,4;7,14;64,26;33,0;31,26;2026-09-30 11:28:38.427428
129;130;20260604;58;25;7;4;4;24,9;99,6;4,98;94,62;32,0;62,62;2026-09-30 11:28:38.427428
130;131;20260525;191;15;15;2;1;34,9;34,9;3,49;31,41;17,0;14,41;2026-09-30 11:28:38.427428
131;132;20260413;88;20;11;2;6;22,9;137,4;0,0;137,4;63,0;74,4;2026-09-30 11:28:38.427428
132;133;20250410;195;20;15;3;4;22,9;91,6;9,16;82,44;42,0;40,44;2026-09-30 11:28:38.427428
133;134;20250524;184;17;7;2;3;9,9;29,7;2,97;26,73;13,5;13,23;2026-09-30 11:28:38.427428
134;135;20260301;12;7;11;4;4;69,9;279,6;27,96;251,64;152,0;99,64;2026-09-30 11:28:38.427428
135;136;20260721;111;17;7;3;2;9,9;19,8;2,97;16,83;9,0;7,83;2026-09-30 11:28:38.427428
136;137;20251126;130;6;7;2;6;6,5;39,0;0,0;39,0;19,2;19,8;2026-09-30 11:28:38.427428
137;138;20260609;77;11;7;3;3;45,0;135,0;20,25;114,75;63,0;51,75;2026-09-30 11:28:38.427428
138;139;20250516;182;7;3;4;2;69,9;139,8;13,98;125,82;76,0;49,82;2026-09-30 11:28:38.427428
139;140;20260304;173;25;11;4;3;24,9;74,7;7,47;67,23;24,0;43,23;2026-09-30 11:28:38.427428
140;141;20250614;74;1;15;2;4;129,9;519,6;51,96;467,64;312,0;155,64;2026-09-30 11:28:38.427428
141;142;20260730;58;2;7;1;3;199,9;599,7;59,97;539,73;375,0;164,73;2026-09-30 11:28:38.427428
142;143;20251117;142;23;15;1;6;12,9;77,4;0,0;77,4;30,0;47,4;2026-09-30 11:28:38.427428
143;144;20260826;140;27;7;2;2;64,9;129,8;12,98;116,82;56,0;60,82;2026-09-30 11:28:38.427428
144;145;20260122;11;22;15;1;1;11,9;11,9;0,0;11,9;5,5;6,4;2026-09-30 11:28:38.427428
145;146;20251105;126;23;8;2;2;12,9;25,8;3,87;21,93;10,0;11,93;2026-09-30 11:28:38.427428
146;147;20260704;104;6;15;2;5;6,5;32,5;0,0;32,5;16,0;16,5;2026-09-30 11:28:38.427428
147;148;20250110;30;25;13;3;5;24,9;124,5;12,45;112,05;40,0;72,05;2026-09-30 11:28:38.427428
148;149;20250427;99;2;7;1;6;199,9;1199,4;0,0;1199,4;750,0;449,4;2026-09-30 11:28:38.427428
149;150;20250717;83;26;15;4;5;79,9;399,5;19,98;379,52;160,0;219,52;2026-09-30 11:28:38.427428
150;151;20260705;180;21;11;1;2;6,9;13,8;1,38;12,42;5,6;6,82;2026-09-30 11:28:38.427428
151;152;20250915;143;15;7;4;6;34,9;209,4;0,0;209,4;102,0;107,4;2026-09-30 11:28:38.427428
152;153;20250306;194;14;7;2;3;27,9;83,7;8,37;75,33;33,0;42,33;2026-09-30 11:28:38.427428
153;154;20260209;170;10;7;1;5;24,9;124,5;0,0;124,5;47,5;77,0;2026-09-30 11:28:38.427428
154;155;20260118;3;10;11;4;6;24,9;149,4;7,47;141,93;57,0;84,93;2026-09-30 11:28:38.427428
155;156;20250805;106;3;11;1;3;79,9;239,7;23,97;215,73;135,0;80,73;2026-09-30 11:28:38.427428
156;157;20260717;119;6;8;2;6;6,5;39,0;3,9;35,1;19,2;15,9;2026-09-30 11:28:38.427428
157;158;20250313;50;11;7;1;3;45,0;135,0;0,0;135,0;63,0;72,0;2026-09-30 11:28:38.427428
158;159;20251117;64;19;13;1;3;27,9;83,7;12,56;71,14;39,0;32,14;2026-09-30 11:28:38.427428
159;160;20260719;28;29;7;2;4;14,9;59,6;0,0;59,6;16,0;43,6;2026-09-30 11:28:38.427428
160;161;20250120;130;9;15;4;6;32,0;192,0;19,2;172,8;84,0;88,8;2026-09-30 11:28:38.427428
161;162;20250602;94;18;13;2;3;14,9;44,7;0,0;44,7;18,0;26,7;2026-09-30 11:28:38.427428
162;163;20250619;194;17;15;4;1;9,9;9,9;0,5;9,4;4,5;4,9;2026-09-30 11:28:38.427428
163;164;20260515;60;5;13;4;6;99,9;599,4;0,0;599,4;330,0;269,4;2026-09-30 11:28:38.427428
164;165;20251128;27;13;4;1;4;35,9;143,6;14,36;129,24;64,0;65,24;2026-09-30 11:28:38.427428
165;166;20250321;133;19;15;4;2;27,9;55,8;0,0;55,8;26,0;29,8;2026-09-30 11:28:38.427428
166;167;20260327;43;16;15;2;4;19,9;79,6;0,0;79,6;36,0;43,6;2026-09-30 11:28:38.427428
167;168;20250427;124;23;7;1;1;12,9;12,9;1,29;11,61;5,0;6,61;2026-09-30 11:28:38.427428
168;169;20260810;38;5;15;4;5;99,9;499,5;0,0;499,5;275,0;224,5;2026-09-30 11:28:38.427428
169;170;20250329;56;21;7;2;1;6,9;6,9;0,0;6,9;2,8;4,1;2026-09-30 11:28:38.427428
170;171;20250928;43;5;7;2;5;99,9;499,5;49,95;449,55;275,0;174,55;2026-09-30 11:28:38.427428
171;172;20260306;39;5;15;2;1;99,9;99,9;5,0;94,9;55,0;39,9;2026-09-30 11:28:38.427428
172;173;20260707;1;17;7;3;1;9,9;9,9;1,48;8,42;4,5;3,92;2026-09-30 11:28:38.427428
173;174;20251225;151;14;7;2;2;27,9;55,8;8,37;47,43;22,0;25,43;2026-09-30 11:28:38.427428
174;175;20260711;105;25;15;4;2;24,9;49,8;0,0;49,8;16,0;33,8;2026-09-30 11:28:38.427428
175;176;20250420;40;13;7;4;6;35,9;215,4;0,0;215,4;96,0;119,4;2026-09-30 11:28:38.427428
176;177;20260725;124;9;15;2;6;32,0;192,0;0,0;192,0;84,0;108,0;2026-09-30 11:28:38.427428
177;178;20250824;115;23;8;4;4;12,9;51,6;7,74;43,86;20,0;23,86;2026-09-30 11:28:38.427428
178;179;20250106;24;18;15;2;5;14,9;74,5;11,18;63,32;30,0;33,32;2026-09-30 11:28:38.427428
179;180;20260618;74;3;3;4;5;79,9;399,5;39,95;359,55;225,0;134,55;2026-09-30 11:28:38.427428
180;181;20260613;179;22;7;1;5;11,9;59,5;0,0;59,5;27,5;32,0;2026-09-30 11:28:38.427428
181;182;20260824;52;3;15;4;3;79,9;239,7;11,98;227,72;135,0;92,72;2026-09-30 11:28:38.427428
182;183;20250719;117;18;5;2;5;14,9;74,5;0,0;74,5;30,0;44,5;2026-09-30 11:28:38.427428
183;184;20260812;65;11;5;2;1;45,0;45,0;4,5;40,5;21,0;19,5;2026-09-30 11:28:38.427428
184;185;20260509;30;25;16;1;4;24,9;99,6;0,0;99,6;32,0;67,6;2026-09-30 11:28:38.427428
185;186;20250927;64;11;14;1;4;45,0;180,0;0,0;180,0;84,0;96,0;2026-09-30 11:28:38.427428
186;187;20250714;128;16;16;2;3;19,9;59,7;5,97;53,73;27,0;26,73;2026-09-30 11:28:38.427428
187;188;20250322;174;8;7;1;5;54,9;274,5;27,45;247,05;145,0;102,05;2026-09-30 11:28:38.427428
188;189;20251009;126;11;4;2;4;45,0;180,0;0,0;180,0;84,0;96,0;2026-09-30 11:28:38.427428
189;190;20260530;89;2;11;2;5;199,9;999,5;0,0;999,5;625,0;374,5;2026-09-30 11:28:38.427428
190;192;20260117;94;12;7;3;2;38,5;77,0;11,55;65,45;37,0;28,45;2026-09-30 11:28:38.427428
191;193;20260126;51;27;11;2;1;64,9;64,9;0,0;64,9;28,0;36,9;2026-09-30 11:28:38.427428
192;194;20251104;65;5;11;2;6;99,9;599,4;29,97;569,43;330,0;239,43;2026-09-30 11:28:38.427428
193;195;20260104;144;16;3;4;6;19,9;119,4;5,97;113,43;54,0;59,43;2026-09-30 11:28:38.427428
194;196;20251019;91;20;7;3;2;22,9;45,8;0,0;45,8;21,0;24,8;2026-09-30 11:28:38.427428
195;197;20251212;108;10;7;2;4;24,9;99,6;9,96;89,64;38,0;51,64;2026-09-30 11:28:38.427428
196;198;20260209;70;11;11;4;3;45,0;135,0;0,0;135,0;63,0;72,0;2026-09-30 11:28:38.427428
197;199;20250915;191;6;7;2;2;6,5;13,0;1,3;11,7;6,4;5,3;2026-09-30 11:28:38.427428
198;200;20250327;27;16;7;2;5;19,9;99,5;0,0;99,5;45,0;54,5;2026-09-30 11:28:38.427428
199;201;20260101;84;21;6;4;2;6,9;13,8;2,07;11,73;5,6;6,13;2026-09-30 11:28:38.427428
200;202;20260413;162;15;7;4;2;34,9;69,8;6,98;62,82;34,0;28,82;2026-09-30 11:28:38.427428
201;203;20260110;106;12;15;1;4;38,5;154,0;0,0;154,0;74,0;80,0;2026-09-30 11:28:38.427428
202;205;20260204;97;29;15;1;5;14,9;74,5;0,0;74,5;20,0;54,5;2026-09-30 11:28:38.427428
203;206;20251003;106;26;11;4;6;79,9;479,4;0,0;479,4;192,0;287,4;2026-09-30 11:28:38.427428
204;207;20250220;137;9;14;2;6;32,0;192,0;0,0;192,0;84,0;108,0;2026-09-30 11:28:38.427428
205;208;20260307;80;1;11;1;2;129,9;259,8;38,97;220,83;156,0;64,83;2026-09-30 11:28:38.427428
206;209;20260427;47;27;11;2;2;64,9;129,8;0,0;129,8;56,0;73,8;2026-09-30 11:28:38.427428
207;210;20250204;51;23;5;1;2;12,9;25,8;0,0;25,8;10,0;15,8;2026-09-30 11:28:38.427428
208;211;20260618;32;11;7;2;2;45,0;90,0;0,0;90,0;42,0;48,0;2026-09-30 11:28:38.427428
209;212;20251010;150;4;15;4;2;59,9;119,8;0,0;119,8;64,0;55,8;2026-09-30 11:28:38.427428
210;213;20260527;24;23;7;4;5;12,9;64,5;6,45;58,05;25,0;33,05;2026-09-30 11:28:38.427428
211;214;20260726;166;23;15;2;5;12,9;64,5;9,68;54,82;25,0;29,82;2026-09-30 11:28:38.427428
212;215;20260727;76;24;7;2;2;13,9;27,8;1,39;26,41;12,4;14,01;2026-09-30 11:28:38.427428
213;216;20250608;116;9;11;1;5;32,0;160,0;0,0;160,0;70,0;90,0;2026-09-30 11:28:38.427428
214;217;20250902;83;24;15;2;2;13,9;27,8;2,78;25,02;12,4;12,62;2026-09-30 11:28:38.427428
215;218;20251126;29;25;7;2;5;24,9;124,5;0,0;124,5;40,0;84,5;2026-09-30 11:28:38.427428
216;219;20260623;160;4;7;2;1;59,9;59,9;5,99;53,91;32,0;21,91;2026-09-30 11:28:38.427428
217;220;20250304;93;7;8;1;6;69,9;419,4;20,97;398,43;228,0;170,43;2026-09-30 11:28:38.427428
218;221;20250810;133;9;15;2;5;32,0;160,0;0,0;160,0;70,0;90,0;2026-09-30 11:28:38.427428
219;222;20250419;197;19;7;4;6;27,9;167,4;16,74;150,66;78,0;72,66;2026-09-30 11:28:38.427428
220;223;20260330;91;18;7;4;4;14,9;59,6;0,0;59,6;24,0;35,6;2026-09-30 11:28:38.427428
221;224;20260120;197;27;3;4;6;64,9;389,4;19,47;369,93;168,0;201,93;2026-09-30 11:28:38.427428
222;225;20251106;2;24;3;1;1;13,9;13,9;0,0;13,9;6,2;7,7;2026-09-30 11:28:38.427428
223;226;20260809;40;27;15;3;3;64,9;194,7;0,0;194,7;84,0;110,7;2026-09-30 11:28:38.427428
224;227;20250321;186;9;11;1;3;32,0;96,0;0,0;96,0;42,0;54,0;2026-09-30 11:28:38.427428
225;228;20260814;98;30;11;3;1;29,9;29,9;0,0;29,9;9,0;20,9;2026-09-30 11:28:38.427428
226;229;20250112;163;30;7;4;1;29,9;29,9;4,49;25,41;9,0;16,41;2026-09-30 11:28:38.427428
227;230;20260402;193;23;7;4;2;12,9;25,8;1,29;24,51;10,0;14,51;2026-09-30 11:28:38.427428
228;231;20260213;129;16;11;2;5;19,9;99,5;0,0;99,5;45,0;54,5;2026-09-30 11:28:38.427428
229;232;20250906;19;19;9;2;2;27,9;55,8;0,0;55,8;26,0;29,8;2026-09-30 11:28:38.427428
230;233;20250125;198;14;15;1;3;27,9;83,7;0,0;83,7;33,0;50,7;2026-09-30 11:28:38.427428
231;234;20250609;194;15;11;4;1;34,9;34,9;3,49;31,41;17,0;14,41;2026-09-30 11:28:38.427428
232;235;20250124;85;1;7;1;3;129,9;389,7;0,0;389,7;234,0;155,7;2026-09-30 11:28:38.427428
233;236;20260121;150;20;7;1;6;22,9;137,4;13,74;123,66;63,0;60,66;2026-09-30 11:28:38.427428
234;237;20251005;170;2;3;3;4;199,9;799,6;119,94;679,66;500,0;179,66;2026-09-30 11:28:38.427428
235;238;20260512;153;8;15;4;4;54,9;219,6;10,98;208,62;116,0;92,62;2026-09-30 11:28:38.427428
236;239;20250610;5;2;7;3;2;199,9;399,8;0,0;399,8;250,0;149,8;2026-09-30 11:28:38.427428
237;240;20250131;143;9;16;2;1;32,0;32,0;0,0;32,0;14,0;18,0;2026-09-30 11:28:38.427428
238;241;20250904;147;17;7;4;6;9,9;59,4;0,0;59,4;27,0;32,4;2026-09-30 11:28:38.427428
239;242;20260621;35;19;3;3;5;27,9;139,5;0,0;139,5;65,0;74,5;2026-09-30 11:28:38.427428
240;243;20250530;187;18;11;4;5;14,9;74,5;0,0;74,5;30,0;44,5;2026-09-30 11:28:38.427428
241;244;20250420;34;30;15;4;6;29,9;179,4;0,0;179,4;54,0;125,4;2026-09-30 11:28:38.427428
242;245;20260504;35;20;11;2;2;22,9;45,8;2,29;43,51;21,0;22,51;2026-09-30 11:28:38.427428
243;246;20250116;70;16;15;2;2;19,9;39,8;0,0;39,8;18,0;21,8;2026-09-30 11:28:38.427428
244;247;20250910;110;15;11;1;5;34,9;174,5;0,0;174,5;85,0;89,5;2026-09-30 11:28:38.427428
245;248;20250209;134;24;7;4;5;13,9;69,5;0,0;69,5;31,0;38,5;2026-09-30 11:28:38.427428
246;249;20250220;49;24;7;2;1;13,9;13,9;0,0;13,9;6,2;7,7;2026-09-30 11:28:38.427428
247;250;20260420;166;10;15;4;5;24,9;124,5;0,0;124,5;47,5;77,0;2026-09-30 11:28:38.427428
248;251;20260410;152;18;10;2;2;14,9;29,8;2,98;26,82;12,0;14,82;2026-09-30 11:28:38.427428
249;252;20250427;181;21;7;3;6;6,9;41,4;0,0;41,4;16,8;24,6;2026-09-30 11:28:38.427428
250;253;20251210;145;6;7;2;4;6,5;26,0;3,9;22,1;12,8;9,3;2026-09-30 11:28:38.427428
251;254;20250705;31;14;3;3;3;27,9;83,7;0,0;83,7;33,0;50,7;2026-09-30 11:28:38.427428
252;255;20260503;117;1;7;2;5;129,9;649,5;0,0;649,5;390,0;259,5;2026-09-30 11:28:38.427428
253;256;20250207;38;27;15;2;2;64,9;129,8;19,47;110,33;56,0;54,33;2026-09-30 11:28:38.427428
254;257;20260810;144;14;3;2;2;27,9;55,8;0,0;55,8;22,0;33,8;2026-09-30 11:28:38.427428
255;258;20260718;17;11;7;4;3;45,0;135,0;0,0;135,0;63,0;72,0;2026-09-30 11:28:38.427428
256;259;20260626;23;7;7;1;5;69,9;349,5;0,0;349,5;190,0;159,5;2026-09-30 11:28:38.427428
257;260;20250513;158;28;7;1;3;89,9;269,7;13,48;256,22;105,0;151,22;2026-09-30 11:28:38.427428
258;261;20260422;161;8;15;3;6;54,9;329,4;49,41;279,99;174,0;105,99;2026-09-30 11:28:38.427428
259;262;20250726;177;11;14;4;3;45,0;135,0;0,0;135,0;63,0;72,0;2026-09-30 11:28:38.427428
260;263;20250130;45;1;15;3;1;129,9;129,9;0,0;129,9;78,0;51,9;2026-09-30 11:28:38.427428
261;264;20260704;86;21;11;1;2;6,9;13,8;0,0;13,8;5,6;8,2;2026-09-30 11:28:38.427428
262;265;20251206;91;24;3;4;6;13,9;83,4;0,0;83,4;37,2;46,2;2026-09-30 11:28:38.427428
263;266;20251112;181;19;15;4;5;27,9;139,5;20,92;118,58;65,0;53,58;2026-09-30 11:28:38.427428
264;267;20250208;200;10;3;3;2;24,9;49,8;0,0;49,8;19,0;30,8;2026-09-30 11:28:38.427428
265;268;20250527;197;11;15;3;4;45,0;180,0;27,0;153,0;84,0;69,0;2026-09-30 11:28:38.427428
266;269;20251115;12;2;12;3;4;199,9;799,6;79,96;719,64;500,0;219,64;2026-09-30 11:28:38.427428
267;270;20250725;50;1;15;2;5;129,9;649,5;0,0;649,5;390,0;259,5;2026-09-30 11:28:38.427428
268;271;20260710;90;4;15;2;1;59,9;59,9;3,0;56,9;32,0;24,9;2026-09-30 11:28:38.427428
269;272;20250221;28;29;14;2;3;14,9;44,7;0,0;44,7;12,0;32,7;2026-09-30 11:28:38.427428
270;273;20251116;86;19;15;2;6;27,9;167,4;25,11;142,29;78,0;64,29;2026-09-30 11:28:38.427428
271;274;20260425;25;25;15;4;4;24,9;99,6;0,0;99,6;32,0;67,6;2026-09-30 11:28:38.427428
272;275;20251205;84;5;7;4;5;99,9;499,5;0,0;499,5;275,0;224,5;2026-09-30 11:28:38.427428
273;276;20250420;84;25;7;4;3;24,9;74,7;3,74;70,96;24,0;46,96;2026-09-30 11:28:38.427428
274;277;20251215;54;20;5;4;2;22,9;45,8;6,87;38,93;21,0;17,93;2026-09-30 11:28:38.427428
275;278;20260811;125;23;7;1;2;12,9;25,8;0,0;25,8;10,0;15,8;2026-09-30 11:28:38.427428
276;279;20260124;84;13;7;3;1;35,9;35,9;0,0;35,9;16,0;19,9;2026-09-30 11:28:38.427428
277;280;20251026;100;21;7;2;1;6,9;6,9;0,34;6,56;2,8;3,76;2026-09-30 11:28:38.427428
278;281;20251219;23;30;13;2;6;29,9;179,4;8,97;170,43;54,0;116,43;2026-09-30 11:28:38.427428
279;282;20260103;29;12;15;4;5;38,5;192,5;28,88;163,62;92,5;71,12;2026-09-30 11:28:38.427428
280;283;20260502;36;13;7;4;4;35,9;143,6;0,0;143,6;64,0;79,6;2026-09-30 11:28:38.427428
281;284;20250528;185;28;7;4;6;89,9;539,4;0,0;539,4;210,0;329,4;2026-09-30 11:28:38.427428
282;285;20260606;109;15;11;4;6;34,9;209,4;10,47;198,93;102,0;96,93;2026-09-30 11:28:38.427428
283;286;20260714;148;28;15;2;6;89,9;539,4;0,0;539,4;210,0;329,4;2026-09-30 11:28:38.427428
284;287;20251014;120;23;15;4;1;12,9;12,9;0,64;12,26;5,0;7,26;2026-09-30 11:28:38.427428
285;288;20250224;88;22;11;4;1;11,9;11,9;0,6;11,3;5,5;5,8;2026-09-30 11:28:38.427428
286;289;20250206;178;14;7;2;3;27,9;83,7;4,18;79,52;33,0;46,52;2026-09-30 11:28:38.427428
287;290;20250128;74;6;13;2;5;6,5;32,5;0,0;32,5;16,0;16,5;2026-09-30 11:28:38.427428
288;292;20250607;127;17;3;4;1;9,9;9,9;1,48;8,42;4,5;3,92;2026-09-30 11:28:38.427428
289;293;20250429;14;7;7;3;5;69,9;349,5;0,0;349,5;190,0;159,5;2026-09-30 11:28:38.427428
290;294;20260628;112;8;15;2;4;54,9;219,6;0,0;219,6;116,0;103,6;2026-09-30 11:28:38.427428
291;295;20260319;157;2;11;2;1;199,9;199,9;19,99;179,91;125,0;54,91;2026-09-30 11:28:38.427428
292;296;20260826;198;13;7;2;4;35,9;143,6;0,0;143,6;64,0;79,6;2026-09-30 11:28:38.427428
293;298;20250503;23;29;7;4;2;14,9;29,8;4,47;25,33;8,0;17,33;2026-09-30 11:28:38.427428
294;299;20250319;164;6;3;3;1;6,5;6,5;0,0;6,5;3,2;3,3;2026-09-30 11:28:38.427428
295;300;20260127;100;11;3;2;3;45,0;135,0;0,0;135,0;63,0;72,0;2026-09-30 11:28:38.427428
296;301;20260318;56;20;7;2;4;22,9;91,6;4,58;87,02;42,0;45,02;2026-09-30 11:28:38.427428
297;302;20250101;10;24;15;4;3;13,9;41,7;4,17;37,53;18,6;18,93;2026-09-30 11:28:38.427428
298;303;20250313;139;16;15;4;4;19,9;79,6;0,0;79,6;36,0;43,6;2026-09-30 11:28:38.427428
299;304;20250403;94;30;11;1;3;29,9;89,7;4,49;85,21;27,0;58,21;2026-09-30 11:28:38.427428
300;305;20251103;179;7;9;2;2;69,9;139,8;0,0;139,8;76,0;63,8;2026-09-30 11:28:38.427428
301;306;20260831;62;24;15;4;2;13,9;27,8;0,0;27,8;12,4;15,4;2026-09-30 11:28:38.427428
302;307;20251212;185;26;7;4;4;79,9;319,6;0,0;319,6;128,0;191,6;2026-09-30 11:28:38.427428
303;308;20250207;189;28;7;2;5;89,9;449,5;0,0;449,5;175,0;274,5;2026-09-30 11:28:38.427428
304;309;20260829;17;29;11;2;3;14,9;44,7;6,7;38,0;12,0;26,0;2026-09-30 11:28:38.427428
305;310;20251129;31;14;5;4;3;27,9;83,7;8,37;75,33;33,0;42,33;2026-09-30 11:28:38.427428
306;311;20260721;43;4;15;4;3;59,9;179,7;0,0;179,7;96,0;83,7;2026-09-30 11:28:38.427428
307;312;20260831;73;29;7;2;4;14,9;59,6;0,0;59,6;16,0;43,6;2026-09-30 11:28:38.427428
308;313;20250208;153;17;5;2;4;9,9;39,6;0,0;39,6;18,0;21,6;2026-09-30 11:28:38.427428
309;314;20260707;130;7;5;2;1;69,9;69,9;0,0;69,9;38,0;31,9;2026-09-30 11:28:38.427428
310;315;20250225;166;22;15;1;4;11,9;47,6;0,0;47,6;22,0;25,6;2026-09-30 11:28:38.427428
311;316;20250130;125;2;16;4;1;199,9;199,9;9,99;189,91;125,0;64,91;2026-09-30 11:28:38.427428
312;317;20251130;59;7;15;3;6;69,9;419,4;0,0;419,4;228,0;191,4;2026-09-30 11:28:38.427428
313;318;20260411;46;16;15;4;1;19,9;19,9;0,0;19,9;9,0;10,9;2026-09-30 11:28:38.427428
314;319;20250424;120;11;7;2;2;45,0;90,0;0,0;90,0;42,0;48,0;2026-09-30 11:28:38.427428
315;320;20260721;59;26;8;2;6;79,9;479,4;0,0;479,4;192,0;287,4;2026-09-30 11:28:38.427428
316;322;20250204;109;14;15;2;1;27,9;27,9;1,4;26,5;11,0;15,5;2026-09-30 11:28:38.427428
317;323;20250812;34;3;15;1;5;79,9;399,5;0,0;399,5;225,0;174,5;2026-09-30 11:28:38.427428
318;324;20250522;181;15;15;1;5;34,9;174,5;0,0;174,5;85,0;89,5;2026-09-30 11:28:38.427428
319;325;20251004;179;13;7;2;6;35,9;215,4;10,77;204,63;96,0;108,63;2026-09-30 11:28:38.427428
320;326;20250222;29;24;16;2;1;13,9;13,9;0,0;13,9;6,2;7,7;2026-09-30 11:28:38.427428
321;327;20250902;139;3;7;3;5;79,9;399,5;0,0;399,5;225,0;174,5;2026-09-30 11:28:38.427428
322;328;20260531;175;25;15;4;6;24,9;149,4;0,0;149,4;48,0;101,4;2026-09-30 11:28:38.427428
323;329;20260408;159;16;11;3;6;19,9;119,4;0,0;119,4;54,0;65,4;2026-09-30 11:28:38.427428
324;330;20250320;28;3;15;3;1;79,9;79,9;0,0;79,9;45,0;34,9;2026-09-30 11:28:38.427428
325;331;20250516;122;21;5;2;1;6,9;6,9;0,0;6,9;2,8;4,1;2026-09-30 11:28:38.427428
326;332;20251201;125;8;7;4;5;54,9;274,5;13,72;260,78;145,0;115,78;2026-09-30 11:28:38.427428
327;333;20251023;198;29;15;2;3;14,9;44,7;6,7;38,0;12,0;26,0;2026-09-30 11:28:38.427428
328;334;20250607;42;23;13;4;5;12,9;64,5;0,0;64,5;25,0;39,5;2026-09-30 11:28:38.427428
329;335;20250601;96;7;7;3;5;69,9;349,5;0,0;349,5;190,0;159,5;2026-09-30 11:28:38.427428
330;336;20260714;130;16;8;3;2;19,9;39,8;0,0;39,8;18,0;21,8;2026-09-30 11:28:38.427428
331;337;20260329;87;19;15;2;6;27,9;167,4;16,74;150,66;78,0;72,66;2026-09-30 11:28:38.427428
332;338;20250719;150;27;15;2;2;64,9;129,8;6,49;123,31;56,0;67,31;2026-09-30 11:28:38.427428
333;339;20250719;126;15;7;4;6;34,9;209,4;0,0;209,4;102,0;107,4;2026-09-30 11:28:38.427428
334;340;20251112;115;14;7;1;3;27,9;83,7;12,56;71,14;33,0;38,14;2026-09-30 11:28:38.427428
335;341;20260301;36;15;7;3;3;34,9;104,7;15,7;89,0;51,0;38,0;2026-09-30 11:28:38.427428
336;342;20250107;105;11;3;1;1;45,0;45,0;4,5;40,5;21,0;19,5;2026-09-30 11:28:38.427428
337;343;20250213;78;5;7;2;2;99,9;199,8;29,97;169,83;110,0;59,83;2026-09-30 11:28:38.427428
338;344;20250508;168;5;11;1;3;99,9;299,7;29,97;269,73;165,0;104,73;2026-09-30 11:28:38.427428
339;345;20260106;149;4;5;4;3;59,9;179,7;0,0;179,7;96,0;83,7;2026-09-30 11:28:38.427428
340;346;20250616;149;4;15;4;3;59,9;179,7;0,0;179,7;96,0;83,7;2026-09-30 11:28:38.427428
341;347;20260627;164;14;7;2;6;27,9;167,4;0,0;167,4;66,0;101,4;2026-09-30 11:28:38.427428
342;348;20251105;70;18;7;4;3;14,9;44,7;4,47;40,23;18,0;22,23;2026-09-30 11:28:38.427428
343;349;20250616;27;17;15;3;3;9,9;29,7;0,0;29,7;13,5;16,2;2026-09-30 11:28:38.427428
344;350;20250427;107;27;3;4;5;64,9;324,5;0,0;324,5;140,0;184,5;2026-09-30 11:28:38.427428
345;351;20251217;45;12;16;3;2;38,5;77,0;7,7;69,3;37,0;32,3;2026-09-30 11:28:38.427428
346;352;20250425;20;10;9;2;2;24,9;49,8;0,0;49,8;19,0;30,8;2026-09-30 11:28:38.427428
347;353;20251105;171;19;12;2;1;27,9;27,9;0,0;27,9;13,0;14,9;2026-09-30 11:28:38.427428
348;354;20251012;149;6;15;4;6;6,5;39,0;0,0;39,0;19,2;19,8;2026-09-30 11:28:38.427428
349;355;20250716;73;3;3;2;1;79,9;79,9;0,0;79,9;45,0;34,9;2026-09-30 11:28:38.427428
350;356;20250420;47;17;15;2;6;9,9;59,4;8,91;50,49;27,0;23,49;2026-09-30 11:28:38.427428
351;357;20251023;143;4;15;4;4;59,9;239,6;23,96;215,64;128,0;87,64;2026-09-30 11:28:38.427428
352;358;20260315;49;22;15;1;4;11,9;47,6;7,14;40,46;22,0;18,46;2026-09-30 11:28:38.427428
353;359;20250329;31;22;15;1;4;11,9;47,6;0,0;47,6;22,0;25,6;2026-09-30 11:28:38.427428
354;360;20260218;32;6;11;1;1;6,5;6,5;0,0;6,5;3,2;3,3;2026-09-30 11:28:38.427428
355;361;20260219;125;9;15;4;6;32,0;192,0;9,6;182,4;84,0;98,4;2026-09-30 11:28:38.427428
356;362;20250128;46;5;7;4;1;99,9;99,9;0,0;99,9;55,0;44,9;2026-09-30 11:28:38.427428
357;363;20260525;126;22;15;4;5;11,9;59,5;2,98;56,52;27,5;29,02;2026-09-30 11:28:38.427428
358;364;20260121;114;2;15;1;4;199,9;799,6;0,0;799,6;500,0;299,6;2026-09-30 11:28:38.427428
359;365;20250423;146;6;7;4;4;6,5;26,0;2,6;23,4;12,8;10,6;2026-09-30 11:28:38.427428
360;366;20260122;158;6;15;2;5;6,5;32,5;3,25;29,25;16,0;13,25;2026-09-30 11:28:38.427428
361;367;20260125;25;12;15;1;6;38,5;231,0;0,0;231,0;111,0;120,0;2026-09-30 11:28:38.427428
362;368;20251109;30;21;16;4;3;6,9;20,7;0,0;20,7;8,4;12,3;2026-09-30 11:28:38.427428
363;369;20260122;147;9;15;2;1;32,0;32,0;0,0;32,0;14,0;18,0;2026-09-30 11:28:38.427428
364;370;20260323;52;25;7;2;6;24,9;149,4;0,0;149,4;48,0;101,4;2026-09-30 11:28:38.427428
365;371;20250405;184;10;7;4;5;24,9;124,5;18,68;105,82;47,5;58,32;2026-09-30 11:28:38.427428
366;372;20260601;77;14;7;2;2;27,9;55,8;0,0;55,8;22,0;33,8;2026-09-30 11:28:38.427428
367;373;20250711;148;22;15;4;5;11,9;59,5;0,0;59,5;27,5;32,0;2026-09-30 11:28:38.427428
368;374;20250303;134;18;16;1;5;14,9;74,5;0,0;74,5;30,0;44,5;2026-09-30 11:28:38.427428
369;375;20260227;69;14;16;2;3;27,9;83,7;12,56;71,14;33,0;38,14;2026-09-30 11:28:38.427428
370;376;20260513;144;5;7;2;2;99,9;199,8;0,0;199,8;110,0;89,8;2026-09-30 11:28:38.427428
371;377;20260513;6;22;12;2;5;11,9;59,5;0,0;59,5;27,5;32,0;2026-09-30 11:28:38.427428
372;378;20250524;61;29;8;3;3;14,9;44,7;0,0;44,7;12,0;32,7;2026-09-30 11:28:38.427428
373;379;20251117;85;9;7;2;4;32,0;128,0;19,2;108,8;56,0;52,8;2026-09-30 11:28:38.427428
374;380;20250918;151;5;5;2;1;99,9;99,9;0,0;99,9;55,0;44,9;2026-09-30 11:28:38.427428
375;381;20260107;122;22;16;3;2;11,9;23,8;2,38;21,42;11,0;10,42;2026-09-30 11:28:38.427428
376;382;20260107;176;23;7;2;6;12,9;77,4;0,0;77,4;30,0;47,4;2026-09-30 11:28:38.427428
377;383;20251101;54;30;9;3;3;29,9;89,7;13,46;76,24;27,0;49,24;2026-09-30 11:28:38.427428
378;384;20260519;121;14;7;3;1;27,9;27,9;2,79;25,11;11,0;14,11;2026-09-30 11:28:38.427428
379;385;20260715;189;27;7;2;2;64,9;129,8;0,0;129,8;56,0;73,8;2026-09-30 11:28:38.427428
380;387;20250517;67;22;7;2;4;11,9;47,6;0,0;47,6;22,0;25,6;2026-09-30 11:28:38.427428
381;388;20250818;6;6;1;3;4;6,5;26,0;0,0;26,0;12,8;13,2;2026-09-30 11:28:38.427428
382;389;20260316;154;7;15;4;3;69,9;209,7;0,0;209,7;114,0;95,7;2026-09-30 11:28:38.427428
383;390;20250728;49;14;11;4;4;27,9;111,6;16,74;94,86;44,0;50,86;2026-09-30 11:28:38.427428
384;391;20250713;108;7;7;2;5;69,9;349,5;0,0;349,5;190,0;159,5;2026-09-30 11:28:38.427428
385;392;20260426;35;8;15;1;3;54,9;164,7;24,7;140,0;87,0;53,0;2026-09-30 11:28:38.427428
386;393;20251207;61;24;3;3;5;13,9;69,5;0,0;69,5;31,0;38,5;2026-09-30 11:28:38.427428
387;395;20250924;30;15;15;3;2;34,9;69,8;0,0;69,8;34,0;35,8;2026-09-30 11:28:38.427428
388;396;20251117;112;29;15;2;3;14,9;44,7;0,0;44,7;12,0;32,7;2026-09-30 11:28:38.427428
389;397;20250824;47;22;7;2;6;11,9;71,4;0,0;71,4;33,0;38,4;2026-09-30 11:28:38.427428
390;398;20260414;127;16;9;2;1;19,9;19,9;0,0;19,9;9,0;10,9;2026-09-30 11:28:38.427428
391;399;20260823;55;27;3;3;2;64,9;129,8;6,49;123,31;56,0;67,31;2026-09-30 11:28:38.427428
392;400;20250505;101;16;7;2;6;19,9;119,4;0,0;119,4;54,0;65,4;2026-09-30 11:28:38.427428
393;401;20250214;168;15;2;1;6;34,9;209,4;10,47;198,93;102,0;96,93;2026-09-30 11:28:38.427428
394;402;20251017;83;26;16;4;5;79,9;399,5;59,92;339,58;160,0;179,58;2026-09-30 11:28:38.427428
395;403;20260217;73;25;12;1;4;24,9;99,6;9,96;89,64;32,0;57,64;2026-09-30 11:28:38.427428
396;404;20250409;95;30;15;2;3;29,9;89,7;4,49;85,21;27,0;58,21;2026-09-30 11:28:38.427428
397;405;20260313;24;3;7;4;4;79,9;319,6;0,0;319,6;180,0;139,6;2026-09-30 11:28:38.427428
398;406;20260425;112;30;3;1;4;29,9;119,6;0,0;119,6;36,0;83,6;2026-09-30 11:28:38.427428
399;407;20250216;132;8;7;1;5;54,9;274,5;0,0;274,5;145,0;129,5;2026-09-30 11:28:38.427428
400;408;20260419;46;12;14;2;3;38,5;115,5;17,32;98,18;55,5;42,68;2026-09-30 11:28:38.427428
401;409;20250929;88;10;11;2;3;24,9;74,7;11,2;63,5;28,5;35,0;2026-09-30 11:28:38.427428
402;410;20260504;118;14;6;1;5;27,9;139,5;13,95;125,55;55,0;70,55;2026-09-30 11:28:38.427428
403;411;20260209;78;10;15;1;5;24,9;124,5;0,0;124,5;47,5;77,0;2026-09-30 11:28:38.427428
404;412;20260706;49;1;15;2;2;129,9;259,8;0,0;259,8;156,0;103,8;2026-09-30 11:28:38.427428
405;413;20260406;150;5;13;2;6;99,9;599,4;0,0;599,4;330,0;269,4;2026-09-30 11:28:38.427428
406;414;20251025;10;14;15;3;4;27,9;111,6;0,0;111,6;44,0;67,6;2026-09-30 11:28:38.427428
407;415;20260814;81;28;14;4;4;89,9;359,6;17,98;341,62;140,0;201,62;2026-09-30 11:28:38.427428
408;416;20250122;42;16;7;4;5;19,9;99,5;0,0;99,5;45,0;54,5;2026-09-30 11:28:38.427428
409;417;20260425;34;22;8;3;3;11,9;35,7;0,0;35,7;16,5;19,2;2026-09-30 11:28:38.427428
410;418;20251017;177;12;15;2;4;38,5;154,0;15,4;138,6;74,0;64,6;2026-09-30 11:28:38.427428
411;419;20260725;13;26;15;2;4;79,9;319,6;0,0;319,6;128,0;191,6;2026-09-30 11:28:38.427428
412;420;20250821;31;17;15;4;1;9,9;9,9;0,5;9,4;4,5;4,9;2026-09-30 11:28:38.427428
413;421;20250417;181;9;4;1;2;32,0;64,0;0,0;64,0;28,0;36,0;2026-09-30 11:28:38.427428
414;422;20260730;11;26;16;3;5;79,9;399,5;19,98;379,52;160,0;219,52;2026-09-30 11:28:38.427428
415;423;20250412;40;10;15;4;6;24,9;149,4;14,94;134,46;57,0;77,46;2026-09-30 11:28:38.427428
416;424;20260602;44;25;15;4;1;24,9;24,9;0,0;24,9;8,0;16,9;2026-09-30 11:28:38.427428
417;425;20260228;105;25;3;3;5;24,9;124,5;0,0;124,5;40,0;84,5;2026-09-30 11:28:38.427428
418;426;20251213;81;25;3;1;1;24,9;24,9;0,0;24,9;8,0;16,9;2026-09-30 11:28:38.427428
419;427;20260617;76;29;7;2;5;14,9;74,5;0,0;74,5;20,0;54,5;2026-09-30 11:28:38.427428
420;429;20250722;78;23;15;1;3;12,9;38,7;0,0;38,7;15,0;23,7;2026-09-30 11:28:38.427428
421;430;20250613;6;10;11;1;2;24,9;49,8;0,0;49,8;19,0;30,8;2026-09-30 11:28:38.427428
422;431;20260604;91;14;15;4;5;27,9;139,5;0,0;139,5;55,0;84,5;2026-09-30 11:28:38.427428
423;432;20260701;153;8;15;1;6;54,9;329,4;0,0;329,4;174,0;155,4;2026-09-30 11:28:38.427428
424;433;20260820;50;23;11;1;4;12,9;51,6;7,74;43,86;20,0;23,86;2026-09-30 11:28:38.427428
425;434;20260623;104;14;7;4;2;27,9;55,8;2,79;53,01;22,0;31,01;2026-09-30 11:28:38.427428
426;435;20250616;37;15;15;3;6;34,9;209,4;10,47;198,93;102,0;96,93;2026-09-30 11:28:38.427428
427;436;20250502;155;15;7;4;4;34,9;139,6;20,94;118,66;68,0;50,66;2026-09-30 11:28:38.427428
428;437;20260827;108;12;3;2;3;38,5;115,5;0,0;115,5;55,5;60,0;2026-09-30 11:28:38.427428
429;438;20260508;147;1;7;4;1;129,9;129,9;0,0;129,9;78,0;51,9;2026-09-30 11:28:38.427428
430;439;20260406;171;20;15;1;2;22,9;45,8;0,0;45,8;21,0;24,8;2026-09-30 11:28:38.427428
431;440;20260330;189;8;7;4;4;54,9;219,6;0,0;219,6;116,0;103,6;2026-09-30 11:28:38.427428
432;441;20250717;159;23;7;1;3;12,9;38,7;1,94;36,76;15,0;21,76;2026-09-30 11:28:38.427428
433;442;20251009;53;1;11;2;1;129,9;129,9;0,0;129,9;78,0;51,9;2026-09-30 11:28:38.427428
434;443;20251215;112;11;7;2;4;45,0;180,0;0,0;180,0;84,0;96,0;2026-09-30 11:28:38.427428
435;444;20250607;79;18;7;1;2;14,9;29,8;0,0;29,8;12,0;17,8;2026-09-30 11:28:38.427428
436;445;20250504;14;4;16;4;3;59,9;179,7;0,0;179,7;96,0;83,7;2026-09-30 11:28:38.427428
437;446;20260511;8;4;7;3;3;59,9;179,7;0,0;179,7;96,0;83,7;2026-09-30 11:28:38.427428
438;447;20260402;22;8;7;4;5;54,9;274,5;41,18;233,32;145,0;88,32;2026-09-30 11:28:38.427428
439;448;20260408;11;26;11;1;2;79,9;159,8;0,0;159,8;64,0;95,8;2026-09-30 11:28:38.427428
440;449;20251226;162;2;7;4;4;199,9;799,6;0,0;799,6;500,0;299,6;2026-09-30 11:28:38.427428
441;450;20251014;111;13;7;1;6;35,9;215,4;0,0;215,4;96,0;119,4;2026-09-30 11:28:38.427428
442;451;20251216;54;9;3;2;6;32,0;192,0;0,0;192,0;84,0;108,0;2026-09-30 11:28:38.427428
443;453;20260102;100;22;11;2;1;11,9;11,9;0,0;11,9;5,5;6,4;2026-09-30 11:28:38.427428
444;455;20250803;2;12;4;4;1;38,5;38,5;0,0;38,5;18,5;20,0;2026-09-30 11:28:38.427428
445;457;20260630;158;24;7;4;3;13,9;41,7;0,0;41,7;18,6;23,1;2026-09-30 11:28:38.427428
446;458;20260615;120;2;13;2;3;199,9;599,7;0,0;599,7;375,0;224,7;2026-09-30 11:28:38.427428
447;459;20250325;147;14;15;4;5;27,9;139,5;20,92;118,58;55,0;63,58;2026-09-30 11:28:38.427428
448;460;20250129;123;7;11;2;2;69,9;139,8;0,0;139,8;76,0;63,8;2026-09-30 11:28:38.427428
449;461;20251208;134;4;15;1;4;59,9;239,6;35,94;203,66;128,0;75,66;2026-09-30 11:28:38.427428
450;462;20251117;178;19;11;4;1;27,9;27,9;0,0;27,9;13,0;14,9;2026-09-30 11:28:38.427428
451;463;20260225;60;18;7;4;1;14,9;14,9;2,24;12,66;6,0;6,66;2026-09-30 11:28:38.427428
452;464;20250127;117;20;15;1;5;22,9;114,5;5,72;108,78;52,5;56,28;2026-09-30 11:28:38.427428
453;465;20251230;108;27;7;1;2;64,9;129,8;0,0;129,8;56,0;73,8;2026-09-30 11:28:38.427428
454;466;20260821;139;19;15;2;4;27,9;111,6;16,74;94,86;52,0;42,86;2026-09-30 11:28:38.427428
455;467;20260727;14;17;15;2;5;9,9;49,5;0,0;49,5;22,5;27,0;2026-09-30 11:28:38.427428
456;468;20251206;149;22;1;2;4;11,9;47,6;2,38;45,22;22,0;23,22;2026-09-30 11:28:38.427428
457;469;20250824;120;26;16;1;1;79,9;79,9;4,0;75,9;32,0;43,9;2026-09-30 11:28:38.427428
458;470;20250111;19;13;14;4;2;35,9;71,8;0,0;71,8;32,0;39,8;2026-09-30 11:28:38.427428
459;471;20250628;57;30;7;2;3;29,9;89,7;0,0;89,7;27,0;62,7;2026-09-30 11:28:38.427428
460;472;20250424;87;30;15;1;1;29,9;29,9;0,0;29,9;9,0;20,9;2026-09-30 11:28:38.427428
461;473;20250528;34;26;16;2;5;79,9;399,5;59,92;339,58;160,0;179,58;2026-09-30 11:28:38.427428
462;474;20260703;76;21;15;2;2;6,9;13,8;2,07;11,73;5,6;6,13;2026-09-30 11:28:38.427428
463;475;20250308;43;19;15;4;4;27,9;111,6;5,58;106,02;52,0;54,02;2026-09-30 11:28:38.427428
464;476;20260522;122;6;7;4;3;6,5;19,5;0,0;19,5;9,6;9,9;2026-09-30 11:28:38.427428
465;477;20260312;97;29;15;2;2;14,9;29,8;1,49;28,31;8,0;20,31;2026-09-30 11:28:38.427428
466;478;20260609;160;10;7;1;4;24,9;99,6;0,0;99,6;38,0;61,6;2026-09-30 11:28:38.427428
467;479;20260103;22;13;11;1;1;35,9;35,9;0,0;35,9;16,0;19,9;2026-09-30 11:28:38.427428
468;480;20250721;173;4;15;1;1;59,9;59,9;0,0;59,9;32,0;27,9;2026-09-30 11:28:38.427428
469;481;20250925;3;20;15;4;2;22,9;45,8;6,87;38,93;21,0;17,93;2026-09-30 11:28:38.427428
470;483;20260304;54;26;7;4;1;79,9;79,9;0,0;79,9;32,0;47,9;2026-09-30 11:28:38.427428
471;484;20260218;196;16;7;4;6;19,9;119,4;17,91;101,49;54,0;47,49;2026-09-30 11:28:38.427428
472;485;20260811;101;5;15;2;3;99,9;299,7;0,0;299,7;165,0;134,7;2026-09-30 11:28:38.427428
473;486;20260721;46;15;11;2;6;34,9;209,4;0,0;209,4;102,0;107,4;2026-09-30 11:28:38.427428
474;487;20250228;95;10;15;4;2;24,9;49,8;2,49;47,31;19,0;28,31;2026-09-30 11:28:38.427428
475;488;20250731;34;5;15;4;5;99,9;499,5;74,92;424,58;275,0;149,58;2026-09-30 11:28:38.427428
476;489;20250726;2;10;7;2;5;24,9;124,5;0,0;124,5;47,5;77,0;2026-09-30 11:28:38.427428
477;490;20251022;166;19;15;4;4;27,9;111,6;0,0;111,6;52,0;59,6;2026-09-30 11:28:38.427428
478;491;20260319;118;28;3;4;2;89,9;179,8;0,0;179,8;70,0;109,8;2026-09-30 11:28:38.427428
479;492;20250310;179;8;7;3;2;54,9;109,8;10,98;98,82;58,0;40,82;2026-09-30 11:28:38.427428
480;493;20260224;116;12;15;2;1;38,5;38,5;0,0;38,5;18,5;20,0;2026-09-30 11:28:38.427428
481;494;20260211;10;24;15;4;4;13,9;55,6;0,0;55,6;24,8;30,8;2026-09-30 11:28:38.427428
482;495;20251013;42;22;11;2;2;11,9;23,8;0,0;23,8;11,0;12,8;2026-09-30 11:28:38.427428
483;496;20260328;92;6;15;1;1;6,5;6,5;0,0;6,5;3,2;3,3;2026-09-30 11:28:38.427428
484;497;20260204;177;26;7;1;5;79,9;399,5;0,0;399,5;160,0;239,5;2026-09-30 11:28:38.427428
485;498;20250115;87;12;14;2;2;38,5;77,0;11,55;65,45;37,0;28,45;2026-09-30 11:28:38.427428
486;499;20250421;84;26;7;4;6;79,9;479,4;0,0;479,4;192,0;287,4;2026-09-30 11:28:38.427428
487;500;20260216;168;4;15;1;2;59,9;119,8;0,0;119,8;64,0;55,8;2026-09-30 11:28:38.427428
488;501;20260527;27;20;8;2;3;22,9;68,7;6,87;61,83;31,5;30,33;2026-09-30 11:28:38.427428
489;502;20250517;86;20;7;3;3;22,9;68,7;0,0;68,7;31,5;37,2;2026-09-30 11:28:38.427428
490;503;20250827;129;11;7;3;1;45,0;45,0;2,25;42,75;21,0;21,75;2026-09-30 11:28:38.427428
491;504;20260119;128;24;15;2;4;13,9;55,6;0,0;55,6;24,8;30,8;2026-09-30 11:28:38.427428
492;505;20250210;134;15;3;2;6;34,9;209,4;31,41;177,99;102,0;75,99;2026-09-30 11:28:38.427428
493;506;20250912;176;11;7;2;3;45,0;135,0;13,5;121,5;63,0;58,5;2026-09-30 11:28:38.427428
494;507;20250525;53;1;15;3;1;129,9;129,9;0,0;129,9;78,0;51,9;2026-09-30 11:28:38.427428
495;508;20250908;109;3;7;3;4;79,9;319,6;0,0;319,6;180,0;139,6;2026-09-30 11:28:38.427428
496;509;20250621;121;28;5;2;4;89,9;359,6;0,0;359,6;140,0;219,6;2026-09-30 11:28:38.427428
497;510;20251104;153;16;15;4;1;19,9;19,9;1,0;18,9;9,0;9,9;2026-09-30 11:28:38.427428
498;511;20260426;51;13;3;4;5;35,9;179,5;0,0;179,5;80,0;99,5;2026-09-30 11:28:38.427428
499;512;20260826;19;14;11;2;4;27,9;111,6;0,0;111,6;44,0;67,6;2026-09-30 11:28:38.427428
500;513;20260113;179;9;7;2;6;32,0;192,0;0,0;192,0;84,0;108,0;2026-09-30 11:28:38.427428
501;514;20250925;155;21;3;3;6;6,9;41,4;0,0;41,4;16,8;24,6;2026-09-30 11:28:38.427428
502;515;20260212;181;1;3;2;1;129,9;129,9;6,5;123,4;78,0;45,4;2026-09-30 11:28:38.427428
503;516;20260824;79;23;7;2;3;12,9;38,7;3,87;34,83;15,0;19,83;2026-09-30 11:28:38.427428
504;517;20260212;179;25;15;2;3;24,9;74,7;0,0;74,7;24,0;50,7;2026-09-30 11:28:38.427428
505;518;20250630;96;14;7;3;5;27,9;139,5;0,0;139,5;55,0;84,5;2026-09-30 11:28:38.427428
506;519;20250716;67;27;7;3;2;64,9;129,8;19,47;110,33;56,0;54,33;2026-09-30 11:28:38.427428
507;520;20260823;61;10;7;1;1;24,9;24,9;0,0;24,9;9,5;15,4;2026-09-30 11:28:38.427428
508;521;20260617;195;26;2;2;1;79,9;79,9;0,0;79,9;32,0;47,9;2026-09-30 11:28:38.427428
509;522;20260105;171;12;13;1;6;38,5;231,0;0,0;231,0;111,0;120,0;2026-09-30 11:28:38.427428
510;523;20250912;95;24;7;4;2;13,9;27,8;0,0;27,8;12,4;15,4;2026-09-30 11:28:38.427428
511;524;20251130;174;21;15;1;3;6,9;20,7;0,0;20,7;8,4;12,3;2026-09-30 11:28:38.427428
512;525;20260130;76;30;16;1;4;29,9;119,6;5,98;113,62;36,0;77,62;2026-09-30 11:28:38.427428
513;526;20260716;120;2;11;4;2;199,9;399,8;0,0;399,8;250,0;149,8;2026-09-30 11:28:38.427428
514;527;20250130;42;6;3;2;6;6,5;39,0;0,0;39,0;19,2;19,8;2026-09-30 11:28:38.427428
515;528;20260519;24;29;7;1;6;14,9;89,4;13,41;75,99;24,0;51,99;2026-09-30 11:28:38.427428
516;529;20260126;168;21;11;2;3;6,9;20,7;2,07;18,63;8,4;10,23;2026-09-30 11:28:38.427428
517;530;20250712;191;10;7;4;1;24,9;24,9;0,0;24,9;9,5;15,4;2026-09-30 11:28:38.427428
518;531;20260109;174;19;15;2;5;27,9;139,5;20,92;118,58;65,0;53,58;2026-09-30 11:28:38.427428
519;532;20260412;38;11;15;1;2;45,0;90,0;4,5;85,5;42,0;43,5;2026-09-30 11:28:38.427428
520;533;20260811;123;10;11;4;5;24,9;124,5;12,45;112,05;47,5;64,55;2026-09-30 11:28:38.427428
521;534;20250819;180;11;15;4;2;45,0;90,0;9,0;81,0;42,0;39,0;2026-09-30 11:28:38.427428
522;535;20260206;87;27;6;1;6;64,9;389,4;0,0;389,4;168,0;221,4;2026-09-30 11:28:38.427428
523;536;20260716;101;17;15;1;6;9,9;59,4;0,0;59,4;27,0;32,4;2026-09-30 11:28:38.427428
524;537;20260510;75;23;15;1;3;12,9;38,7;0,0;38,7;15,0;23,7;2026-09-30 11:28:38.427428
525;538;20260121;110;28;11;2;5;89,9;449,5;44,95;404,55;175,0;229,55;2026-09-30 11:28:38.427428
526;539;20260218;63;21;13;4;3;6,9;20,7;0,0;20,7;8,4;12,3;2026-09-30 11:28:38.427428
527;540;20250402;200;24;9;1;4;13,9;55,6;0,0;55,6;24,8;30,8;2026-09-30 11:28:38.427428
528;541;20260606;58;4;7;1;1;59,9;59,9;0,0;59,9;32,0;27,9;2026-09-30 11:28:38.427428
529;542;20260809;33;6;15;4;4;6,5;26,0;0,0;26,0;12,8;13,2;2026-09-30 11:28:38.427428
530;543;20260627;126;23;7;1;1;12,9;12,9;0,0;12,9;5,0;7,9;2026-09-30 11:28:38.427428
531;544;20260723;115;22;15;2;1;11,9;11,9;1,78;10,12;5,5;4,62;2026-09-30 11:28:38.427428
532;545;20260712;44;28;3;2;1;89,9;89,9;0,0;89,9;35,0;54,9;2026-09-30 11:28:38.427428
533;546;20251117;134;29;7;1;3;14,9;44,7;0,0;44,7;12,0;32,7;2026-09-30 11:28:38.427428
534;547;20260720;56;7;15;4;2;69,9;139,8;6,99;132,81;76,0;56,81;2026-09-30 11:28:38.427428
535;548;20260312;178;21;7;1;2;6,9;13,8;0,0;13,8;5,6;8,2;2026-09-30 11:28:38.427428
536;549;20260306;40;12;3;2;5;38,5;192,5;0,0;192,5;92,5;100,0;2026-09-30 11:28:38.427428
537;550;20250402;93;18;11;2;1;14,9;14,9;0,0;14,9;6,0;8,9;2026-09-30 11:28:38.427428
538;551;20260624;187;8;7;1;4;54,9;219,6;0,0;219,6;116,0;103,6;2026-09-30 11:28:38.427428
539;552;20260203;47;18;12;4;3;14,9;44,7;0,0;44,7;18,0;26,7;2026-09-30 11:28:38.427428
540;553;20250609;169;13;15;3;4;35,9;143,6;0,0;143,6;64,0;79,6;2026-09-30 11:28:38.427428
541;554;20260414;47;12;3;2;6;38,5;231,0;0,0;231,0;111,0;120,0;2026-09-30 11:28:38.427428
542;555;20260221;198;23;12;3;2;12,9;25,8;0,0;25,8;10,0;15,8;2026-09-30 11:28:38.427428
543;556;20250111;109;2;7;4;1;199,9;199,9;19,99;179,91;125,0;54,91;2026-09-30 11:28:38.427428
544;557;20250108;183;29;7;1;5;14,9;74,5;0,0;74,5;20,0;54,5;2026-09-30 11:28:38.427428
545;558;20250622;173;27;7;4;5;64,9;324,5;48,68;275,82;140,0;135,82;2026-09-30 11:28:38.427428
546;559;20250913;139;14;11;2;4;27,9;111,6;16,74;94,86;44,0;50,86;2026-09-30 11:28:38.427428
547;560;20260612;10;13;12;4;2;35,9;71,8;0,0;71,8;32,0;39,8;2026-09-30 11:28:38.427428
548;562;20260119;77;1;7;2;2;129,9;259,8;0,0;259,8;156,0;103,8;2026-09-30 11:28:38.427428
549;563;20260103;182;27;15;1;4;64,9;259,6;0,0;259,6;112,0;147,6;2026-09-30 11:28:38.427428
550;564;20250930;31;6;7;2;6;6,5;39,0;0,0;39,0;19,2;19,8;2026-09-30 11:28:38.427428
551;565;20260203;34;25;4;4;4;24,9;99,6;0,0;99,6;32,0;67,6;2026-09-30 11:28:38.427428
552;566;20250109;112;8;15;2;1;54,9;54,9;0,0;54,9;29,0;25,9;2026-09-30 11:28:38.427428
553;567;20250911;171;17;7;2;2;9,9;19,8;2,97;16,83;9,0;7,83;2026-09-30 11:28:38.427428
554;568;20250602;59;20;16;4;2;22,9;45,8;0,0;45,8;21,0;24,8;2026-09-30 11:28:38.427428
555;569;20250825;57;3;7;2;1;79,9;79,9;0,0;79,9;45,0;34,9;2026-09-30 11:28:38.427428
556;570;20250706;11;9;15;4;3;32,0;96,0;0,0;96,0;42,0;54,0;2026-09-30 11:28:38.427428
557;571;20251108;29;4;5;2;4;59,9;239,6;0,0;239,6;128,0;111,6;2026-09-30 11:28:38.427428
558;572;20250901;167;26;15;2;3;79,9;239,7;0,0;239,7;96,0;143,7;2026-09-30 11:28:38.427428
559;573;20250715;50;4;8;2;1;59,9;59,9;5,99;53,91;32,0;21,91;2026-09-30 11:28:38.427428
560;574;20260305;141;25;15;3;2;24,9;49,8;4,98;44,82;16,0;28,82;2026-09-30 11:28:38.427428
561;575;20250311;124;29;7;2;3;14,9;44,7;0,0;44,7;12,0;32,7;2026-09-30 11:28:38.427428
562;576;20250714;190;5;15;3;3;99,9;299,7;44,96;254,74;165,0;89,74;2026-09-30 11:28:38.427428
563;577;20251006;53;25;15;2;5;24,9;124,5;0,0;124,5;40,0;84,5;2026-09-30 11:28:38.427428
564;578;20250814;76;17;15;2;4;9,9;39,6;3,96;35,64;18,0;17,64;2026-09-30 11:28:38.427428
565;579;20250912;54;29;15;3;3;14,9;44,7;2,24;42,46;12,0;30,46;2026-09-30 11:28:38.427428
566;580;20251029;84;23;7;3;5;12,9;64,5;0,0;64,5;25,0;39,5;2026-09-30 11:28:38.427428
567;581;20260821;28;1;8;3;5;129,9;649,5;64,95;584,55;390,0;194,55;2026-09-30 11:28:38.427428
568;582;20260819;162;18;11;1;2;14,9;29,8;4,47;25,33;12,0;13,33;2026-09-30 11:28:38.427428
569;583;20250630;49;5;7;2;4;99,9;399,6;19,98;379,62;220,0;159,62;2026-09-30 11:28:38.427428
570;584;20260313;63;6;3;2;4;6,5;26,0;0,0;26,0;12,8;13,2;2026-09-30 11:28:38.427428
571;585;20250114;196;1;7;2;5;129,9;649,5;97,42;552,08;390,0;162,08;2026-09-30 11:28:38.427428
572;586;20260710;189;20;15;4;1;22,9;22,9;3,44;19,46;10,5;8,96;2026-09-30 11:28:38.427428
573;587;20260711;178;15;7;2;2;34,9;69,8;0,0;69,8;34,0;35,8;2026-09-30 11:28:38.427428
574;589;20251016;92;29;5;4;1;14,9;14,9;0,0;14,9;4,0;10,9;2026-09-30 11:28:38.427428
575;590;20251105;160;17;15;4;3;9,9;29,7;4,46;25,24;13,5;11,74;2026-09-30 11:28:38.427428
576;591;20250602;200;9;15;1;6;32,0;192,0;19,2;172,8;84,0;88,8;2026-09-30 11:28:38.427428
577;592;20250403;83;3;13;4;1;79,9;79,9;0,0;79,9;45,0;34,9;2026-09-30 11:28:38.427428
578;593;20250909;99;14;7;4;5;27,9;139,5;0,0;139,5;55,0;84,5;2026-09-30 11:28:38.427428
579;594;20250813;180;3;15;4;5;79,9;399,5;0,0;399,5;225,0;174,5;2026-09-30 11:28:38.427428
580;595;20250523;76;2;15;3;3;199,9;599,7;0,0;599,7;375,0;224,7;2026-09-30 11:28:38.427428
581;596;20250527;97;27;15;1;2;64,9;129,8;12,98;116,82;56,0;60,82;2026-09-30 11:28:38.427428
582;597;20260110;37;3;16;4;4;79,9;319,6;0,0;319,6;180,0;139,6;2026-09-30 11:28:38.427428
583;598;20250114;74;23;15;4;3;12,9;38,7;0,0;38,7;15,0;23,7;2026-09-30 11:28:38.427428
584;599;20260529;79;22;15;2;4;11,9;47,6;4,76;42,84;22,0;20,84;2026-09-30 11:28:38.427428
585;600;20250708;191;5;7;1;6;99,9;599,4;29,97;569,43;330,0;239,43;2026-09-30 11:28:38.427428
586;601;20251004;28;13;15;2;2;35,9;71,8;0,0;71,8;32,0;39,8;2026-09-30 11:28:38.427428
587;602;20251113;49;18;15;2;1;14,9;14,9;0,74;14,16;6,0;8,16;2026-09-30 11:28:38.427428
588;603;20250406;80;2;3;4;5;199,9;999,5;0,0;999,5;625,0;374,5;2026-09-30 11:28:38.427428
589;604;20251206;105;13;7;2;6;35,9;215,4;21,54;193,86;96,0;97,86;2026-09-30 11:28:38.427428
590;605;20260420;21;16;15;1;5;19,9;99,5;9,95;89,55;45,0;44,55;2026-09-30 11:28:38.427428
591;606;20260620;197;25;5;3;6;24,9;149,4;0,0;149,4;48,0;101,4;2026-09-30 11:28:38.427428
592;607;20250318;40;29;7;2;6;14,9;89,4;4,47;84,93;24,0;60,93;2026-09-30 11:28:38.427428
593;608;20251030;42;18;15;1;1;14,9;14,9;0,0;14,9;6,0;8,9;2026-09-30 11:28:38.427428
594;609;20250507;146;16;15;3;3;19,9;59,7;0,0;59,7;27,0;32,7;2026-09-30 11:28:38.427428
595;610;20260118;22;5;7;3;4;99,9;399,6;39,96;359,64;220,0;139,64;2026-09-30 11:28:38.427428
596;611;20250418;75;24;15;3;2;13,9;27,8;0,0;27,8;12,4;15,4;2026-09-30 11:28:38.427428
597;612;20250422;22;12;7;1;4;38,5;154,0;0,0;154,0;74,0;80,0;2026-09-30 11:28:38.427428
598;613;20260503;30;11;5;2;1;45,0;45,0;0,0;45,0;21,0;24,0;2026-09-30 11:28:38.427428
599;614;20260106;111;19;15;2;1;27,9;27,9;0,0;27,9;13,0;14,9;2026-09-30 11:28:38.427428
600;615;20260408;108;3;15;2;2;79,9;159,8;7,99;151,81;90,0;61,81;2026-09-30 11:28:38.427428
601;616;20260306;124;14;7;4;3;27,9;83,7;0,0;83,7;33,0;50,7;2026-09-30 11:28:38.427428
602;617;20250723;20;19;7;3;4;27,9;111,6;11,16;100,44;52,0;48,44;2026-09-30 11:28:38.427428
603;618;20250601;128;24;15;2;6;13,9;83,4;12,51;70,89;37,2;33,69;2026-09-30 11:28:38.427428
604;619;20250207;56;15;3;2;2;34,9;69,8;6,98;62,82;34,0;28,82;2026-09-30 11:28:38.427428
605;620;20250115;95;12;13;1;2;38,5;77,0;11,55;65,45;37,0;28,45;2026-09-30 11:28:38.427428
606;621;20260313;134;21;15;4;4;6,9;27,6;4,14;23,46;11,2;12,26;2026-09-30 11:28:38.427428
607;622;20260324;163;6;7;2;5;6,5;32,5;0,0;32,5;16,0;16,5;2026-09-30 11:28:38.427428
608;623;20260712;26;3;5;3;6;79,9;479,4;47,94;431,46;270,0;161,46;2026-09-30 11:28:38.427428
609;624;20250508;90;25;3;1;4;24,9;99,6;14,94;84,66;32,0;52,66;2026-09-30 11:28:38.427428
610;625;20250928;79;1;3;2;3;129,9;389,7;58,46;331,24;234,0;97,24;2026-09-30 11:28:38.427428
611;626;20260616;190;2;15;4;1;199,9;199,9;9,99;189,91;125,0;64,91;2026-09-30 11:28:38.427428
612;627;20260815;110;13;3;4;2;35,9;71,8;0,0;71,8;32,0;39,8;2026-09-30 11:28:38.427428
613;628;20250502;162;6;11;2;4;6,5;26,0;1,3;24,7;12,8;11,9;2026-09-30 11:28:38.427428
614;629;20260831;40;11;6;3;2;45,0;90,0;0,0;90,0;42,0;48,0;2026-09-30 11:28:38.427428
615;630;20260102;48;1;5;1;6;129,9;779,4;0,0;779,4;468,0;311,4;2026-09-30 11:28:38.427428
616;631;20250528;161;26;7;3;4;79,9;319,6;0,0;319,6;128,0;191,6;2026-09-30 11:28:38.427428
617;632;20260106;54;10;15;4;3;24,9;74,7;0,0;74,7;28,5;46,2;2026-09-30 11:28:38.427428
618;633;20260407;42;7;16;4;6;69,9;419,4;0,0;419,4;228,0;191,4;2026-09-30 11:28:38.427428
619;634;20260714;2;4;7;2;3;59,9;179,7;0,0;179,7;96,0;83,7;2026-09-30 11:28:38.427428
620;635;20250131;84;25;15;2;2;24,9;49,8;0,0;49,8;16,0;33,8;2026-09-30 11:28:38.427428
621;636;20260523;112;3;3;2;3;79,9;239,7;11,98;227,72;135,0;92,72;2026-09-30 11:28:38.427428
622;637;20260825;80;23;11;3;3;12,9;38,7;0,0;38,7;15,0;23,7;2026-09-30 11:28:38.427428
623;638;20260316;52;24;15;4;3;13,9;41,7;2,08;39,62;18,6;21,02;2026-09-30 11:28:38.427428
624;639;20260628;91;17;15;1;3;9,9;29,7;0,0;29,7;13,5;16,2;2026-09-30 11:28:38.427428
625;640;20250506;3;3;7;4;2;79,9;159,8;0,0;159,8;90,0;69,8;2026-09-30 11:28:38.427428
626;641;20250811;27;8;15;3;5;54,9;274,5;13,72;260,78;145,0;115,78;2026-09-30 11:28:38.427428
627;642;20260521;128;22;3;4;4;11,9;47,6;0,0;47,6;22,0;25,6;2026-09-30 11:28:38.427428
628;643;20260813;2;8;15;3;5;54,9;274,5;0,0;274,5;145,0;129,5;2026-09-30 11:28:38.427428
629;644;20260302;186;2;15;4;3;199,9;599,7;0,0;599,7;375,0;224,7;2026-09-30 11:28:38.427428
630;645;20250505;96;20;15;2;1;22,9;22,9;1,14;21,76;10,5;11,26;2026-09-30 11:28:38.427428
631;646;20260113;138;28;3;1;6;89,9;539,4;0,0;539,4;210,0;329,4;2026-09-30 11:28:38.427428
632;647;20251004;179;3;3;3;3;79,9;239,7;0,0;239,7;135,0;104,7;2026-09-30 11:28:38.427428
633;648;20250904;148;29;7;1;4;14,9;59,6;0,0;59,6;16,0;43,6;2026-09-30 11:28:38.427428
634;649;20250906;169;9;7;2;3;32,0;96,0;9,6;86,4;42,0;44,4;2026-09-30 11:28:38.427428
635;650;20260828;195;15;7;1;4;34,9;139,6;6,98;132,62;68,0;64,62;2026-09-30 11:28:38.427428
636;651;20260130;116;28;7;2;5;89,9;449,5;67,42;382,08;175,0;207,08;2026-09-30 11:28:38.427428
637;652;20260418;28;22;15;2;3;11,9;35,7;3,57;32,13;16,5;15,63;2026-09-30 11:28:38.427428
638;653;20260318;55;15;16;4;3;34,9;104,7;0,0;104,7;51,0;53,7;2026-09-30 11:28:38.427428
639;654;20250713;104;2;8;4;6;199,9;1199,4;0,0;1199,4;750,0;449,4;2026-09-30 11:28:38.427428
640;655;20250206;148;21;15;3;2;6,9;13,8;0,0;13,8;5,6;8,2;2026-09-30 11:28:38.427428
641;656;20251002;127;13;15;1;4;35,9;143,6;0,0;143,6;64,0;79,6;2026-09-30 11:28:38.427428
642;657;20251109;177;1;16;2;1;129,9;129,9;0,0;129,9;78,0;51,9;2026-09-30 11:28:38.427428
643;658;20250928;20;1;7;3;6;129,9;779,4;0,0;779,4;468,0;311,4;2026-09-30 11:28:38.427428
644;659;20251025;59;16;6;1;2;19,9;39,8;1,99;37,81;18,0;19,81;2026-09-30 11:28:38.427428
645;660;20260514;65;15;5;2;4;34,9;139,6;0,0;139,6;68,0;71,6;2026-09-30 11:28:38.427428
646;661;20250122;38;22;11;2;5;11,9;59,5;0,0;59,5;27,5;32,0;2026-09-30 11:28:38.427428
647;662;20260122;164;23;3;3;4;12,9;51,6;0,0;51,6;20,0;31,6;2026-09-30 11:28:38.427428
648;663;20251206;101;29;8;2;5;14,9;74,5;3,72;70,78;20,0;50,78;2026-09-30 11:28:38.427428
649;664;20251222;74;11;3;4;5;45,0;225,0;0,0;225,0;105,0;120,0;2026-09-30 11:28:38.427428
650;665;20250308;76;10;7;2;5;24,9;124,5;0,0;124,5;47,5;77,0;2026-09-30 11:28:38.427428
651;666;20250522;90;1;11;4;4;129,9;519,6;0,0;519,6;312,0;207,6;2026-09-30 11:28:38.427428
652;667;20250324;75;23;15;1;3;12,9;38,7;0,0;38,7;15,0;23,7;2026-09-30 11:28:38.427428
653;668;20250627;145;13;8;1;1;35,9;35,9;0,0;35,9;16,0;19,9;2026-09-30 11:28:38.427428
654;669;20260804;161;5;7;4;4;99,9;399,6;0,0;399,6;220,0;179,6;2026-09-30 11:28:38.427428
655;670;20251229;110;23;7;2;3;12,9;38,7;0,0;38,7;15,0;23,7;2026-09-30 11:28:38.427428
656;671;20260609;96;3;7;2;2;79,9;159,8;0,0;159,8;90,0;69,8;2026-09-30 11:28:38.427428
657;672;20260615;118;5;15;2;4;99,9;399,6;59,94;339,66;220,0;119,66;2026-09-30 11:28:38.427428
658;673;20260608;190;16;15;2;6;19,9;119,4;11,94;107,46;54,0;53,46;2026-09-30 11:28:38.427428
659;674;20250107;125;21;7;3;2;6,9;13,8;0,69;13,11;5,6;7,51;2026-09-30 11:28:38.427428
660;675;20260205;15;8;15;2;2;54,9;109,8;0,0;109,8;58,0;51,8;2026-09-30 11:28:38.427428
661;676;20260319;38;9;16;1;5;32,0;160,0;16,0;144,0;70,0;74,0;2026-09-30 11:28:38.427428
662;677;20260520;95;16;15;4;4;19,9;79,6;7,96;71,64;36,0;35,64;2026-09-30 11:28:38.427428
663;678;20260818;78;5;7;2;1;99,9;99,9;0,0;99,9;55,0;44,9;2026-09-30 11:28:38.427428
664;679;20250612;92;5;10;2;4;99,9;399,6;19,98;379,62;220,0;159,62;2026-09-30 11:28:38.427428
665;680;20260731;87;13;7;1;5;35,9;179,5;0,0;179,5;80,0;99,5;2026-09-30 11:28:38.427428
666;681;20260429;156;13;15;1;1;35,9;35,9;3,59;32,31;16,0;16,31;2026-09-30 11:28:38.427428
667;682;20260218;18;23;15;1;3;12,9;38,7;0,0;38,7;15,0;23,7;2026-09-30 11:28:38.427428
668;683;20250831;27;22;7;3;4;11,9;47,6;0,0;47,6;22,0;25,6;2026-09-30 11:28:38.427428
669;684;20250131;45;4;15;4;1;59,9;59,9;0,0;59,9;32,0;27,9;2026-09-30 11:28:38.427428
670;685;20260321;136;16;11;1;4;19,9;79,6;11,94;67,66;36,0;31,66;2026-09-30 11:28:38.427428
671;686;20260714;19;26;15;4;2;79,9;159,8;0,0;159,8;64,0;95,8;2026-09-30 11:28:38.427428
672;687;20260727;36;27;15;2;2;64,9;129,8;19,47;110,33;56,0;54,33;2026-09-30 11:28:38.427428
673;688;20251205;6;10;11;4;1;24,9;24,9;0,0;24,9;9,5;15,4;2026-09-30 11:28:38.427428
674;689;20260615;157;28;15;3;2;89,9;179,8;8,99;170,81;70,0;100,81;2026-09-30 11:28:38.427428
675;690;20250725;86;30;15;2;3;29,9;89,7;13,46;76,24;27,0;49,24;2026-09-30 11:28:38.427428
676;691;20250206;89;30;3;2;1;29,9;29,9;0,0;29,9;9,0;20,9;2026-09-30 11:28:38.427428
677;692;20250819;167;5;7;3;3;99,9;299,7;0,0;299,7;165,0;134,7;2026-09-30 11:28:38.427428
678;693;20250119;142;1;16;4;2;129,9;259,8;0,0;259,8;156,0;103,8;2026-09-30 11:28:38.427428
679;694;20260112;91;5;16;2;1;99,9;99,9;0,0;99,9;55,0;44,9;2026-09-30 11:28:38.427428
680;695;20250913;15;24;14;2;5;13,9;69,5;0,0;69,5;31,0;38,5;2026-09-30 11:28:38.427428
681;696;20260212;123;20;13;2;6;22,9;137,4;13,74;123,66;63,0;60,66;2026-09-30 11:28:38.427428
682;697;20251106;94;27;8;3;3;64,9;194,7;29,2;165,5;84,0;81,5;2026-09-30 11:28:38.427428
683;698;20260513;72;18;15;1;5;14,9;74,5;0,0;74,5;30,0;44,5;2026-09-30 11:28:38.427428
684;699;20260327;167;12;7;2;6;38,5;231,0;34,65;196,35;111,0;85,35;2026-09-30 11:28:38.427428
685;700;20250120;98;10;8;1;1;24,9;24,9;0,0;24,9;9,5;15,4;2026-09-30 11:28:38.427428
686;701;20251211;68;22;11;4;3;11,9;35,7;5,36;30,34;16,5;13,84;2026-09-30 11:28:38.427428
687;702;20251022;137;24;7;2;6;13,9;83,4;0,0;83,4;37,2;46,2;2026-09-30 11:28:38.427428
688;703;20251015;175;15;15;2;6;34,9;209,4;0,0;209,4;102,0;107,4;2026-09-30 11:28:38.427428
689;704;20250113;32;20;7;2;3;22,9;68,7;0,0;68,7;31,5;37,2;2026-09-30 11:28:38.427428
690;705;20260724;56;15;13;4;1;34,9;34,9;0,0;34,9;17,0;17,9;2026-09-30 11:28:38.427428
691;706;20260522;33;3;7;2;4;79,9;319,6;0,0;319,6;180,0;139,6;2026-09-30 11:28:38.427428
692;707;20260721;184;6;15;2;6;6,5;39,0;0,0;39,0;19,2;19,8;2026-09-30 11:28:38.427428
693;708;20250422;20;28;7;2;3;89,9;269,7;13,48;256,22;105,0;151,22;2026-09-30 11:28:38.427428
694;709;20250527;7;27;7;3;6;64,9;389,4;0,0;389,4;168,0;221,4;2026-09-30 11:28:38.427428
695;710;20250603;152;10;15;1;5;24,9;124,5;0,0;124,5;47,5;77,0;2026-09-30 11:28:38.427428
696;711;20260820;9;26;5;2;5;79,9;399,5;39,95;359,55;160,0;199,55;2026-09-30 11:28:38.427428
697;712;20260706;188;19;11;1;5;27,9;139,5;0,0;139,5;65,0;74,5;2026-09-30 11:28:38.427428
698;713;20251203;63;11;11;1;3;45,0;135,0;20,25;114,75;63,0;51,75;2026-09-30 11:28:38.427428
699;714;20260728;130;15;3;4;6;34,9;209,4;0,0;209,4;102,0;107,4;2026-09-30 11:28:38.427428
700;715;20260822;171;19;7;2;2;27,9;55,8;0,0;55,8;26,0;29,8;2026-09-30 11:28:38.427428
701;716;20250704;117;17;15;1;2;9,9;19,8;0,0;19,8;9,0;10,8;2026-09-30 11:28:38.427428
702;717;20250620;19;4;6;4;2;59,9;119,8;0,0;119,8;64,0;55,8;2026-09-30 11:28:38.427428
703;718;20251211;87;5;7;3;4;99,9;399,6;19,98;379,62;220,0;159,62;2026-09-30 11:28:38.427428
704;719;20250518;188;21;7;4;4;6,9;27,6;0,0;27,6;11,2;16,4;2026-09-30 11:28:38.427428
705;720;20251125;113;1;7;2;5;129,9;649,5;0,0;649,5;390,0;259,5;2026-09-30 11:28:38.427428
706;721;20260313;74;11;16;2;1;45,0;45,0;0,0;45,0;21,0;24,0;2026-09-30 11:28:38.427428
707;722;20251118;26;29;15;2;6;14,9;89,4;0,0;89,4;24,0;65,4;2026-09-30 11:28:38.427428
708;723;20251013;37;30;15;2;3;29,9;89,7;0,0;89,7;27,0;62,7;2026-09-30 11:28:38.427428
709;724;20250127;95;29;15;4;5;14,9;74,5;0,0;74,5;20,0;54,5;2026-09-30 11:28:38.427428
710;725;20260319;127;10;16;2;1;24,9;24,9;0,0;24,9;9,5;15,4;2026-09-30 11:28:38.427428
711;726;20260604;86;3;7;2;6;79,9;479,4;0,0;479,4;270,0;209,4;2026-09-30 11:28:38.427428
712;727;20251122;49;29;5;3;1;14,9;14,9;2,24;12,66;4,0;8,66;2026-09-30 11:28:38.427428
713;728;20250720;68;8;16;2;2;54,9;109,8;0,0;109,8;58,0;51,8;2026-09-30 11:28:38.427428
714;729;20250104;112;29;8;2;1;14,9;14,9;0,0;14,9;4,0;10,9;2026-09-30 11:28:38.427428
715;730;20260628;169;20;11;1;4;22,9;91,6;0,0;91,6;42,0;49,6;2026-09-30 11:28:38.427428
716;731;20250813;29;21;11;2;4;6,9;27,6;4,14;23,46;11,2;12,26;2026-09-30 11:28:38.427428
717;732;20260212;181;6;11;4;4;6,5;26,0;0,0;26,0;12,8;13,2;2026-09-30 11:28:38.427428
718;733;20260223;16;8;11;4;1;54,9;54,9;2,74;52,16;29,0;23,16;2026-09-30 11:28:38.427428
719;734;20251214;163;13;15;3;3;35,9;107,7;16,16;91,54;48,0;43,54;2026-09-30 11:28:38.427428
720;735;20250513;155;25;13;2;6;24,9;149,4;7,47;141,93;48,0;93,93;2026-09-30 11:28:38.427428
721;736;20260616;54;30;7;4;3;29,9;89,7;0,0;89,7;27,0;62,7;2026-09-30 11:28:38.427428
722;737;20250912;4;10;11;4;2;24,9;49,8;0,0;49,8;19,0;30,8;2026-09-30 11:28:38.427428
723;738;20250911;9;2;7;4;2;199,9;399,8;0,0;399,8;250,0;149,8;2026-09-30 11:28:38.427428
724;739;20260302;6;29;7;2;3;14,9;44,7;0,0;44,7;12,0;32,7;2026-09-30 11:28:38.427428
725;740;20260312;132;13;16;2;2;35,9;71,8;7,18;64,62;32,0;32,62;2026-09-30 11:28:38.427428
726;741;20260729;72;16;15;4;4;19,9;79,6;0,0;79,6;36,0;43,6;2026-09-30 11:28:38.427428
727;742;20260409;58;24;3;4;4;13,9;55,6;2,78;52,82;24,8;28,02;2026-09-30 11:28:38.427428
728;743;20250408;144;21;15;2;3;6,9;20,7;0,0;20,7;8,4;12,3;2026-09-30 11:28:38.427428
729;744;20250302;197;27;15;2;4;64,9;259,6;0,0;259,6;112,0;147,6;2026-09-30 11:28:38.427428
730;745;20260730;126;19;7;4;5;27,9;139,5;6,98;132,52;65,0;67,52;2026-09-30 11:28:38.427428
731;746;20250321;97;18;11;2;6;14,9;89,4;0,0;89,4;36,0;53,4;2026-09-30 11:28:38.427428
732;747;20260622;125;4;7;2;1;59,9;59,9;0,0;59,9;32,0;27,9;2026-09-30 11:28:38.427428
733;748;20260116;145;10;15;1;6;24,9;149,4;14,94;134,46;57,0;77,46;2026-09-30 11:28:38.427428
734;749;20251205;192;12;3;1;5;38,5;192,5;19,25;173,25;92,5;80,75;2026-09-30 11:28:38.427428
735;750;20250106;80;11;15;2;4;45,0;180,0;18,0;162,0;84,0;78,0;2026-09-30 11:28:38.427428
736;751;20251220;161;20;3;3;2;22,9;45,8;0,0;45,8;21,0;24,8;2026-09-30 11:28:38.427428
737;752;20260709;165;10;15;2;3;24,9;74,7;7,47;67,23;28,5;38,73;2026-09-30 11:28:38.427428
738;753;20251205;148;4;11;1;2;59,9;119,8;17,97;101,83;64,0;37,83;2026-09-30 11:28:38.427428
739;754;20250810;24;30;7;2;4;29,9;119,6;17,94;101,66;36,0;65,66;2026-09-30 11:28:38.427428
740;755;20251201;78;2;11;1;2;199,9;399,8;19,99;379,81;250,0;129,81;2026-09-30 11:28:38.427428
741;756;20250808;43;12;11;4;3;38,5;115,5;11,55;103,95;55,5;48,45;2026-09-30 11:28:38.427428
742;757;20251223;46;26;11;2;3;79,9;239,7;0,0;239,7;96,0;143,7;2026-09-30 11:28:38.427428
743;758;20260119;46;20;4;2;5;22,9;114,5;11,45;103,05;52,5;50,55;2026-09-30 11:28:38.427428
744;759;20250114;156;11;16;2;1;45,0;45,0;0,0;45,0;21,0;24,0;2026-09-30 11:28:38.427428
745;760;20260428;156;9;5;4;3;32,0;96,0;9,6;86,4;42,0;44,4;2026-09-30 11:28:38.427428
746;761;20250701;34;4;7;2;1;59,9;59,9;0,0;59,9;32,0;27,9;2026-09-30 11:28:38.427428
747;762;20251121;182;9;3;4;2;32,0;64,0;0,0;64,0;28,0;36,0;2026-09-30 11:28:38.427428
748;763;20260529;38;13;15;2;4;35,9;143,6;14,36;129,24;64,0;65,24;2026-09-30 11:28:38.427428
749;764;20251008;144;6;14;1;6;6,5;39,0;0,0;39,0;19,2;19,8;2026-09-30 11:28:38.427428
750;765;20251122;152;3;3;2;1;79,9;79,9;7,99;71,91;45,0;26,91;2026-09-30 11:28:38.427428
751;766;20250715;192;3;7;2;6;79,9;479,4;71,91;407,49;270,0;137,49;2026-09-30 11:28:38.427428
752;767;20250724;46;19;15;4;3;27,9;83,7;0,0;83,7;39,0;44,7;2026-09-30 11:28:38.427428
753;768;20250207;150;21;15;4;5;6,9;34,5;0,0;34,5;14,0;20,5;2026-09-30 11:28:38.427428
754;769;20251003;24;22;11;2;3;11,9;35,7;1,78;33,92;16,5;17,42;2026-09-30 11:28:38.427428
755;770;20260826;9;16;7;2;2;19,9;39,8;0,0;39,8;18,0;21,8;2026-09-30 11:28:38.427428
756;771;20251110;42;11;7;4;3;45,0;135,0;0,0;135,0;63,0;72,0;2026-09-30 11:28:38.427428
757;772;20260118;154;23;7;1;4;12,9;51,6;0,0;51,6;20,0;31,6;2026-09-30 11:28:38.427428
758;773;20260215;152;17;15;4;1;9,9;9,9;0,0;9,9;4,5;5,4;2026-09-30 11:28:38.427428
759;774;20251208;14;17;15;4;2;9,9;19,8;0,0;19,8;9,0;10,8;2026-09-30 11:28:38.427428
760;775;20250324;48;1;12;2;6;129,9;779,4;0,0;779,4;468,0;311,4;2026-09-30 11:28:38.427428
761;777;20251201;73;4;7;4;4;59,9;239,6;35,94;203,66;128,0;75,66;2026-09-30 11:28:38.427428
762;778;20250702;197;22;15;4;6;11,9;71,4;0,0;71,4;33,0;38,4;2026-09-30 11:28:38.427428
763;779;20250805;78;30;15;2;1;29,9;29,9;0,0;29,9;9,0;20,9;2026-09-30 11:28:38.427428
764;780;20250617;102;22;5;1;4;11,9;47,6;4,76;42,84;22,0;20,84;2026-09-30 11:28:38.427428
765;781;20260411;3;13;7;2;1;35,9;35,9;0,0;35,9;16,0;19,9;2026-09-30 11:28:38.427428
766;782;20260530;96;24;7;4;6;13,9;83,4;12,51;70,89;37,2;33,69;2026-09-30 11:28:38.427428
767;783;20250108;87;14;8;1;5;27,9;139,5;13,95;125,55;55,0;70,55;2026-09-30 11:28:38.427428
768;784;20260111;13;2;7;2;4;199,9;799,6;39,98;759,62;500,0;259,62;2026-09-30 11:28:38.427428
769;785;20251129;77;18;14;4;3;14,9;44,7;4,47;40,23;18,0;22,23;2026-09-30 11:28:38.427428
770;786;20260521;111;6;15;3;1;6,5;6,5;0,0;6,5;3,2;3,3;2026-09-30 11:28:38.427428
771;787;20251201;96;30;15;3;6;29,9;179,4;0,0;179,4;54,0;125,4;2026-09-30 11:28:38.427428
772;788;20260215;6;24;3;3;1;13,9;13,9;0,0;13,9;6,2;7,7;2026-09-30 11:28:38.427428
773;789;20260611;139;14;11;4;1;27,9;27,9;4,18;23,72;11,0;12,72;2026-09-30 11:28:38.427428
774;790;20250216;155;14;3;4;3;27,9;83,7;0,0;83,7;33,0;50,7;2026-09-30 11:28:38.427428
775;791;20251122;25;22;15;4;2;11,9;23,8;0,0;23,8;11,0;12,8;2026-09-30 11:28:38.427428
776;792;20260203;122;20;15;4;4;22,9;91,6;4,58;87,02;42,0;45,02;2026-09-30 11:28:38.427428
777;793;20250919;104;24;7;4;4;13,9;55,6;0,0;55,6;24,8;30,8;2026-09-30 11:28:38.427428
778;794;20251119;116;7;7;4;6;69,9;419,4;41,94;377,46;228,0;149,46;2026-09-30 11:28:38.427428
779;795;20250829;97;14;15;2;1;27,9;27,9;1,4;26,5;11,0;15,5;2026-09-30 11:28:38.427428
780;796;20260215;141;4;16;2;5;59,9;299,5;0,0;299,5;160,0;139,5;2026-09-30 11:28:38.427428
781;797;20251122;129;21;7;1;1;6,9;6,9;0,34;6,56;2,8;3,76;2026-09-30 11:28:38.427428
782;798;20250104;137;30;16;3;4;29,9;119,6;17,94;101,66;36,0;65,66;2026-09-30 11:28:38.427428
783;799;20250818;36;21;7;1;4;6,9;27,6;1,38;26,22;11,2;15,02;2026-09-30 11:28:38.427428
784;800;20250404;95;11;7;4;5;45,0;225,0;0,0;225,0;105,0;120,0;2026-09-30 11:28:38.427428
785;801;20260429;183;28;15;2;2;89,9;179,8;0,0;179,8;70,0;109,8;2026-09-30 11:28:38.427428
786;802;20260418;129;8;13;3;6;54,9;329,4;32,94;296,46;174,0;122,46;2026-09-30 11:28:38.427428
787;803;20260221;134;15;11;3;6;34,9;209,4;0,0;209,4;102,0;107,4;2026-09-30 11:28:38.427428
788;804;20260508;186;23;14;1;5;12,9;64,5;0,0;64,5;25,0;39,5;2026-09-30 11:28:38.427428
789;805;20260315;32;12;15;1;4;38,5;154,0;0,0;154,0;74,0;80,0;2026-09-30 11:28:38.427428
790;806;20260510;54;12;15;1;4;38,5;154,0;0,0;154,0;74,0;80,0;2026-09-30 11:28:38.427428
791;807;20250922;146;11;7;2;3;45,0;135,0;0,0;135,0;63,0;72,0;2026-09-30 11:28:38.427428
792;808;20260805;163;19;7;1;3;27,9;83,7;0,0;83,7;39,0;44,7;2026-09-30 11:28:38.427428
793;809;20250129;55;5;15;1;5;99,9;499,5;24,98;474,52;275,0;199,52;2026-09-30 11:28:38.427428
794;810;20250609;151;17;8;3;4;9,9;39,6;5,94;33,66;18,0;15,66;2026-09-30 11:28:38.427428
795;811;20250308;88;28;15;1;5;89,9;449,5;0,0;449,5;175,0;274,5;2026-09-30 11:28:38.427428
796;812;20250113;192;21;11;1;2;6,9;13,8;2,07;11,73;5,6;6,13;2026-09-30 11:28:38.427428
797;813;20251005;142;2;9;4;4;199,9;799,6;39,98;759,62;500,0;259,62;2026-09-30 11:28:38.427428
798;814;20250908;59;8;7;2;3;54,9;164,7;16,47;148,23;87,0;61,23;2026-09-30 11:28:38.427428
799;815;20250516;134;24;16;4;2;13,9;27,8;0,0;27,8;12,4;15,4;2026-09-30 11:28:38.427428
800;816;20250430;114;18;7;4;1;14,9;14,9;0,0;14,9;6,0;8,9;2026-09-30 11:28:38.427428
801;817;20250719;151;19;7;2;4;27,9;111,6;16,74;94,86;52,0;42,86;2026-09-30 11:28:38.427428
802;818;20251018;166;9;15;1;4;32,0;128,0;0,0;128,0;56,0;72,0;2026-09-30 11:28:38.427428
803;819;20250107;82;21;7;1;4;6,9;27,6;1,38;26,22;11,2;15,02;2026-09-30 11:28:38.427428
804;820;20250422;196;11;15;4;6;45,0;270,0;0,0;270,0;126,0;144,0;2026-09-30 11:28:38.427428
805;821;20250716;197;30;11;2;5;29,9;149,5;0,0;149,5;45,0;104,5;2026-09-30 11:28:38.427428
806;822;20250823;68;16;3;2;6;19,9;119,4;0,0;119,4;54,0;65,4;2026-09-30 11:28:38.427428
807;823;20260304;2;27;3;1;6;64,9;389,4;58,41;330,99;168,0;162,99;2026-09-30 11:28:38.427428
808;824;20250920;76;25;15;2;3;24,9;74,7;11,2;63,5;24,0;39,5;2026-09-30 11:28:38.427428
809;825;20250318;63;7;15;4;2;69,9;139,8;0,0;139,8;76,0;63,8;2026-09-30 11:28:38.427428
810;826;20250913;72;2;5;2;6;199,9;1199,4;59,97;1139,43;750,0;389,43;2026-09-30 11:28:38.427428
811;827;20251129;199;30;7;2;3;29,9;89,7;8,97;80,73;27,0;53,73;2026-09-30 11:28:38.427428
812;828;20250924;143;3;11;3;4;79,9;319,6;15,98;303,62;180,0;123,62;2026-09-30 11:28:38.427428
813;829;20250808;48;24;7;1;3;13,9;41,7;0,0;41,7;18,6;23,1;2026-09-30 11:28:38.427428
814;830;20260225;110;9;11;2;5;32,0;160,0;0,0;160,0;70,0;90,0;2026-09-30 11:28:38.427428
815;831;20251201;138;12;13;4;1;38,5;38,5;0,0;38,5;18,5;20,0;2026-09-30 11:28:38.427428
816;832;20250331;147;25;7;1;1;24,9;24,9;0,0;24,9;8,0;16,9;2026-09-30 11:28:38.427428
817;833;20251205;19;9;8;1;4;32,0;128,0;0,0;128,0;56,0;72,0;2026-09-30 11:28:38.427428
818;834;20260204;5;14;15;2;1;27,9;27,9;0,0;27,9;11,0;16,9;2026-09-30 11:28:38.427428
819;835;20260812;91;11;11;2;5;45,0;225,0;22,5;202,5;105,0;97,5;2026-09-30 11:28:38.427428
820;836;20260708;90;1;15;2;5;129,9;649,5;0,0;649,5;390,0;259,5;2026-09-30 11:28:38.427428
821;837;20250128;36;14;16;4;3;27,9;83,7;0,0;83,7;33,0;50,7;2026-09-30 11:28:38.427428
822;838;20250406;45;13;3;2;2;35,9;71,8;3,59;68,21;32,0;36,21;2026-09-30 11:28:38.427428
823;839;20250403;130;20;7;2;3;22,9;68,7;0,0;68,7;31,5;37,2;2026-09-30 11:28:38.427428
824;840;20251114;17;14;3;1;4;27,9;111,6;0,0;111,6;44,0;67,6;2026-09-30 11:28:38.427428
825;841;20251128;12;26;11;2;4;79,9;319,6;0,0;319,6;128,0;191,6;2026-09-30 11:28:38.427428
826;842;20251028;96;25;7;3;1;24,9;24,9;1,25;23,65;8,0;15,65;2026-09-30 11:28:38.427428
827;843;20250616;8;24;16;1;6;13,9;83,4;0,0;83,4;37,2;46,2;2026-09-30 11:28:38.427428
828;844;20250528;105;1;8;2;1;129,9;129,9;0,0;129,9;78,0;51,9;2026-09-30 11:28:38.427428
829;845;20260503;119;29;9;1;2;14,9;29,8;0,0;29,8;8,0;21,8;2026-09-30 11:28:38.427428
830;846;20250409;123;16;7;2;3;19,9;59,7;0,0;59,7;27,0;32,7;2026-09-30 11:28:38.427428
831;847;20250418;64;8;15;1;6;54,9;329,4;0,0;329,4;174,0;155,4;2026-09-30 11:28:38.427428
832;848;20250515;84;19;13;1;5;27,9;139,5;0,0;139,5;65,0;74,5;2026-09-30 11:28:38.427428
833;849;20250901;42;26;15;2;2;79,9;159,8;0,0;159,8;64,0;95,8;2026-09-30 11:28:38.427428
834;850;20250927;140;27;13;3;5;64,9;324,5;0,0;324,5;140,0;184,5;2026-09-30 11:28:38.427428
835;851;20260717;117;29;15;2;2;14,9;29,8;2,98;26,82;8,0;18,82;2026-09-30 11:28:38.427428
836;852;20260414;29;14;7;2;6;27,9;167,4;0,0;167,4;66,0;101,4;2026-09-30 11:28:38.427428
837;853;20260608;50;3;11;4;5;79,9;399,5;0,0;399,5;225,0;174,5;2026-09-30 11:28:38.427428
838;854;20250824;178;19;15;4;5;27,9;139,5;6,98;132,52;65,0;67,52;2026-09-30 11:28:38.427428
839;855;20250727;72;8;1;3;6;54,9;329,4;0,0;329,4;174,0;155,4;2026-09-30 11:28:38.427428
840;856;20250101;20;29;7;1;4;14,9;59,6;0,0;59,6;16,0;43,6;2026-09-30 11:28:38.427428
841;857;20250614;196;3;3;2;1;79,9;79,9;11,98;67,92;45,0;22,92;2026-09-30 11:28:38.427428
842;858;20251010;36;19;15;2;2;27,9;55,8;0,0;55,8;26,0;29,8;2026-09-30 11:28:38.427428
843;859;20251115;135;22;11;4;3;11,9;35,7;0,0;35,7;16,5;19,2;2026-09-30 11:28:38.427428
844;860;20251216;70;18;15;4;6;14,9;89,4;0,0;89,4;36,0;53,4;2026-09-30 11:28:38.427428
845;861;20260620;27;23;3;4;6;12,9;77,4;0,0;77,4;30,0;47,4;2026-09-30 11:28:38.427428
846;862;20250418;198;22;9;4;4;11,9;47,6;0,0;47,6;22,0;25,6;2026-09-30 11:28:38.427428
847;863;20260513;63;22;7;2;3;11,9;35,7;1,78;33,92;16,5;17,42;2026-09-30 11:28:38.427428
848;864;20260616;171;23;15;2;4;12,9;51,6;0,0;51,6;20,0;31,6;2026-09-30 11:28:38.427428
849;865;20260208;184;12;16;4;5;38,5;192,5;19,25;173,25;92,5;80,75;2026-09-30 11:28:38.427428
850;866;20250127;56;2;15;2;4;199,9;799,6;39,98;759,62;500,0;259,62;2026-09-30 11:28:38.427428
851;867;20251219;91;1;16;1;6;129,9;779,4;0,0;779,4;468,0;311,4;2026-09-30 11:28:38.427428
852;868;20251126;190;25;11;4;2;24,9;49,8;0,0;49,8;16,0;33,8;2026-09-30 11:28:38.427428
853;869;20251110;26;20;15;4;5;22,9;114,5;11,45;103,05;52,5;50,55;2026-09-30 11:28:38.427428
854;870;20260325;93;7;15;4;3;69,9;209,7;31,46;178,24;114,0;64,24;2026-09-30 11:28:38.427428
855;871;20260212;159;23;15;1;6;12,9;77,4;7,74;69,66;30,0;39,66;2026-09-30 11:28:38.427428
856;872;20260130;27;5;3;2;6;99,9;599,4;89,91;509,49;330,0;179,49;2026-09-30 11:28:38.427428
857;873;20260716;40;3;3;3;3;79,9;239,7;23,97;215,73;135,0;80,73;2026-09-30 11:28:38.427428
858;874;20250907;6;8;6;4;4;54,9;219,6;32,94;186,66;116,0;70,66;2026-09-30 11:28:38.427428
859;875;20260813;100;19;15;1;2;27,9;55,8;5,58;50,22;26,0;24,22;2026-09-30 11:28:38.427428
860;876;20250518;83;12;11;4;2;38,5;77,0;11,55;65,45;37,0;28,45;2026-09-30 11:28:38.427428
861;877;20250822;185;23;7;3;4;12,9;51,6;0,0;51,6;20,0;31,6;2026-09-30 11:28:38.427428
862;878;20250308;44;19;7;4;1;27,9;27,9;0,0;27,9;13,0;14,9;2026-09-30 11:28:38.427428
863;879;20250916;187;3;5;3;6;79,9;479,4;0,0;479,4;270,0;209,4;2026-09-30 11:28:38.427428
864;880;20251205;60;7;11;1;6;69,9;419,4;20,97;398,43;228,0;170,43;2026-09-30 11:28:38.427428
865;881;20260102;151;19;9;1;3;27,9;83,7;0,0;83,7;39,0;44,7;2026-09-30 11:28:38.427428
866;882;20250131;167;8;5;4;5;54,9;274,5;0,0;274,5;145,0;129,5;2026-09-30 11:28:38.427428
867;883;20250707;25;13;15;4;4;35,9;143,6;0,0;143,6;64,0;79,6;2026-09-30 11:28:38.427428
868;884;20251214;116;13;13;2;2;35,9;71,8;10,77;61,03;32,0;29,03;2026-09-30 11:28:38.427428
869;885;20250113;2;22;15;3;3;11,9;35,7;0,0;35,7;16,5;19,2;2026-09-30 11:28:38.427428
870;886;20251220;25;7;7;2;6;69,9;419,4;62,91;356,49;228,0;128,49;2026-09-30 11:28:38.427428
871;887;20250209;138;28;3;2;2;89,9;179,8;26,97;152,83;70,0;82,83;2026-09-30 11:28:38.427428
872;888;20250608;157;6;4;4;5;6,5;32,5;0,0;32,5;16,0;16,5;2026-09-30 11:28:38.427428
873;889;20250903;126;4;11;3;6;59,9;359,4;0,0;359,4;192,0;167,4;2026-09-30 11:28:38.427428
874;890;20260617;24;30;7;1;6;29,9;179,4;17,94;161,46;54,0;107,46;2026-09-30 11:28:38.427428
875;891;20250722;75;25;7;4;5;24,9;124,5;12,45;112,05;40,0;72,05;2026-09-30 11:28:38.427428
876;892;20251022;198;16;7;2;5;19,9;99,5;9,95;89,55;45,0;44,55;2026-09-30 11:28:38.427428
877;893;20260702;8;29;3;4;5;14,9;74,5;0,0;74,5;20,0;54,5;2026-09-30 11:28:38.427428
878;894;20260115;175;22;15;2;4;11,9;47,6;4,76;42,84;22,0;20,84;2026-09-30 11:28:38.427428
879;895;20250116;12;11;15;2;1;45,0;45,0;0,0;45,0;21,0;24,0;2026-09-30 11:28:38.427428
880;896;20260116;103;27;13;2;3;64,9;194,7;0,0;194,7;84,0;110,7;2026-09-30 11:28:38.427428
881;897;20251007;105;22;16;1;5;11,9;59,5;5,95;53,55;27,5;26,05;2026-09-30 11:28:38.427428
882;898;20250212;179;25;7;4;4;24,9;99,6;14,94;84,66;32,0;52,66;2026-09-30 11:28:38.427428
883;899;20260212;73;3;15;1;2;79,9;159,8;7,99;151,81;90,0;61,81;2026-09-30 11:28:38.427428
884;900;20250511;133;29;7;2;2;14,9;29,8;0,0;29,8;8,0;21,8;2026-09-30 11:28:38.427428
885;901;20250527;114;26;11;3;1;79,9;79,9;4,0;75,9;32,0;43,9;2026-09-30 11:28:38.427428
886;902;20250914;45;24;7;2;3;13,9;41,7;0,0;41,7;18,6;23,1;2026-09-30 11:28:38.427428
887;903;20260326;7;3;7;2;2;79,9;159,8;23,97;135,83;90,0;45,83;2026-09-30 11:28:38.427428
888;904;20260702;5;18;7;2;3;14,9;44,7;2,24;42,46;18,0;24,46;2026-09-30 11:28:38.427428
889;906;20260201;116;30;15;3;4;29,9;119,6;11,96;107,64;36,0;71,64;2026-09-30 11:28:38.427428
890;907;20251021;164;16;16;3;2;19,9;39,8;3,98;35,82;18,0;17,82;2026-09-30 11:28:38.427428
891;908;20260709;59;1;15;4;4;129,9;519,6;0,0;519,6;312,0;207,6;2026-09-30 11:28:38.427428
892;909;20251212;84;15;13;2;6;34,9;209,4;20,94;188,46;102,0;86,46;2026-09-30 11:28:38.427428
893;910;20260716;196;7;7;2;6;69,9;419,4;62,91;356,49;228,0;128,49;2026-09-30 11:28:38.427428
894;911;20250610;169;10;3;2;5;24,9;124,5;0,0;124,5;47,5;77,0;2026-09-30 11:28:38.427428
895;912;20250609;165;19;5;2;6;27,9;167,4;0,0;167,4;78,0;89,4;2026-09-30 11:28:38.427428
896;913;20260628;189;24;11;2;2;13,9;27,8;2,78;25,02;12,4;12,62;2026-09-30 11:28:38.427428
897;914;20250604;55;11;12;4;1;45,0;45,0;0,0;45,0;21,0;24,0;2026-09-30 11:28:38.427428
898;915;20260730;41;16;15;4;3;19,9;59,7;0,0;59,7;27,0;32,7;2026-09-30 11:28:38.427428
899;916;20250531;114;23;12;4;3;12,9;38,7;0,0;38,7;15,0;23,7;2026-09-30 11:28:38.427428
900;917;20260809;47;19;11;4;6;27,9;167,4;0,0;167,4;78,0;89,4;2026-09-30 11:28:38.427428
901;918;20260208;39;3;3;3;3;79,9;239,7;0,0;239,7;135,0;104,7;2026-09-30 11:28:38.427428
902;919;20260828;107;23;13;3;1;12,9;12,9;0,0;12,9;5,0;7,9;2026-09-30 11:28:38.427428
903;920;20251110;68;1;3;3;4;129,9;519,6;0,0;519,6;312,0;207,6;2026-09-30 11:28:38.427428
904;921;20250111;189;22;15;4;1;11,9;11,9;0,6;11,3;5,5;5,8;2026-09-30 11:28:38.427428
905;922;20260311;105;23;15;4;4;12,9;51,6;5,16;46,44;20,0;26,44;2026-09-30 11:28:38.427428
906;923;20251123;131;9;16;2;1;32,0;32,0;0,0;32,0;14,0;18,0;2026-09-30 11:28:38.427428
907;924;20250114;189;26;14;2;2;79,9;159,8;23,97;135,83;64,0;71,83;2026-09-30 11:28:38.427428
908;925;20250505;15;28;15;2;4;89,9;359,6;35,96;323,64;140,0;183,64;2026-09-30 11:28:38.427428
909;926;20250323;100;3;7;1;1;79,9;79,9;0,0;79,9;45,0;34,9;2026-09-30 11:28:38.427428
910;927;20250304;114;23;7;3;2;12,9;25,8;0,0;25,8;10,0;15,8;2026-09-30 11:28:38.427428
911;928;20251126;194;7;15;4;6;69,9;419,4;0,0;419,4;228,0;191,4;2026-09-30 11:28:38.427428
912;929;20260628;2;10;11;2;2;24,9;49,8;4,98;44,82;19,0;25,82;2026-09-30 11:28:38.427428
913;930;20260402;4;12;7;3;6;38,5;231,0;23,1;207,9;111,0;96,9;2026-09-30 11:28:38.427428
914;931;20251123;116;20;7;1;6;22,9;137,4;0,0;137,4;63,0;74,4;2026-09-30 11:28:38.427428
915;932;20260224;120;24;15;4;2;13,9;27,8;0,0;27,8;12,4;15,4;2026-09-30 11:28:38.427428
916;933;20250126;36;15;15;4;4;34,9;139,6;20,94;118,66;68,0;50,66;2026-09-30 11:28:38.427428
917;934;20260429;39;5;14;2;5;99,9;499,5;0,0;499,5;275,0;224,5;2026-09-30 11:28:38.427428
918;935;20260527;111;28;3;2;5;89,9;449,5;0,0;449,5;175,0;274,5;2026-09-30 11:28:38.427428
919;936;20260616;127;3;15;4;3;79,9;239,7;35,96;203,74;135,0;68,74;2026-09-30 11:28:38.427428
920;937;20260627;73;10;7;4;6;24,9;149,4;0,0;149,4;57,0;92,4;2026-09-30 11:28:38.427428
921;938;20251201;177;3;3;3;1;79,9;79,9;0,0;79,9;45,0;34,9;2026-09-30 11:28:38.427428
922;939;20250511;83;9;7;4;5;32,0;160,0;24,0;136,0;70,0;66,0;2026-09-30 11:28:38.427428
923;940;20260608;25;27;10;2;2;64,9;129,8;0,0;129,8;56,0;73,8;2026-09-30 11:28:38.427428
924;941;20251010;183;20;15;2;6;22,9;137,4;0,0;137,4;63,0;74,4;2026-09-30 11:28:38.427428
925;942;20251124;125;27;7;4;5;64,9;324,5;0,0;324,5;140,0;184,5;2026-09-30 11:28:38.427428
926;943;20250719;135;20;7;1;5;22,9;114,5;17,18;97,32;52,5;44,82;2026-09-30 11:28:38.427428
927;944;20260308;21;10;6;2;3;24,9;74,7;0,0;74,7;28,5;46,2;2026-09-30 11:28:38.427428
928;945;20251008;117;18;15;4;2;14,9;29,8;0,0;29,8;12,0;17,8;2026-09-30 11:28:38.427428
929;946;20250526;81;1;7;4;1;129,9;129,9;19,48;110,42;78,0;32,42;2026-09-30 11:28:38.427428
930;947;20260803;194;11;15;1;5;45,0;225,0;11,25;213,75;105,0;108,75;2026-09-30 11:28:38.427428
931;948;20250829;24;30;15;1;1;29,9;29,9;4,49;25,41;9,0;16,41;2026-09-30 11:28:38.427428
932;949;20250608;141;18;15;1;1;14,9;14,9;2,24;12,66;6,0;6,66;2026-09-30 11:28:38.427428
933;950;20250819;123;8;14;3;2;54,9;109,8;0,0;109,8;58,0;51,8;2026-09-30 11:28:38.427428
934;951;20260210;5;5;11;1;5;99,9;499,5;24,98;474,52;275,0;199,52;2026-09-30 11:28:38.427428
935;952;20250108;90;2;15;1;2;199,9;399,8;39,98;359,82;250,0;109,82;2026-09-30 11:28:38.427428
936;954;20260609;198;4;15;1;6;59,9;359,4;0,0;359,4;192,0;167,4;2026-09-30 11:28:38.427428
937;955;20250808;152;7;15;2;5;69,9;349,5;52,42;297,08;190,0;107,08;2026-09-30 11:28:38.427428
938;956;20250705;86;27;6;1;3;64,9;194,7;0,0;194,7;84,0;110,7;2026-09-30 11:28:38.427428
939;957;20251020;171;13;4;3;5;35,9;179,5;26,92;152,58;80,0;72,58;2026-09-30 11:28:38.427428
940;958;20260126;187;28;1;2;1;89,9;89,9;4,5;85,4;35,0;50,4;2026-09-30 11:28:38.427428
941;959;20250205;31;29;14;3;3;14,9;44,7;0,0;44,7;12,0;32,7;2026-09-30 11:28:38.427428
942;960;20250201;122;30;15;3;2;29,9;59,8;0,0;59,8;18,0;41,8;2026-09-30 11:28:38.427428
943;961;20250606;56;9;15;1;3;32,0;96,0;0,0;96,0;42,0;54,0;2026-09-30 11:28:38.427428
944;962;20251015;182;1;7;1;5;129,9;649,5;0,0;649,5;390,0;259,5;2026-09-30 11:28:38.427428
945;963;20250215;145;7;11;1;2;69,9;139,8;20,97;118,83;76,0;42,83;2026-09-30 11:28:38.427428
946;964;20260429;140;24;15;4;1;13,9;13,9;0,0;13,9;6,2;7,7;2026-09-30 11:28:38.427428
947;965;20251222;197;21;15;1;3;6,9;20,7;0,0;20,7;8,4;12,3;2026-09-30 11:28:38.427428
948;966;20260103;166;14;8;3;1;27,9;27,9;0,0;27,9;11,0;16,9;2026-09-30 11:28:38.427428
949;967;20250613;147;30;3;4;6;29,9;179,4;0,0;179,4;54,0;125,4;2026-09-30 11:28:38.427428
950;968;20260813;2;29;3;2;1;14,9;14,9;0,0;14,9;4,0;10,9;2026-09-30 11:28:38.427428
951;969;20260716;102;11;7;1;4;45,0;180,0;9,0;171,0;84,0;87,0;2026-09-30 11:28:38.427428
952;970;20250712;184;4;11;4;2;59,9;119,8;0,0;119,8;64,0;55,8;2026-09-30 11:28:38.427428
953;971;20260709;164;23;3;2;3;12,9;38,7;0,0;38,7;15,0;23,7;2026-09-30 11:28:38.427428
954;972;20260309;92;25;7;4;6;24,9;149,4;14,94;134,46;48,0;86,46;2026-09-30 11:28:38.427428
955;973;20250212;174;14;3;2;5;27,9;139,5;0,0;139,5;55,0;84,5;2026-09-30 11:28:38.427428
956;974;20260825;159;26;3;4;4;79,9;319,6;0,0;319,6;128,0;191,6;2026-09-30 11:28:38.427428
957;975;20250407;117;25;7;2;1;24,9;24,9;0,0;24,9;8,0;16,9;2026-09-30 11:28:38.427428
958;976;20250111;176;25;7;4;6;24,9;149,4;0,0;149,4;48,0;101,4;2026-09-30 11:28:38.427428
959;977;20250219;65;15;15;4;3;34,9;104,7;5,24;99,46;51,0;48,46;2026-09-30 11:28:38.427428
960;978;20250320;51;2;7;2;3;199,9;599,7;0,0;599,7;375,0;224,7;2026-09-30 11:28:38.427428
961;979;20250429;26;11;15;4;6;45,0;270,0;0,0;270,0;126,0;144,0;2026-09-30 11:28:38.427428
962;980;20260113;163;12;15;4;6;38,5;231,0;11,55;219,45;111,0;108,45;2026-09-30 11:28:38.427428
963;981;20260215;130;3;1;2;1;79,9;79,9;0,0;79,9;45,0;34,9;2026-09-30 11:28:38.427428
964;982;20260505;18;7;7;2;4;69,9;279,6;41,94;237,66;152,0;85,66;2026-09-30 11:28:38.427428
965;983;20250113;29;24;7;2;6;13,9;83,4;4,17;79,23;37,2;42,03;2026-09-30 11:28:38.427428
966;984;20250412;45;16;7;2;2;19,9;39,8;0,0;39,8;18,0;21,8;2026-09-30 11:28:38.427428
967;985;20250316;145;28;15;4;5;89,9;449,5;0,0;449,5;175,0;274,5;2026-09-30 11:28:38.427428
968;986;20260209;8;9;7;4;4;32,0;128,0;0,0;128,0;56,0;72,0;2026-09-30 11:28:38.427428
969;987;20260221;166;24;9;2;2;13,9;27,8;4,17;23,63;12,4;11,23;2026-09-30 11:28:38.427428
970;988;20250530;198;14;15;1;5;27,9;139,5;13,95;125,55;55,0;70,55;2026-09-30 11:28:38.427428
971;989;20260427;131;11;15;1;3;45,0;135,0;0,0;135,0;63,0;72,0;2026-09-30 11:28:38.427428
972;990;20250404;178;20;3;2;5;22,9;114,5;0,0;114,5;52,5;62,0;2026-09-30 11:28:38.427428
973;991;20251128;62;30;15;2;3;29,9;89,7;4,49;85,21;27,0;58,21;2026-09-30 11:28:38.427428
974;992;20250523;198;9;15;4;3;32,0;96,0;9,6;86,4;42,0;44,4;2026-09-30 11:28:38.427428
975;993;20251026;164;26;15;2;4;79,9;319,6;0,0;319,6;128,0;191,6;2026-09-30 11:28:38.427428
976;994;20260805;118;16;15;3;3;19,9;59,7;2,98;56,72;27,0;29,72;2026-09-30 11:28:38.427428
977;995;20260522;117;13;7;2;1;35,9;35,9;1,8;34,1;16,0;18,1;2026-09-30 11:28:38.427428
978;996;20250503;36;21;15;2;4;6,9;27,6;0,0;27,6;11,2;16,4;2026-09-30 11:28:38.427428
979;997;20260310;53;18;11;3;5;14,9;74,5;0,0;74,5;30,0;44,5;2026-09-30 11:28:38.427428
980;998;20251001;142;10;11;2;4;24,9;99,6;0,0;99,6;38,0;61,6;2026-09-30 11:28:38.427428
981;999;20250404;147;26;7;2;4;79,9;319,6;31,96;287,64;128,0;159,64;2026-09-30 11:28:38.427428
982;1000;20250814;72;14;15;3;2;27,9;55,8;0,0;55,8;22,0;33,8;2026-09-30 11:28:38.427428
983;1001;20260331;114;15;7;4;2;34,9;69,8;0,0;69,8;34,0;35,8;2026-09-30 11:28:38.427428
984;1002;20260621;88;9;15;4;2;32,0;64,0;0,0;64,0;28,0;36,0;2026-09-30 11:28:38.427428
985;1003;20250622;104;5;15;1;6;99,9;599,4;0,0;599,4;330,0;269,4;2026-09-30 11:28:38.427428
986;1004;20260731;63;13;5;4;5;35,9;179,5;17,95;161,55;80,0;81,55;2026-09-30 11:28:38.427428
987;1005;20250402;112;13;15;2;1;35,9;35,9;0,0;35,9;16,0;19,9;2026-09-30 11:28:38.427428
988;1006;20250207;98;8;15;2;5;54,9;274,5;0,0;274,5;145,0;129,5;2026-09-30 11:28:38.427428
989;1007;20250602;76;18;11;2;1;14,9;14,9;0,0;14,9;6,0;8,9;2026-09-30 11:28:38.427428
990;1008;20250630;74;17;7;2;1;9,9;9,9;0,5;9,4;4,5;4,9;2026-09-30 11:28:38.427428
991;1009;20250703;137;20;11;2;6;22,9;137,4;0,0;137,4;63,0;74,4;2026-09-30 11:28:38.427428
992;1010;20251006;132;6;15;2;2;6,5;13,0;1,95;11,05;6,4;4,65;2026-09-30 11:28:38.427428
993;1011;20251013;119;28;7;2;2;89,9;179,8;0,0;179,8;70,0;109,8;2026-09-30 11:28:38.427428
994;1012;20260626;126;2;11;3;1;199,9;199,9;19,99;179,91;125,0;54,91;2026-09-30 11:28:38.427428
995;1013;20260219;193;21;7;4;5;6,9;34,5;0,0;34,5;14,0;20,5;2026-09-30 11:28:38.427428
996;1014;20260227;98;7;15;2;1;69,9;69,9;0,0;69,9;38,0;31,9;2026-09-30 11:28:38.427428
997;1015;20250524;167;21;15;3;2;6,9;13,8;2,07;11,73;5,6;6,13;2026-09-30 11:28:38.427428
998;1016;20250514;107;13;15;2;4;35,9;143,6;0,0;143,6;64,0;79,6;2026-09-30 11:28:38.427428
999;1017;20260609;142;13;15;2;6;35,9;215,4;0,0;215,4;96,0;119,4;2026-09-30 11:28:38.427428
1000;1018;20260730;70;10;13;2;5;24,9;124,5;0,0;124,5;47,5;77,0;2026-09-30 11:28:38.427428
1001;1019;20250222;133;26;15;1;5;79,9;399,5;19,98;379,52;160,0;219,52;2026-09-30 11:28:38.427428
1002;1020;20260122;85;24;7;2;6;13,9;83,4;8,34;75,06;37,2;37,86;2026-09-30 11:28:38.427428
1003;1021;20250215;78;7;3;4;1;69,9;69,9;0,0;69,9;38,0;31,9;2026-09-30 11:28:38.427428
1004;1022;20250101;17;5;11;2;4;99,9;399,6;0,0;399,6;220,0;179,6;2026-09-30 11:28:38.427428
1005;1023;20251217;158;6;3;2;6;6,5;39,0;3,9;35,1;19,2;15,9;2026-09-30 11:28:38.427428
1006;1024;20260827;134;29;15;2;6;14,9;89,4;8,94;80,46;24,0;56,46;2026-09-30 11:28:38.427428
1007;1025;20260219;14;9;15;4;3;32,0;96,0;4,8;91,2;42,0;49,2;2026-09-30 11:28:38.427428
1008;1026;20260710;130;8;7;2;2;54,9;109,8;0,0;109,8;58,0;51,8;2026-09-30 11:28:38.427428
1009;1027;20250228;112;20;11;2;4;22,9;91,6;0,0;91,6;42,0;49,6;2026-09-30 11:28:38.427428
1010;1028;20260210;151;4;8;4;3;59,9;179,7;0,0;179,7;96,0;83,7;2026-09-30 11:28:38.427428
1011;1029;20250326;22;6;7;3;5;6,5;32,5;4,88;27,62;16,0;11,62;2026-09-30 11:28:38.427428
1012;1030;20250701;9;26;14;1;6;79,9;479,4;0,0;479,4;192,0;287,4;2026-09-30 11:28:38.427428
1013;1031;20251114;85;23;15;4;3;12,9;38,7;0,0;38,7;15,0;23,7;2026-09-30 11:28:38.427428
1014;1032;20251001;152;7;7;2;2;69,9;139,8;0,0;139,8;76,0;63,8;2026-09-30 11:28:38.427428
1015;1033;20260524;156;28;7;1;3;89,9;269,7;0,0;269,7;105,0;164,7;2026-09-30 11:28:38.427428
1016;1034;20260305;61;12;3;2;5;38,5;192,5;28,88;163,62;92,5;71,12;2026-09-30 11:28:38.427428
1017;1035;20260405;33;2;8;2;1;199,9;199,9;0,0;199,9;125,0;74,9;2026-09-30 11:28:38.427428
1018;1036;20260720;187;16;16;1;4;19,9;79,6;3,98;75,62;36,0;39,62;2026-09-30 11:28:38.427428
1019;1037;20250916;100;13;11;1;2;35,9;71,8;0,0;71,8;32,0;39,8;2026-09-30 11:28:38.427428
1020;1038;20251119;193;15;11;2;2;34,9;69,8;3,49;66,31;34,0;32,31;2026-09-30 11:28:38.427428
1021;1039;20250524;62;3;7;1;4;79,9;319,6;15,98;303,62;180,0;123,62;2026-09-30 11:28:38.427428
1022;1040;20260117;87;25;15;2;1;24,9;24,9;0,0;24,9;8,0;16,9;2026-09-30 11:28:38.427428
1023;1041;20250721;112;9;3;1;5;32,0;160,0;24,0;136,0;70,0;66,0;2026-09-30 11:28:38.427428
1024;1042;20250306;122;18;11;4;4;14,9;59,6;8,94;50,66;24,0;26,66;2026-09-30 11:28:38.427428
1025;1043;20250209;59;11;3;4;5;45,0;225,0;22,5;202,5;105,0;97,5;2026-09-30 11:28:38.427428
1026;1045;20250429;61;16;7;2;5;19,9;99,5;0,0;99,5;45,0;54,5;2026-09-30 11:28:38.427428
1027;1046;20250513;192;3;14;1;3;79,9;239,7;23,97;215,73;135,0;80,73;2026-09-30 11:28:38.427428
1028;1047;20251023;80;29;7;3;4;14,9;59,6;2,98;56,62;16,0;40,62;2026-09-30 11:28:38.427428
1029;1048;20251004;46;1;11;1;2;129,9;259,8;0,0;259,8;156,0;103,8;2026-09-30 11:28:38.427428
1030;1049;20251231;24;17;15;2;1;9,9;9,9;0,0;9,9;4,5;5,4;2026-09-30 11:28:38.427428
1031;1050;20260619;177;26;15;4;1;79,9;79,9;4,0;75,9;32,0;43,9;2026-09-30 11:28:38.427428
1032;1051;20250806;43;13;7;1;4;35,9;143,6;0,0;143,6;64,0;79,6;2026-09-30 11:28:38.427428
1033;1052;20260725;198;24;13;2;2;13,9;27,8;0,0;27,8;12,4;15,4;2026-09-30 11:28:38.427428
1034;1053;20251213;107;1;9;2;5;129,9;649,5;64,95;584,55;390,0;194,55;2026-09-30 11:28:38.427428
1035;1054;20260522;142;20;7;2;5;22,9;114,5;5,72;108,78;52,5;56,28;2026-09-30 11:28:38.427428
1036;1055;20250420;15;11;7;1;2;45,0;90,0;0,0;90,0;42,0;48,0;2026-09-30 11:28:38.427428
1037;1056;20260108;20;9;13;2;3;32,0;96,0;0,0;96,0;42,0;54,0;2026-09-30 11:28:38.427428
1038;1057;20260107;30;28;3;2;2;89,9;179,8;0,0;179,8;70,0;109,8;2026-09-30 11:28:38.427428
1039;1058;20260718;194;19;3;3;1;27,9;27,9;1,4;26,5;13,0;13,5;2026-09-30 11:28:38.427428
1040;1059;20250211;80;30;15;2;5;29,9;149,5;0,0;149,5;45,0;104,5;2026-09-30 11:28:38.427428
1041;1060;20260220;139;1;15;1;1;129,9;129,9;0,0;129,9;78,0;51,9;2026-09-30 11:28:38.427428
1042;1061;20250118;121;6;7;4;6;6,5;39,0;0,0;39,0;19,2;19,8;2026-09-30 11:28:38.427428
1043;1062;20260520;141;29;15;2;3;14,9;44,7;0,0;44,7;12,0;32,7;2026-09-30 11:28:38.427428
1044;1063;20251022;69;12;7;2;2;38,5;77,0;0,0;77,0;37,0;40,0;2026-09-30 11:28:38.427428
1045;1064;20250512;148;1;11;2;1;129,9;129,9;0,0;129,9;78,0;51,9;2026-09-30 11:28:38.427428
1046;1065;20250517;56;8;3;1;2;54,9;109,8;0,0;109,8;58,0;51,8;2026-09-30 11:28:38.427428
1047;1066;20250507;95;1;3;2;4;129,9;519,6;0,0;519,6;312,0;207,6;2026-09-30 11:28:38.427428
1048;1067;20250906;126;28;3;4;6;89,9;539,4;0,0;539,4;210,0;329,4;2026-09-30 11:28:38.427428
1049;1068;20250424;74;26;15;4;1;79,9;79,9;0,0;79,9;32,0;47,9;2026-09-30 11:28:38.427428
1050;1069;20250725;177;3;15;2;5;79,9;399,5;59,92;339,58;225,0;114,58;2026-09-30 11:28:38.427428
1051;1070;20250813;142;29;7;4;2;14,9;29,8;1,49;28,31;8,0;20,31;2026-09-30 11:28:38.427428
1052;1071;20250306;146;9;15;1;6;32,0;192,0;0,0;192,0;84,0;108,0;2026-09-30 11:28:38.427428
1053;1072;20260524;136;18;16;2;5;14,9;74,5;0,0;74,5;30,0;44,5;2026-09-30 11:28:38.427428
1054;1073;20251006;151;6;7;4;1;6,5;6,5;0,0;6,5;3,2;3,3;2026-09-30 11:28:38.427428
1055;1074;20251211;92;13;12;4;4;35,9;143,6;0,0;143,6;64,0;79,6;2026-09-30 11:28:38.427428
1056;1075;20250214;53;23;8;4;1;12,9;12,9;0,0;12,9;5,0;7,9;2026-09-30 11:28:38.427428
1057;1076;20260223;31;7;7;2;3;69,9;209,7;0,0;209,7;114,0;95,7;2026-09-30 11:28:38.427428
1058;1077;20250904;12;20;7;1;1;22,9;22,9;0,0;22,9;10,5;12,4;2026-09-30 11:28:38.427428
1059;1078;20260531;150;27;4;2;2;64,9;129,8;0,0;129,8;56,0;73,8;2026-09-30 11:28:38.427428
1060;1079;20260809;6;15;15;1;5;34,9;174,5;17,45;157,05;85,0;72,05;2026-09-30 11:28:38.427428
1061;1080;20260406;58;7;15;1;2;69,9;139,8;6,99;132,81;76,0;56,81;2026-09-30 11:28:38.427428
1062;1081;20250612;122;27;15;1;6;64,9;389,4;0,0;389,4;168,0;221,4;2026-09-30 11:28:38.427428
1063;1082;20250422;112;4;7;1;1;59,9;59,9;0,0;59,9;32,0;27,9;2026-09-30 11:28:38.427428
1064;1083;20260409;41;17;4;3;5;9,9;49,5;7,42;42,08;22,5;19,58;2026-09-30 11:28:38.427428
1065;1084;20250121;51;20;15;2;4;22,9;91,6;0,0;91,6;42,0;49,6;2026-09-30 11:28:38.427428
1066;1085;20260701;29;26;7;1;6;79,9;479,4;23,97;455,43;192,0;263,43;2026-09-30 11:28:38.427428
1067;1086;20250221;131;6;7;4;5;6,5;32,5;4,88;27,62;16,0;11,62;2026-09-30 11:28:38.427428
1068;1087;20250702;12;18;7;1;1;14,9;14,9;0,0;14,9;6,0;8,9;2026-09-30 11:28:38.427428
1069;1088;20251126;118;20;7;2;4;22,9;91,6;0,0;91,6;42,0;49,6;2026-09-30 11:28:38.427428
1070;1089;20250327;83;25;12;2;6;24,9;149,4;0,0;149,4;48,0;101,4;2026-09-30 11:28:38.427428
1071;1090;20250228;162;26;4;2;1;79,9;79,9;7,99;71,91;32,0;39,91;2026-09-30 11:28:38.427428
1072;1091;20250329;140;26;15;2;5;79,9;399,5;59,92;339,58;160,0;179,58;2026-09-30 11:28:38.427428
1073;1092;20250213;81;25;7;2;1;24,9;24,9;0,0;24,9;8,0;16,9;2026-09-30 11:28:38.427428
1074;1093;20260613;71;29;15;2;2;14,9;29,8;1,49;28,31;8,0;20,31;2026-09-30 11:28:38.427428
1075;1094;20250624;148;8;7;2;3;54,9;164,7;0,0;164,7;87,0;77,7;2026-09-30 11:28:38.427428
1076;1095;20250118;198;14;11;4;5;27,9;139,5;6,98;132,52;55,0;77,52;2026-09-30 11:28:38.427428
1077;1096;20260626;32;9;4;1;1;32,0;32,0;1,6;30,4;14,0;16,4;2026-09-30 11:28:38.427428
1078;1097;20250912;133;21;15;2;2;6,9;13,8;0,0;13,8;5,6;8,2;2026-09-30 11:28:38.427428
1079;1098;20251030;186;5;7;2;6;99,9;599,4;0,0;599,4;330,0;269,4;2026-09-30 11:28:38.427428
1080;1099;20260626;111;1;15;4;2;129,9;259,8;0,0;259,8;156,0;103,8;2026-09-30 11:28:38.427428
1081;1100;20251025;11;10;7;2;6;24,9;149,4;0,0;149,4;57,0;92,4;2026-09-30 11:28:38.427428
1082;1101;20250328;121;10;14;3;2;24,9;49,8;0,0;49,8;19,0;30,8;2026-09-30 11:28:38.427428
1083;1102;20250422;95;27;8;3;5;64,9;324,5;0,0;324,5;140,0;184,5;2026-09-30 11:28:38.427428
1084;1103;20251215;10;5;7;3;4;99,9;399,6;0,0;399,6;220,0;179,6;2026-09-30 11:28:38.427428
1085;1104;20250506;102;25;15;4;3;24,9;74,7;7,47;67,23;24,0;43,23;2026-09-30 11:28:38.427428
1086;1105;20260831;24;29;7;3;1;14,9;14,9;1,49;13,41;4,0;9,41;2026-09-30 11:28:38.427428
1087;1106;20260602;128;28;1;3;1;89,9;89,9;13,48;76,42;35,0;41,42;2026-09-30 11:28:38.427428
1088;1107;20250128;8;24;15;1;5;13,9;69,5;3,48;66,02;31,0;35,02;2026-09-30 11:28:38.427428
1089;1108;20260525;68;1;15;3;2;129,9;259,8;25,98;233,82;156,0;77,82;2026-09-30 11:28:38.427428
1090;1109;20250301;20;22;7;4;2;11,9;23,8;0,0;23,8;11,0;12,8;2026-09-30 11:28:38.427428
1091;1110;20251218;7;4;15;1;5;59,9;299,5;14,98;284,52;160,0;124,52;2026-09-30 11:28:38.427428
1092;1111;20251009;86;7;7;3;5;69,9;349,5;0,0;349,5;190,0;159,5;2026-09-30 11:28:38.427428
1093;1112;20250122;200;17;15;4;5;9,9;49,5;7,42;42,08;22,5;19,58;2026-09-30 11:28:38.427428
1094;1113;20250119;11;2;11;4;5;199,9;999,5;0,0;999,5;625,0;374,5;2026-09-30 11:28:38.427428
1095;1114;20250806;26;27;11;2;1;64,9;64,9;0,0;64,9;28,0;36,9;2026-09-30 11:28:38.427428
1096;1115;20260512;109;18;7;3;2;14,9;29,8;4,47;25,33;12,0;13,33;2026-09-30 11:28:38.427428
1097;1116;20260722;2;10;7;2;6;24,9;149,4;22,41;126,99;57,0;69,99;2026-09-30 11:28:38.427428
1098;1117;20250806;60;22;15;4;5;11,9;59,5;5,95;53,55;27,5;26,05;2026-09-30 11:28:38.427428
1099;1118;20250308;75;20;5;4;1;22,9;22,9;0,0;22,9;10,5;12,4;2026-09-30 11:28:38.427428
1100;1119;20260307;197;26;7;2;2;79,9;159,8;7,99;151,81;64,0;87,81;2026-09-30 11:28:38.427428
1101;1120;20260413;23;20;15;4;5;22,9;114,5;5,72;108,78;52,5;56,28;2026-09-30 11:28:38.427428
1102;1121;20260528;80;8;6;2;2;54,9;109,8;5,49;104,31;58,0;46,31;2026-09-30 11:28:38.427428
1103;1122;20251029;200;7;11;3;1;69,9;69,9;0,0;69,9;38,0;31,9;2026-09-30 11:28:38.427428
1104;1123;20250501;118;23;7;2;1;12,9;12,9;1,94;10,96;5,0;5,96;2026-09-30 11:28:38.427428
1105;1124;20260106;167;18;11;4;6;14,9;89,4;0,0;89,4;36,0;53,4;2026-09-30 11:28:38.427428
1106;1125;20250501;37;27;5;4;1;64,9;64,9;6,49;58,41;28,0;30,41;2026-09-30 11:28:38.427428
1107;1126;20260718;98;18;15;2;6;14,9;89,4;4,47;84,93;36,0;48,93;2026-09-30 11:28:38.427428
1108;1127;20250714;136;14;7;2;1;27,9;27,9;0,0;27,9;11,0;16,9;2026-09-30 11:28:38.427428
1109;1128;20251115;131;9;7;2;4;32,0;128,0;0,0;128,0;56,0;72,0;2026-09-30 11:28:38.427428
1110;1129;20260203;17;1;15;2;1;129,9;129,9;0,0;129,9;78,0;51,9;2026-09-30 11:28:38.427428
1111;1130;20250219;17;27;5;2;5;64,9;324,5;0,0;324,5;140,0;184,5;2026-09-30 11:28:38.427428
1112;1131;20260619;51;28;7;2;6;89,9;539,4;80,91;458,49;210,0;248,49;2026-09-30 11:28:38.427428
1113;1132;20260330;154;8;15;1;6;54,9;329,4;0,0;329,4;174,0;155,4;2026-09-30 11:28:38.427428
1114;1133;20250405;191;14;6;4;6;27,9;167,4;25,11;142,29;66,0;76,29;2026-09-30 11:28:38.427428
1115;1134;20250927;6;2;1;3;2;199,9;399,8;0,0;399,8;250,0;149,8;2026-09-30 11:28:38.427428
1116;1135;20260102;184;15;15;4;2;34,9;69,8;0,0;69,8;34,0;35,8;2026-09-30 11:28:38.427428
1117;1136;20250415;21;15;13;4;1;34,9;34,9;1,74;33,16;17,0;16,16;2026-09-30 11:28:38.427428
1118;1137;20251220;97;22;15;4;3;11,9;35,7;0,0;35,7;16,5;19,2;2026-09-30 11:28:38.427428
1119;1138;20250218;37;19;15;2;1;27,9;27,9;4,18;23,72;13,0;10,72;2026-09-30 11:28:38.427428
1120;1139;20260212;121;2;15;4;2;199,9;399,8;19,99;379,81;250,0;129,81;2026-09-30 11:28:38.427428
1121;1140;20260519;151;30;11;3;2;29,9;59,8;2,99;56,81;18,0;38,81;2026-09-30 11:28:38.427428
1122;1141;20260325;60;19;7;4;5;27,9;139,5;20,92;118,58;65,0;53,58;2026-09-30 11:28:38.427428
1123;1142;20250130;87;28;7;4;5;89,9;449,5;0,0;449,5;175,0;274,5;2026-09-30 11:28:38.427428
1124;1143;20250502;117;18;7;2;6;14,9;89,4;0,0;89,4;36,0;53,4;2026-09-30 11:28:38.427428
1125;1144;20260121;139;25;15;4;2;24,9;49,8;0,0;49,8;16,0;33,8;2026-09-30 11:28:38.427428
1126;1145;20250116;199;6;7;4;1;6,5;6,5;0,0;6,5;3,2;3,3;2026-09-30 11:28:38.427428
1127;1146;20260808;36;3;5;3;5;79,9;399,5;0,0;399,5;225,0;174,5;2026-09-30 11:28:38.427428
1128;1147;20251023;140;18;15;2;6;14,9;89,4;13,41;75,99;36,0;39,99;2026-09-30 11:28:38.427428
1129;1148;20260320;185;2;7;4;5;199,9;999,5;49,98;949,52;625,0;324,52;2026-09-30 11:28:38.427428
1130;1149;20250309;166;20;15;4;3;22,9;68,7;0,0;68,7;31,5;37,2;2026-09-30 11:28:38.427428
1131;1150;20250703;61;30;7;1;1;29,9;29,9;1,5;28,4;9,0;19,4;2026-09-30 11:28:38.427428
1132;1151;20250307;185;1;7;4;5;129,9;649,5;64,95;584,55;390,0;194,55;2026-09-30 11:28:38.427428
1133;1152;20250607;34;28;7;2;5;89,9;449,5;0,0;449,5;175,0;274,5;2026-09-30 11:28:38.427428
1134;1153;20250901;95;11;7;3;6;45,0;270,0;0,0;270,0;126,0;144,0;2026-09-30 11:28:38.427428
1135;1154;20250209;8;13;15;1;4;35,9;143,6;14,36;129,24;64,0;65,24;2026-09-30 11:28:38.427428
1136;1155;20260831;101;12;13;2;3;38,5;115,5;0,0;115,5;55,5;60,0;2026-09-30 11:28:38.427428
1137;1156;20260205;57;5;3;4;6;99,9;599,4;89,91;509,49;330,0;179,49;2026-09-30 11:28:38.427428
1138;1157;20260630;195;6;7;3;3;6,5;19,5;0,0;19,5;9,6;9,9;2026-09-30 11:28:38.427428
1139;1158;20250816;88;19;7;2;2;27,9;55,8;2,79;53,01;26,0;27,01;2026-09-30 11:28:38.427428
1140;1159;20260131;144;12;15;1;3;38,5;115,5;0,0;115,5;55,5;60,0;2026-09-30 11:28:38.427428
1141;1160;20260609;148;8;3;2;1;54,9;54,9;0,0;54,9;29,0;25,9;2026-09-30 11:28:38.427428
1142;1161;20250330;94;27;15;2;6;64,9;389,4;0,0;389,4;168,0;221,4;2026-09-30 11:28:38.427428
1143;1162;20260306;122;4;11;4;2;59,9;119,8;11,98;107,82;64,0;43,82;2026-09-30 11:28:38.427428
1144;1163;20250422;73;2;11;4;1;199,9;199,9;29,98;169,92;125,0;44,92;2026-09-30 11:28:38.427428
1145;1164;20250515;194;4;15;4;6;59,9;359,4;0,0;359,4;192,0;167,4;2026-09-30 11:28:38.427428
1146;1165;20260725;199;25;8;4;3;24,9;74,7;0,0;74,7;24,0;50,7;2026-09-30 11:28:38.427428
1147;1166;20250522;127;25;15;1;4;24,9;99,6;9,96;89,64;32,0;57,64;2026-09-30 11:28:38.427428
1148;1167;20251121;183;11;5;3;6;45,0;270,0;40,5;229,5;126,0;103,5;2026-09-30 11:28:38.427428
1149;1168;20250107;11;26;15;4;6;79,9;479,4;0,0;479,4;192,0;287,4;2026-09-30 11:28:38.427428
1150;1169;20250429;84;3;16;4;2;79,9;159,8;23,97;135,83;90,0;45,83;2026-09-30 11:28:38.427428
1151;1170;20251018;78;21;11;4;6;6,9;41,4;0,0;41,4;16,8;24,6;2026-09-30 11:28:38.427428
1152;1171;20250816;109;16;12;2;2;19,9;39,8;0,0;39,8;18,0;21,8;2026-09-30 11:28:38.427428
1153;1172;20250621;95;24;15;1;1;13,9;13,9;0,0;13,9;6,2;7,7;2026-09-30 11:28:38.427428
1154;1173;20250724;156;18;11;4;1;14,9;14,9;0,0;14,9;6,0;8,9;2026-09-30 11:28:38.427428
1155;1174;20250728;184;29;7;4;1;14,9;14,9;0,74;14,16;4,0;10,16;2026-09-30 11:28:38.427428
1156;1175;20260421;83;22;7;4;4;11,9;47,6;0,0;47,6;22,0;25,6;2026-09-30 11:28:38.427428
1157;1176;20260608;199;28;7;4;5;89,9;449,5;67,42;382,08;175,0;207,08;2026-09-30 11:28:38.427428
1158;1177;20250504;166;13;15;4;1;35,9;35,9;0,0;35,9;16,0;19,9;2026-09-30 11:28:38.427428
1159;1178;20250130;84;7;13;4;5;69,9;349,5;0,0;349,5;190,0;159,5;2026-09-30 11:28:38.427428
1160;1179;20260823;20;29;15;2;2;14,9;29,8;2,98;26,82;8,0;18,82;2026-09-30 11:28:38.427428
1161;1180;20251112;69;8;15;1;5;54,9;274,5;0,0;274,5;145,0;129,5;2026-09-30 11:28:38.427428
1162;1181;20250925;65;6;9;1;4;6,5;26,0;1,3;24,7;12,8;11,9;2026-09-30 11:28:38.427428
1163;1182;20250711;147;15;8;1;5;34,9;174,5;0,0;174,5;85,0;89,5;2026-09-30 11:28:38.427428
1164;1183;20251201;36;25;3;2;5;24,9;124,5;6,22;118,28;40,0;78,28;2026-09-30 11:28:38.427428
1165;1184;20260716;49;5;15;1;3;99,9;299,7;0,0;299,7;165,0;134,7;2026-09-30 11:28:38.427428
1166;1185;20250804;178;15;8;4;5;34,9;174,5;17,45;157,05;85,0;72,05;2026-09-30 11:28:38.427428
1167;1186;20250211;52;18;15;4;4;14,9;59,6;0,0;59,6;24,0;35,6;2026-09-30 11:28:38.427428
1168;1187;20250616;54;28;7;2;5;89,9;449,5;67,42;382,08;175,0;207,08;2026-09-30 11:28:38.427428
1169;1188;20250405;78;6;7;2;6;6,5;39,0;0,0;39,0;19,2;19,8;2026-09-30 11:28:38.427428
1170;1189;20260831;128;7;5;1;1;69,9;69,9;0,0;69,9;38,0;31,9;2026-09-30 11:28:38.427428
1171;1190;20250523;14;4;5;4;6;59,9;359,4;0,0;359,4;192,0;167,4;2026-09-30 11:28:38.427428
1172;1191;20251218;170;2;3;2;1;199,9;199,9;19,99;179,91;125,0;54,91;2026-09-30 11:28:38.427428
1173;1192;20251212;54;24;15;1;2;13,9;27,8;1,39;26,41;12,4;14,01;2026-09-30 11:28:38.427428
1174;1193;20250403;73;17;11;2;1;9,9;9,9;0,0;9,9;4,5;5,4;2026-09-30 11:28:38.427428
1175;1194;20251021;97;1;13;1;5;129,9;649,5;0,0;649,5;390,0;259,5;2026-09-30 11:28:38.427428
1176;1195;20250102;55;12;7;4;6;38,5;231,0;23,1;207,9;111,0;96,9;2026-09-30 11:28:38.427428
1177;1196;20260103;141;8;7;2;4;54,9;219,6;0,0;219,6;116,0;103,6;2026-09-30 11:28:38.427428
1178;1197;20260509;14;9;14;4;1;32,0;32,0;0,0;32,0;14,0;18,0;2026-09-30 11:28:38.427428
1179;1198;20250329;111;9;11;4;1;32,0;32,0;0,0;32,0;14,0;18,0;2026-09-30 11:28:38.427428
1180;1199;20250108;57;4;5;2;3;59,9;179,7;17,97;161,73;96,0;65,73;2026-09-30 11:28:38.427428
1181;1200;20260408;95;30;11;4;4;29,9;119,6;0,0;119,6;36,0;83,6;2026-09-30 11:28:38.427428
1182;1201;20250915;123;12;15;4;3;38,5;115,5;17,32;98,18;55,5;42,68;2026-09-30 11:28:38.427428
1183;1202;20250128;189;2;7;2;1;199,9;199,9;29,98;169,92;125,0;44,92;2026-09-30 11:28:38.427428
1184;1203;20250410;187;16;14;2;2;19,9;39,8;3,98;35,82;18,0;17,82;2026-09-30 11:28:38.427428
1185;1204;20260223;116;11;15;2;6;45,0;270,0;0,0;270,0;126,0;144,0;2026-09-30 11:28:38.427428
1186;1205;20260215;45;12;7;2;5;38,5;192,5;0,0;192,5;92,5;100,0;2026-09-30 11:28:38.427428
1187;1206;20260524;8;22;15;1;3;11,9;35,7;0,0;35,7;16,5;19,2;2026-09-30 11:28:38.427428
1188;1207;20250918;112;20;7;4;4;22,9;91,6;0,0;91,6;42,0;49,6;2026-09-30 11:28:38.427428
1189;1208;20260301;109;23;15;1;4;12,9;51,6;0,0;51,6;20,0;31,6;2026-09-30 11:28:38.427428
1190;1209;20250916;10;2;7;1;4;199,9;799,6;0,0;799,6;500,0;299,6;2026-09-30 11:28:38.427428
1191;1210;20251004;147;27;15;2;6;64,9;389,4;0,0;389,4;168,0;221,4;2026-09-30 11:28:38.427428
1192;1211;20260524;102;9;7;4;5;32,0;160,0;24,0;136,0;70,0;66,0;2026-09-30 11:28:38.427428
1193;1212;20260724;192;19;15;2;4;27,9;111,6;0,0;111,6;52,0;59,6;2026-09-30 11:28:38.427428
1194;1213;20250628;196;2;7;4;4;199,9;799,6;0,0;799,6;500,0;299,6;2026-09-30 11:28:38.427428
1195;1214;20250116;18;10;11;1;5;24,9;124,5;12,45;112,05;47,5;64,55;2026-09-30 11:28:38.427428
1196;1215;20260708;44;5;15;1;1;99,9;99,9;0,0;99,9;55,0;44,9;2026-09-30 11:28:38.427428
1197;1216;20260713;22;22;15;4;6;11,9;71,4;0,0;71,4;33,0;38,4;2026-09-30 11:28:38.427428
1198;1217;20260401;6;25;11;2;5;24,9;124,5;12,45;112,05;40,0;72,05;2026-09-30 11:28:38.427428
1199;1218;20251108;137;1;16;1;1;129,9;129,9;0,0;129,9;78,0;51,9;2026-09-30 11:28:38.427428
1200;1219;20250305;7;15;5;1;5;34,9;174,5;0,0;174,5;85,0;89,5;2026-09-30 11:28:38.427428
1201;1220;20250404;196;6;7;4;2;6,5;13,0;1,3;11,7;6,4;5,3;2026-09-30 11:28:38.427428
1202;1221;20250604;119;9;11;3;2;32,0;64,0;6,4;57,6;28,0;29,6;2026-09-30 11:28:38.427428
1203;1222;20250501;67;21;15;2;1;6,9;6,9;1,03;5,87;2,8;3,07;2026-09-30 11:28:38.427428
1204;1223;20260721;143;21;15;4;2;6,9;13,8;0,0;13,8;5,6;8,2;2026-09-30 11:28:38.427428
1205;1224;20260308;180;22;15;2;6;11,9;71,4;7,14;64,26;33,0;31,26;2026-09-30 11:28:38.427428
1206;1225;20250308;114;20;15;2;4;22,9;91,6;0,0;91,6;42,0;49,6;2026-09-30 11:28:38.427428
1207;1226;20250509;1;19;3;2;2;27,9;55,8;2,79;53,01;26,0;27,01;2026-09-30 11:28:38.427428
1208;1227;20250922;102;23;15;4;5;12,9;64,5;0,0;64,5;25,0;39,5;2026-09-30 11:28:38.427428
1209;1228;20250426;151;20;3;3;1;22,9;22,9;3,44;19,46;10,5;8,96;2026-09-30 11:28:38.427428
1210;1229;20260222;1;6;15;2;2;6,5;13,0;0,0;13,0;6,4;6,6;2026-09-30 11:28:38.427428
1211;1230;20260104;72;13;15;4;3;35,9;107,7;16,16;91,54;48,0;43,54;2026-09-30 11:28:38.427428
1212;1231;20260303;103;28;15;3;2;89,9;179,8;26,97;152,83;70,0;82,83;2026-09-30 11:28:38.427428
1213;1232;20260714;162;25;7;3;5;24,9;124,5;0,0;124,5;40,0;84,5;2026-09-30 11:28:38.427428
1214;1233;20260614;27;18;15;4;2;14,9;29,8;4,47;25,33;12,0;13,33;2026-09-30 11:28:38.427428
1215;1234;20250912;179;9;15;3;5;32,0;160,0;8,0;152,0;70,0;82,0;2026-09-30 11:28:38.427428
1216;1235;20250925;81;10;7;1;6;24,9;149,4;22,41;126,99;57,0;69,99;2026-09-30 11:28:38.427428
1217;1236;20251226;30;12;7;2;2;38,5;77,0;0,0;77,0;37,0;40,0;2026-09-30 11:28:38.427428
1218;1237;20260225;182;25;15;4;5;24,9;124,5;12,45;112,05;40,0;72,05;2026-09-30 11:28:38.427428
1219;1238;20250520;77;1;3;3;1;129,9;129,9;6,5;123,4;78,0;45,4;2026-09-30 11:28:38.427428
1220;1239;20260225;13;9;11;2;6;32,0;192,0;0,0;192,0;84,0;108,0;2026-09-30 11:28:38.427428
1221;1240;20251112;197;16;4;4;4;19,9;79,6;0,0;79,6;36,0;43,6;2026-09-30 11:28:38.427428
1222;1241;20250514;163;8;11;2;3;54,9;164,7;0,0;164,7;87,0;77,7;2026-09-30 11:28:38.427428
1223;1242;20260312;42;20;14;2;5;22,9;114,5;17,18;97,32;52,5;44,82;2026-09-30 11:28:38.427428
1224;1243;20260501;80;26;16;2;4;79,9;319,6;0,0;319,6;128,0;191,6;2026-09-30 11:28:38.427428
1225;1244;20250915;137;23;8;2;1;12,9;12,9;1,94;10,96;5,0;5,96;2026-09-30 11:28:38.427428
1226;1245;20250720;21;17;7;3;4;9,9;39,6;0,0;39,6;18,0;21,6;2026-09-30 11:28:38.427428
1227;1246;20250927;43;30;9;2;3;29,9;89,7;8,97;80,73;27,0;53,73;2026-09-30 11:28:38.427428
1228;1247;20251221;179;8;7;4;6;54,9;329,4;16,47;312,93;174,0;138,93;2026-09-30 11:28:38.427428
1229;1248;20250629;80;27;13;4;6;64,9;389,4;0,0;389,4;168,0;221,4;2026-09-30 11:28:38.427428
1230;1249;20251109;168;12;15;3;3;38,5;115,5;0,0;115,5;55,5;60,0;2026-09-30 11:28:38.427428
1231;1250;20260404;74;3;7;4;1;79,9;79,9;11,98;67,92;45,0;22,92;2026-09-30 11:28:38.427428
1232;1251;20250731;63;24;16;4;1;13,9;13,9;1,39;12,51;6,2;6,31;2026-09-30 11:28:38.427428
1233;1252;20251229;183;18;7;4;4;14,9;59,6;0,0;59,6;24,0;35,6;2026-09-30 11:28:38.427428
1234;1253;20250824;84;2;7;3;3;199,9;599,7;59,97;539,73;375,0;164,73;2026-09-30 11:28:38.427428
1235;1255;20260314;14;9;5;1;3;32,0;96,0;14,4;81,6;42,0;39,6;2026-09-30 11:28:38.427428
1236;1256;20251125;62;20;7;4;2;22,9;45,8;4,58;41,22;21,0;20,22;2026-09-30 11:28:38.427428
1237;1257;20260824;136;18;11;4;6;14,9;89,4;4,47;84,93;36,0;48,93;2026-09-30 11:28:38.427428
1238;1258;20251008;116;11;15;3;4;45,0;180,0;18,0;162,0;84,0;78,0;2026-09-30 11:28:38.427428
1239;1259;20250516;53;18;7;4;6;14,9;89,4;13,41;75,99;36,0;39,99;2026-09-30 11:28:38.427428
1240;1260;20260717;128;26;15;4;1;79,9;79,9;0,0;79,9;32,0;47,9;2026-09-30 11:28:38.427428
1241;1261;20250806;43;17;15;2;5;9,9;49,5;0,0;49,5;22,5;27,0;2026-09-30 11:28:38.427428
1242;1262;20250131;131;23;7;1;5;12,9;64,5;9,68;54,82;25,0;29,82;2026-09-30 11:28:38.427428
1243;1264;20260510;71;8;11;2;6;54,9;329,4;0,0;329,4;174,0;155,4;2026-09-30 11:28:38.427428
1244;1265;20250104;51;14;11;2;5;27,9;139,5;13,95;125,55;55,0;70,55;2026-09-30 11:28:38.427428
1245;1266;20250318;85;9;3;1;3;32,0;96,0;0,0;96,0;42,0;54,0;2026-09-30 11:28:38.427428
1246;1268;20260829;69;18;7;1;3;14,9;44,7;6,7;38,0;18,0;20,0;2026-09-30 11:28:38.427428
1247;1269;20260805;145;18;7;2;2;14,9;29,8;1,49;28,31;12,0;16,31;2026-09-30 11:28:38.427428
1248;1270;20260429;136;14;8;4;5;27,9;139,5;13,95;125,55;55,0;70,55;2026-09-30 11:28:38.427428
1249;1271;20260411;97;19;7;2;4;27,9;111,6;0,0;111,6;52,0;59,6;2026-09-30 11:28:38.427428
1250;1273;20260418;93;29;7;4;5;14,9;74,5;0,0;74,5;20,0;54,5;2026-09-30 11:28:38.427428
1251;1274;20250318;25;22;7;2;6;11,9;71,4;3,57;67,83;33,0;34,83;2026-09-30 11:28:38.427428
1252;1275;20250525;155;19;15;1;4;27,9;111,6;0,0;111,6;52,0;59,6;2026-09-30 11:28:38.427428
1253;1276;20250418;142;30;7;2;3;29,9;89,7;0,0;89,7;27,0;62,7;2026-09-30 11:28:38.427428
1254;1278;20250520;72;11;11;3;4;45,0;180,0;27,0;153,0;84,0;69,0;2026-09-30 11:28:38.427428
1255;1279;20260513;134;29;3;1;6;14,9;89,4;8,94;80,46;24,0;56,46;2026-09-30 11:28:38.427428
1256;1280;20260710;198;8;15;4;1;54,9;54,9;0,0;54,9;29,0;25,9;2026-09-30 11:28:38.427428
1257;1281;20250702;119;2;14;2;1;199,9;199,9;29,98;169,92;125,0;44,92;2026-09-30 11:28:38.427428
1258;1282;20260328;14;3;7;1;6;79,9;479,4;71,91;407,49;270,0;137,49;2026-09-30 11:28:38.427428
1259;1284;20250807;106;5;15;1;5;99,9;499,5;0,0;499,5;275,0;224,5;2026-09-30 11:28:38.427428
1260;1285;20250525;122;24;11;2;1;13,9;13,9;0,0;13,9;6,2;7,7;2026-09-30 11:28:38.427428
1261;1286;20250707;18;5;11;1;3;99,9;299,7;0,0;299,7;165,0;134,7;2026-09-30 11:28:38.427428
1262;1287;20250605;108;9;15;4;5;32,0;160,0;8,0;152,0;70,0;82,0;2026-09-30 11:28:38.427428
1263;1288;20250915;77;15;7;2;2;34,9;69,8;3,49;66,31;34,0;32,31;2026-09-30 11:28:38.427428
1264;1289;20260708;13;30;15;2;6;29,9;179,4;0,0;179,4;54,0;125,4;2026-09-30 11:28:38.427428
1265;1290;20250613;53;15;15;4;5;34,9;174,5;8,72;165,78;85,0;80,78;2026-09-30 11:28:38.427428
1266;1291;20250129;171;25;15;3;3;24,9;74,7;3,74;70,96;24,0;46,96;2026-09-30 11:28:38.427428
1267;1292;20251203;76;17;2;2;4;9,9;39,6;3,96;35,64;18,0;17,64;2026-09-30 11:28:38.427428
1268;1293;20250828;81;6;3;1;6;6,5;39,0;5,85;33,15;19,2;13,95;2026-09-30 11:28:38.427428
1269;1294;20260803;92;29;3;1;1;14,9;14,9;2,24;12,66;4,0;8,66;2026-09-30 11:28:38.427428
1270;1295;20251222;168;4;7;4;3;59,9;179,7;17,97;161,73;96,0;65,73;2026-09-30 11:28:38.427428
1271;1296;20250513;119;2;7;4;4;199,9;799,6;39,98;759,62;500,0;259,62;2026-09-30 11:28:38.427428
1272;1297;20260207;74;1;7;2;2;129,9;259,8;25,98;233,82;156,0;77,82;2026-09-30 11:28:38.427428
1273;1299;20251211;158;21;9;1;5;6,9;34,5;1,72;32,78;14,0;18,78;2026-09-30 11:28:38.427428
1274;1300;20250314;9;12;7;2;6;38,5;231,0;0,0;231,0;111,0;120,0;2026-09-30 11:28:38.427428
1275;1301;20260504;68;14;11;4;5;27,9;139,5;0,0;139,5;55,0;84,5;2026-09-30 11:28:38.427428
1276;1302;20251023;79;5;7;2;6;99,9;599,4;29,97;569,43;330,0;239,43;2026-09-30 11:28:38.427428
1277;1303;20250109;56;15;7;3;4;34,9;139,6;0,0;139,6;68,0;71,6;2026-09-30 11:28:38.427428
1278;1304;20250708;150;5;7;1;4;99,9;399,6;0,0;399,6;220,0;179,6;2026-09-30 11:28:38.427428
1279;1305;20250202;147;8;6;1;3;54,9;164,7;0,0;164,7;87,0;77,7;2026-09-30 11:28:38.427428
1280;1306;20260607;65;1;15;4;6;129,9;779,4;0,0;779,4;468,0;311,4;2026-09-30 11:28:38.427428
1281;1307;20260413;86;5;11;4;5;99,9;499,5;74,92;424,58;275,0;149,58;2026-09-30 11:28:38.427428
1282;1308;20260310;80;19;15;4;2;27,9;55,8;0,0;55,8;26,0;29,8;2026-09-30 11:28:38.427428
1283;1309;20260618;48;6;15;1;1;6,5;6,5;0,0;6,5;3,2;3,3;2026-09-30 11:28:38.427428
1284;1310;20260718;2;4;15;4;1;59,9;59,9;0,0;59,9;32,0;27,9;2026-09-30 11:28:38.427428
1285;1311;20250508;134;22;4;4;2;11,9;23,8;1,19;22,61;11,0;11,61;2026-09-30 11:28:38.427428
1286;1312;20260718;141;25;7;4;1;24,9;24,9;0,0;24,9;8,0;16,9;2026-09-30 11:28:38.427428
1287;1313;20250221;193;6;15;1;6;6,5;39,0;5,85;33,15;19,2;13,95;2026-09-30 11:28:38.427428
1288;1314;20260605;149;7;11;3;1;69,9;69,9;0,0;69,9;38,0;31,9;2026-09-30 11:28:38.427428
1289;1315;20260504;42;2;15;4;6;199,9;1199,4;0,0;1199,4;750,0;449,4;2026-09-30 11:28:38.427428
1290;1316;20250401;72;27;5;2;2;64,9;129,8;0,0;129,8;56,0;73,8;2026-09-30 11:28:38.427428
1291;1317;20260104;148;17;7;1;6;9,9;59,4;2,97;56,43;27,0;29,43;2026-09-30 11:28:38.427428
1292;1318;20250602;57;5;13;3;1;99,9;99,9;14,98;84,92;55,0;29,92;2026-09-30 11:28:38.427428
1293;1319;20250514;129;8;7;4;3;54,9;164,7;0,0;164,7;87,0;77,7;2026-09-30 11:28:38.427428
1294;1320;20260413;118;12;15;2;6;38,5;231,0;0,0;231,0;111,0;120,0;2026-09-30 11:28:38.427428
1295;1321;20250317;121;22;13;2;1;11,9;11,9;0,0;11,9;5,5;6,4;2026-09-30 11:28:38.427428
1296;1322;20260709;71;17;7;2;2;9,9;19,8;0,0;19,8;9,0;10,8;2026-09-30 11:28:38.427428
1297;1323;20260725;95;4;7;3;4;59,9;239,6;35,94;203,66;128,0;75,66;2026-09-30 11:28:38.427428
1298;1324;20260808;132;2;15;2;4;199,9;799,6;119,94;679,66;500,0;179,66;2026-09-30 11:28:38.427428
1299;1325;20250721;176;9;7;4;3;32,0;96,0;0,0;96,0;42,0;54,0;2026-09-30 11:28:38.427428
1300;1326;20250518;112;13;15;1;2;35,9;71,8;10,77;61,03;32,0;29,03;2026-09-30 11:28:38.427428
1301;1327;20250930;173;30;15;3;6;29,9;179,4;0,0;179,4;54,0;125,4;2026-09-30 11:28:38.427428
1302;1328;20250601;164;20;7;1;6;22,9;137,4;0,0;137,4;63,0;74,4;2026-09-30 11:28:38.427428
1303;1329;20250518;185;13;3;4;3;35,9;107,7;0,0;107,7;48,0;59,7;2026-09-30 11:28:38.427428
1304;1330;20250205;177;8;13;1;2;54,9;109,8;0,0;109,8;58,0;51,8;2026-09-30 11:28:38.427428
1305;1331;20260204;177;1;7;4;3;129,9;389,7;19,48;370,22;234,0;136,22;2026-09-30 11:28:38.427428
1306;1332;20251210;52;24;1;3;3;13,9;41,7;0,0;41,7;18,6;23,1;2026-09-30 11:28:38.427428
1307;1333;20250307;111;13;3;4;6;35,9;215,4;0,0;215,4;96,0;119,4;2026-09-30 11:28:38.427428
1308;1334;20251110;131;30;12;2;1;29,9;29,9;0,0;29,9;9,0;20,9;2026-09-30 11:28:38.427428
1309;1335;20250426;62;12;7;1;5;38,5;192,5;0,0;192,5;92,5;100,0;2026-09-30 11:28:38.427428
1310;1336;20250223;171;4;7;3;3;59,9;179,7;0,0;179,7;96,0;83,7;2026-09-30 11:28:38.427428
1311;1337;20250227;116;27;7;2;1;64,9;64,9;3,24;61,66;28,0;33,66;2026-09-30 11:28:38.427428
1312;1338;20260523;136;29;15;2;1;14,9;14,9;2,24;12,66;4,0;8,66;2026-09-30 11:28:38.427428
1313;1339;20250803;93;15;3;4;1;34,9;34,9;5,24;29,66;17,0;12,66;2026-09-30 11:28:38.427428
1314;1340;20260526;13;26;7;4;4;79,9;319,6;0,0;319,6;128,0;191,6;2026-09-30 11:28:38.427428
1315;1341;20250601;57;1;7;2;6;129,9;779,4;0,0;779,4;468,0;311,4;2026-09-30 11:28:38.427428
1316;1342;20250217;196;15;8;3;1;34,9;34,9;3,49;31,41;17,0;14,41;2026-09-30 11:28:38.427428
1317;1343;20250605;124;11;5;2;6;45,0;270,0;40,5;229,5;126,0;103,5;2026-09-30 11:28:38.427428
1318;1344;20260811;178;7;15;4;1;69,9;69,9;10,48;59,42;38,0;21,42;2026-09-30 11:28:38.427428
1319;1345;20250722;97;3;16;4;4;79,9;319,6;15,98;303,62;180,0;123,62;2026-09-30 11:28:38.427428
1320;1346;20260512;64;1;15;1;5;129,9;649,5;0,0;649,5;390,0;259,5;2026-09-30 11:28:38.427428
1321;1347;20260330;59;22;7;2;2;11,9;23,8;2,38;21,42;11,0;10,42;2026-09-30 11:28:38.427428
1322;1348;20250816;91;28;15;3;4;89,9;359,6;0,0;359,6;140,0;219,6;2026-09-30 11:28:38.427428
1323;1349;20260203;156;3;11;1;1;79,9;79,9;0,0;79,9;45,0;34,9;2026-09-30 11:28:38.427428
1324;1351;20250922;200;22;7;2;6;11,9;71,4;0,0;71,4;33,0;38,4;2026-09-30 11:28:38.427428
1325;1352;20260605;5;7;15;2;6;69,9;419,4;41,94;377,46;228,0;149,46;2026-09-30 11:28:38.427428
1326;1353;20250708;46;22;3;1;6;11,9;71,4;7,14;64,26;33,0;31,26;2026-09-30 11:28:38.427428
1327;1354;20260506;63;11;11;1;2;45,0;90,0;0,0;90,0;42,0;48,0;2026-09-30 11:28:38.427428
1328;1356;20250823;147;13;7;2;6;35,9;215,4;32,31;183,09;96,0;87,09;2026-09-30 11:28:38.427428
1329;1357;20250628;161;16;15;1;1;19,9;19,9;1,99;17,91;9,0;8,91;2026-09-30 11:28:38.427428
1330;1358;20260814;185;11;7;4;4;45,0;180,0;0,0;180,0;84,0;96,0;2026-09-30 11:28:38.427428
1331;1359;20250917;44;6;3;2;1;6,5;6,5;0,0;6,5;3,2;3,3;2026-09-30 11:28:38.427428
1332;1360;20260317;159;3;5;2;2;79,9;159,8;0,0;159,8;90,0;69,8;2026-09-30 11:28:38.427428
1333;1361;20250825;21;16;7;1;2;19,9;39,8;5,97;33,83;18,0;15,83;2026-09-30 11:28:38.427428
1334;1362;20260712;108;23;15;4;5;12,9;64,5;0,0;64,5;25,0;39,5;2026-09-30 11:28:38.427428
1335;1363;20260127;85;30;15;1;6;29,9;179,4;0,0;179,4;54,0;125,4;2026-09-30 11:28:38.427428
1336;1364;20250312;91;6;15;2;2;6,5;13,0;1,95;11,05;6,4;4,65;2026-09-30 11:28:38.427428
1337;1365;20250221;1;21;6;4;4;6,9;27,6;0,0;27,6;11,2;16,4;2026-09-30 11:28:38.427428
1338;1366;20260406;80;22;7;4;4;11,9;47,6;0,0;47,6;22,0;25,6;2026-09-30 11:28:38.427428
1339;1367;20250814;121;9;15;4;3;32,0;96,0;0,0;96,0;42,0;54,0;2026-09-30 11:28:38.427428
1340;1368;20260102;36;15;8;1;4;34,9;139,6;6,98;132,62;68,0;64,62;2026-09-30 11:28:38.427428
1341;1369;20250614;119;24;7;2;1;13,9;13,9;0,0;13,9;6,2;7,7;2026-09-30 11:28:38.427428
1342;1370;20251210;157;10;15;2;5;24,9;124,5;0,0;124,5;47,5;77,0;2026-09-30 11:28:38.427428
1343;1371;20250815;79;25;13;4;3;24,9;74,7;7,47;67,23;24,0;43,23;2026-09-30 11:28:38.427428
1344;1372;20250922;71;19;7;3;2;27,9;55,8;2,79;53,01;26,0;27,01;2026-09-30 11:28:38.427428
1345;1373;20250818;13;17;15;4;6;9,9;59,4;2,97;56,43;27,0;29,43;2026-09-30 11:28:38.427428
1346;1374;20260820;70;19;15;1;6;27,9;167,4;0,0;167,4;78,0;89,4;2026-09-30 11:28:38.427428
1347;1375;20260506;84;2;12;4;6;199,9;1199,4;0,0;1199,4;750,0;449,4;2026-09-30 11:28:38.427428
1348;1376;20250509;10;12;15;1;3;38,5;115,5;0,0;115,5;55,5;60,0;2026-09-30 11:28:38.427428
1349;1377;20250129;37;3;11;3;2;79,9;159,8;15,98;143,82;90,0;53,82;2026-09-30 11:28:38.427428
1350;1378;20260820;87;13;7;3;3;35,9;107,7;10,77;96,93;48,0;48,93;2026-09-30 11:28:38.427428
1351;1379;20251102;49;20;7;2;2;22,9;45,8;0,0;45,8;21,0;24,8;2026-09-30 11:28:38.427428
1352;1380;20250715;105;18;3;2;3;14,9;44,7;0,0;44,7;18,0;26,7;2026-09-30 11:28:38.427428
1353;1381;20250826;170;6;6;1;3;6,5;19,5;0,0;19,5;9,6;9,9;2026-09-30 11:28:38.427428
1354;1382;20260720;167;22;6;4;4;11,9;47,6;0,0;47,6;22,0;25,6;2026-09-30 11:28:38.427428
1355;1383;20250402;166;25;3;4;5;24,9;124,5;12,45;112,05;40,0;72,05;2026-09-30 11:28:38.427428
1356;1384;20260704;94;2;15;2;3;199,9;599,7;0,0;599,7;375,0;224,7;2026-09-30 11:28:38.427428
1357;1385;20250613;51;6;15;2;4;6,5;26,0;0,0;26,0;12,8;13,2;2026-09-30 11:28:38.427428
1358;1386;20250111;59;11;15;2;4;45,0;180,0;0,0;180,0;84,0;96,0;2026-09-30 11:28:38.427428
1359;1388;20250322;45;24;7;4;1;13,9;13,9;0,0;13,9;6,2;7,7;2026-09-30 11:28:38.427428
1360;1389;20250511;139;7;5;1;3;69,9;209,7;0,0;209,7;114,0;95,7;2026-09-30 11:28:38.427428
1361;1390;20250516;75;30;11;2;1;29,9;29,9;0,0;29,9;9,0;20,9;2026-09-30 11:28:38.427428
1362;1391;20260523;83;15;15;2;6;34,9;209,4;31,41;177,99;102,0;75,99;2026-09-30 11:28:38.427428
1363;1392;20260328;40;13;7;3;3;35,9;107,7;16,16;91,54;48,0;43,54;2026-09-30 11:28:38.427428
1364;1393;20251218;99;11;9;4;5;45,0;225,0;0,0;225,0;105,0;120,0;2026-09-30 11:28:38.427428
1365;1394;20250320;48;8;15;3;4;54,9;219,6;0,0;219,6;116,0;103,6;2026-09-30 11:28:38.427428
1366;1395;20250317;117;23;16;2;5;12,9;64,5;9,68;54,82;25,0;29,82;2026-09-30 11:28:38.427428
1367;1396;20250915;178;8;15;1;5;54,9;274,5;0,0;274,5;145,0;129,5;2026-09-30 11:28:38.427428
1368;1397;20250918;64;6;7;2;2;6,5;13,0;0,0;13,0;6,4;6,6;2026-09-30 11:28:38.427428
1369;1398;20260127;50;13;7;2;6;35,9;215,4;0,0;215,4;96,0;119,4;2026-09-30 11:28:38.427428
1370;1399;20260616;128;10;7;2;4;24,9;99,6;4,98;94,62;38,0;56,62;2026-09-30 11:28:38.427428
1371;1400;20251224;19;28;11;4;3;89,9;269,7;13,48;256,22;105,0;151,22;2026-09-30 11:28:38.427428
1372;1401;20251121;107;23;15;2;2;12,9;25,8;0,0;25,8;10,0;15,8;2026-09-30 11:28:38.427428
1373;1402;20260213;90;30;15;4;3;29,9;89,7;4,49;85,21;27,0;58,21;2026-09-30 11:28:38.427428
1374;1403;20260225;56;5;15;1;5;99,9;499,5;0,0;499,5;275,0;224,5;2026-09-30 11:28:38.427428
1375;1404;20260223;45;14;7;2;2;27,9;55,8;8,37;47,43;22,0;25,43;2026-09-30 11:28:38.427428
1376;1405;20260719;87;3;14;2;3;79,9;239,7;0,0;239,7;135,0;104,7;2026-09-30 11:28:38.427428
1377;1406;20250818;181;28;15;2;1;89,9;89,9;13,48;76,42;35,0;41,42;2026-09-30 11:28:38.427428
1378;1407;20250426;183;26;7;4;1;79,9;79,9;0,0;79,9;32,0;47,9;2026-09-30 11:28:38.427428
1379;1408;20250926;143;10;15;2;1;24,9;24,9;1,25;23,65;9,5;14,15;2026-09-30 11:28:38.427428
1380;1409;20260525;114;1;7;2;1;129,9;129,9;12,99;116,91;78,0;38,91;2026-09-30 11:28:38.427428
1381;1410;20251115;199;13;13;1;6;35,9;215,4;21,54;193,86;96,0;97,86;2026-09-30 11:28:38.427428
1382;1411;20250118;79;23;15;4;4;12,9;51,6;5,16;46,44;20,0;26,44;2026-09-30 11:28:38.427428
1383;1412;20260805;198;4;5;4;3;59,9;179,7;26,96;152,74;96,0;56,74;2026-09-30 11:28:38.427428
1384;1413;20260624;25;14;13;2;5;27,9;139,5;13,95;125,55;55,0;70,55;2026-09-30 11:28:38.427428
1385;1414;20250103;16;14;15;2;4;27,9;111,6;0,0;111,6;44,0;67,6;2026-09-30 11:28:38.427428
1386;1416;20250305;16;26;15;4;5;79,9;399,5;0,0;399,5;160,0;239,5;2026-09-30 11:28:38.427428
1387;1417;20260529;157;8;7;1;2;54,9;109,8;0,0;109,8;58,0;51,8;2026-09-30 11:28:38.427428
1388;1418;20260710;193;24;11;2;1;13,9;13,9;2,08;11,82;6,2;5,62;2026-09-30 11:28:38.427428
1389;1420;20250306;136;8;15;1;3;54,9;164,7;0,0;164,7;87,0;77,7;2026-09-30 11:28:38.427428
1390;1421;20260115;149;29;15;2;4;14,9;59,6;0,0;59,6;16,0;43,6;2026-09-30 11:28:38.427428
1391;1422;20260401;105;9;7;4;2;32,0;64,0;0,0;64,0;28,0;36,0;2026-09-30 11:28:38.427428
1392;1423;20250702;189;21;15;1;2;6,9;13,8;1,38;12,42;5,6;6,82;2026-09-30 11:28:38.427428
1393;1424;20251229;148;23;15;4;4;12,9;51,6;7,74;43,86;20,0;23,86;2026-09-30 11:28:38.427428
1394;1425;20260322;161;29;15;2;2;14,9;29,8;2,98;26,82;8,0;18,82;2026-09-30 11:28:38.427428
1395;1426;20260226;109;1;3;4;4;129,9;519,6;25,98;493,62;312,0;181,62;2026-09-30 11:28:38.427428
1396;1428;20260419;63;7;11;2;5;69,9;349,5;0,0;349,5;190,0;159,5;2026-09-30 11:28:38.427428
1397;1429;20260701;8;18;15;4;5;14,9;74,5;0,0;74,5;30,0;44,5;2026-09-30 11:28:38.427428
1398;1430;20250202;42;29;15;2;1;14,9;14,9;0,0;14,9;4,0;10,9;2026-09-30 11:28:38.427428
1399;1431;20250916;92;2;15;4;1;199,9;199,9;9,99;189,91;125,0;64,91;2026-09-30 11:28:38.427428
1400;1432;20260708;142;28;7;3;6;89,9;539,4;0,0;539,4;210,0;329,4;2026-09-30 11:28:38.427428
1401;1433;20260403;95;18;14;1;3;14,9;44,7;0,0;44,7;18,0;26,7;2026-09-30 11:28:38.427428
1402;1434;20251231;166;25;15;2;6;24,9;149,4;0,0;149,4;48,0;101,4;2026-09-30 11:28:38.427428
1403;1435;20251029;111;25;7;1;5;24,9;124,5;0,0;124,5;40,0;84,5;2026-09-30 11:28:38.427428
1404;1436;20250201;29;17;12;2;4;9,9;39,6;3,96;35,64;18,0;17,64;2026-09-30 11:28:38.427428
1405;1438;20250510;30;30;1;4;3;29,9;89,7;0,0;89,7;27,0;62,7;2026-09-30 11:28:38.427428
1406;1439;20250109;85;14;16;4;2;27,9;55,8;0,0;55,8;22,0;33,8;2026-09-30 11:28:38.427428
1407;1440;20251130;96;10;15;1;4;24,9;99,6;4,98;94,62;38,0;56,62;2026-09-30 11:28:38.427428
1408;1441;20250521;74;18;7;1;2;14,9;29,8;0,0;29,8;12,0;17,8;2026-09-30 11:28:38.427428
1409;1442;20250404;18;2;11;2;1;199,9;199,9;19,99;179,91;125,0;54,91;2026-09-30 11:28:38.427428
1410;1443;20250910;159;16;7;2;2;19,9;39,8;0,0;39,8;18,0;21,8;2026-09-30 11:28:38.427428
1411;1444;20251117;26;22;15;4;3;11,9;35,7;0,0;35,7;16,5;19,2;2026-09-30 11:28:38.427428
1412;1445;20260107;79;2;15;4;3;199,9;599,7;29,98;569,72;375,0;194,72;2026-09-30 11:28:38.427428
1413;1446;20260626;188;21;11;1;2;6,9;13,8;1,38;12,42;5,6;6,82;2026-09-30 11:28:38.427428
1414;1447;20251024;155;10;15;2;6;24,9;149,4;0,0;149,4;57,0;92,4;2026-09-30 11:28:38.427428
1415;1448;20250725;62;17;8;4;2;9,9;19,8;2,97;16,83;9,0;7,83;2026-09-30 11:28:38.427428
1416;1449;20251228;45;17;7;4;5;9,9;49,5;0,0;49,5;22,5;27,0;2026-09-30 11:28:38.427428
1417;1450;20260223;84;22;7;4;1;11,9;11,9;1,78;10,12;5,5;4,62;2026-09-30 11:28:38.427428
1418;1451;20260312;176;17;15;2;1;9,9;9,9;0,0;9,9;4,5;5,4;2026-09-30 11:28:38.427428
1419;1452;20250308;80;24;15;4;4;13,9;55,6;0,0;55,6;24,8;30,8;2026-09-30 11:28:38.427428
1420;1453;20260825;148;21;12;4;4;6,9;27,6;1,38;26,22;11,2;15,02;2026-09-30 11:28:38.427428
1421;1454;20251215;42;8;8;4;5;54,9;274,5;0,0;274,5;145,0;129,5;2026-09-30 11:28:38.427428
1422;1455;20260614;77;6;11;1;6;6,5;39,0;1,95;37,05;19,2;17,85;2026-09-30 11:28:38.427428
1423;1456;20260518;85;15;8;3;2;34,9;69,8;6,98;62,82;34,0;28,82;2026-09-30 11:28:38.427428
1424;1457;20260821;119;27;7;4;5;64,9;324,5;32,45;292,05;140,0;152,05;2026-09-30 11:28:38.427428
1425;1458;20260408;21;10;15;2;5;24,9;124,5;0,0;124,5;47,5;77,0;2026-09-30 11:28:38.427428
1426;1459;20250731;109;30;11;3;3;29,9;89,7;0,0;89,7;27,0;62,7;2026-09-30 11:28:38.427428
1427;1460;20260321;138;24;11;3;2;13,9;27,8;0,0;27,8;12,4;15,4;2026-09-30 11:28:38.427428
1428;1461;20250124;189;3;6;3;3;79,9;239,7;35,96;203,74;135,0;68,74;2026-09-30 11:28:38.427428
1429;1462;20260115;81;21;7;2;2;6,9;13,8;0,0;13,8;5,6;8,2;2026-09-30 11:28:38.427428
1430;1463;20260706;193;12;11;1;1;38,5;38,5;0,0;38,5;18,5;20,0;2026-09-30 11:28:38.427428
1431;1464;20250505;148;7;11;4;2;69,9;139,8;0,0;139,8;76,0;63,8;2026-09-30 11:28:38.427428
1432;1465;20250907;186;16;16;4;3;19,9;59,7;0,0;59,7;27,0;32,7;2026-09-30 11:28:38.427428
1433;1466;20251103;55;23;7;3;1;12,9;12,9;1,29;11,61;5,0;6,61;2026-09-30 11:28:38.427428
1434;1467;20260327;21;17;7;4;4;9,9;39,6;0,0;39,6;18,0;21,6;2026-09-30 11:28:38.427428
1435;1468;20251126;193;8;3;2;5;54,9;274,5;41,18;233,32;145,0;88,32;2026-09-30 11:28:38.427428
1436;1469;20250710;92;28;11;4;4;89,9;359,6;0,0;359,6;140,0;219,6;2026-09-30 11:28:38.427428
1437;1470;20260513;47;2;15;3;6;199,9;1199,4;0,0;1199,4;750,0;449,4;2026-09-30 11:28:38.427428
1438;1471;20250326;97;14;15;4;1;27,9;27,9;4,18;23,72;11,0;12,72;2026-09-30 11:28:38.427428
1439;1472;20251103;105;11;15;2;6;45,0;270,0;40,5;229,5;126,0;103,5;2026-09-30 11:28:38.427428
1440;1473;20250527;125;18;14;3;1;14,9;14,9;0,0;14,9;6,0;8,9;2026-09-30 11:28:38.427428
1441;1474;20250824;152;9;11;4;6;32,0;192,0;0,0;192,0;84,0;108,0;2026-09-30 11:28:38.427428
1442;1475;20250104;146;13;16;3;3;35,9;107,7;0,0;107,7;48,0;59,7;2026-09-30 11:28:38.427428
1443;1476;20250831;197;25;7;2;3;24,9;74,7;0,0;74,7;24,0;50,7;2026-09-30 11:28:38.427428
1444;1477;20260728;31;7;15;2;1;69,9;69,9;10,48;59,42;38,0;21,42;2026-09-30 11:28:38.427428
1445;1478;20260620;17;27;5;1;1;64,9;64,9;3,24;61,66;28,0;33,66;2026-09-30 11:28:38.427428
1446;1479;20260406;4;8;15;4;6;54,9;329,4;49,41;279,99;174,0;105,99;2026-09-30 11:28:38.427428
1447;1480;20250710;140;7;16;3;5;69,9;349,5;0,0;349,5;190,0;159,5;2026-09-30 11:28:38.427428
1448;1481;20250329;157;3;8;2;6;79,9;479,4;0,0;479,4;270,0;209,4;2026-09-30 11:28:38.427428
1449;1482;20251006;26;3;15;2;1;79,9;79,9;4,0;75,9;45,0;30,9;2026-09-30 11:28:38.427428
1450;1483;20250528;37;3;15;4;1;79,9;79,9;11,98;67,92;45,0;22,92;2026-09-30 11:28:38.427428
1451;1484;20260523;77;9;15;3;5;32,0;160,0;24,0;136,0;70,0;66,0;2026-09-30 11:28:38.427428
1452;1485;20250222;10;7;15;2;2;69,9;139,8;0,0;139,8;76,0;63,8;2026-09-30 11:28:38.427428
1453;1486;20250605;200;5;15;4;5;99,9;499,5;0,0;499,5;275,0;224,5;2026-09-30 11:28:38.427428
1454;1487;20260711;150;24;15;2;2;13,9;27,8;0,0;27,8;12,4;15,4;2026-09-30 11:28:38.427428
1455;1488;20260418;56;5;6;1;3;99,9;299,7;14,98;284,72;165,0;119,72;2026-09-30 11:28:38.427428
1456;1489;20260803;11;6;7;4;2;6,5;13,0;1,3;11,7;6,4;5,3;2026-09-30 11:28:38.427428
1457;1490;20260222;29;1;16;3;3;129,9;389,7;0,0;389,7;234,0;155,7;2026-09-30 11:28:38.427428
1458;1491;20250529;58;1;15;2;4;129,9;519,6;77,94;441,66;312,0;129,66;2026-09-30 11:28:38.427428
1459;1492;20260825;70;3;15;1;6;79,9;479,4;71,91;407,49;270,0;137,49;2026-09-30 11:28:38.427428
1460;1493;20250704;97;10;15;4;6;24,9;149,4;7,47;141,93;57,0;84,93;2026-09-30 11:28:38.427428
1461;1494;20251104;185;8;15;1;2;54,9;109,8;5,49;104,31;58,0;46,31;2026-09-30 11:28:38.427428
1462;1495;20260812;171;18;15;1;3;14,9;44,7;0,0;44,7;18,0;26,7;2026-09-30 11:28:38.427428
1463;1496;20260703;106;14;5;3;5;27,9;139,5;0,0;139,5;55,0;84,5;2026-09-30 11:28:38.427428
1464;1497;20260528;135;5;13;2;2;99,9;199,8;0,0;199,8;110,0;89,8;2026-09-30 11:28:38.427428
1465;1498;20251026;159;18;7;4;1;14,9;14,9;2,24;12,66;6,0;6,66;2026-09-30 11:28:38.427428
1466;1499;20250722;84;17;13;4;2;9,9;19,8;0,0;19,8;9,0;10,8;2026-09-30 11:28:38.427428
1467;1500;20251123;71;17;15;3;2;9,9;19,8;0,0;19,8;9,0;10,8;2026-09-30 11:28:38.427428
1468;1501;20260103;85;24;11;2;4;13,9;55,6;0,0;55,6;24,8;30,8;2026-09-30 11:28:38.427428
1469;1502;20260831;29;8;13;1;3;54,9;164,7;8,24;156,46;87,0;69,46;2026-09-30 11:28:38.427428
1470;1503;20250405;99;4;10;1;3;59,9;179,7;8,98;170,72;96,0;74,72;2026-09-30 11:28:38.427428
1471;1504;20260815;187;7;7;4;4;69,9;279,6;0,0;279,6;152,0;127,6;2026-09-30 11:28:38.427428
1472;1505;20260715;109;10;1;3;5;24,9;124,5;0,0;124,5;47,5;77,0;2026-09-30 11:28:38.427428
1473;1506;20250410;186;19;15;4;5;27,9;139,5;20,92;118,58;65,0;53,58;2026-09-30 11:28:38.427428
1474;1507;20260529;37;22;7;2;5;11,9;59,5;8,93;50,57;27,5;23,07;2026-09-30 11:28:38.427428
1475;1509;20250224;25;19;7;2;6;27,9;167,4;0,0;167,4;78,0;89,4;2026-09-30 11:28:38.427428
1476;1510;20250816;132;30;7;2;1;29,9;29,9;0,0;29,9;9,0;20,9;2026-09-30 11:28:38.427428
1477;1511;20250926;177;5;3;4;1;99,9;99,9;0,0;99,9;55,0;44,9;2026-09-30 11:28:38.427428
1478;1512;20260411;5;14;13;3;3;27,9;83,7;0,0;83,7;33,0;50,7;2026-09-30 11:28:38.427428
1479;1513;20250630;162;11;15;2;1;45,0;45,0;0,0;45,0;21,0;24,0;2026-09-30 11:28:38.427428
1480;1514;20250511;144;8;7;2;1;54,9;54,9;0,0;54,9;29,0;25,9;2026-09-30 11:28:38.427428
1481;1515;20250402;33;19;7;4;6;27,9;167,4;0,0;167,4;78,0;89,4;2026-09-30 11:28:38.427428
1482;1516;20250922;80;14;7;2;4;27,9;111,6;0,0;111,6;44,0;67,6;2026-09-30 11:28:38.427428
1483;1517;20250126;28;14;15;1;2;27,9;55,8;2,79;53,01;22,0;31,01;2026-09-30 11:28:38.427428
1484;1518;20251225;143;7;15;2;6;69,9;419,4;0,0;419,4;228,0;191,4;2026-09-30 11:28:38.427428
1485;1519;20250707;101;4;3;1;6;59,9;359,4;0,0;359,4;192,0;167,4;2026-09-30 11:28:38.427428
1486;1520;20251010;20;12;9;4;6;38,5;231,0;11,55;219,45;111,0;108,45;2026-09-30 11:28:38.427428
1487;1521;20250324;170;28;7;2;3;89,9;269,7;0,0;269,7;105,0;164,7;2026-09-30 11:28:38.427428
1488;1522;20250530;33;4;15;2;5;59,9;299,5;0,0;299,5;160,0;139,5;2026-09-30 11:28:38.427428
1489;1523;20250604;23;29;11;1;6;14,9;89,4;0,0;89,4;24,0;65,4;2026-09-30 11:28:38.427428
1490;1524;20251011;73;12;11;4;3;38,5;115,5;11,55;103,95;55,5;48,45;2026-09-30 11:28:38.427428
1491;1525;20260316;60;18;14;1;1;14,9;14,9;0,0;14,9;6,0;8,9;2026-09-30 11:28:38.427428
1492;1526;20251011;151;28;7;3;5;89,9;449,5;67,42;382,08;175,0;207,08;2026-09-30 11:28:38.427428
1493;1527;20260115;80;27;7;2;1;64,9;64,9;0,0;64,9;28,0;36,9;2026-09-30 11:28:38.427428
1494;1528;20260625;109;4;11;4;6;59,9;359,4;0,0;359,4;192,0;167,4;2026-09-30 11:28:38.427428
1495;1529;20260403;141;7;7;2;2;69,9;139,8;20,97;118,83;76,0;42,83;2026-09-30 11:28:38.427428
1496;1530;20250430;62;2;12;1;1;199,9;199,9;0,0;199,9;125,0;74,9;2026-09-30 11:28:38.427428
1497;1531;20250609;195;2;7;2;6;199,9;1199,4;0,0;1199,4;750,0;449,4;2026-09-30 11:28:38.427428
1498;1532;20260621;85;4;15;2;5;59,9;299,5;44,92;254,58;160,0;94,58;2026-09-30 11:28:38.427428
1499;1533;20260626;174;6;11;1;6;6,5;39,0;5,85;33,15;19,2;13,95;2026-09-30 11:28:38.427428
1500;1534;20260313;8;2;7;1;6;199,9;1199,4;59,97;1139,43;750,0;389,43;2026-09-30 11:28:38.427428
1501;1535;20250915;124;22;11;1;5;11,9;59,5;0,0;59,5;27,5;32,0;2026-09-30 11:28:38.427428
1502;1536;20260715;4;18;7;4;1;14,9;14,9;1,49;13,41;6,0;7,41;2026-09-30 11:28:38.427428
1503;1537;20250718;197;2;15;3;1;199,9;199,9;0,0;199,9;125,0;74,9;2026-09-30 11:28:38.427428
1504;1538;20260412;67;2;7;4;4;199,9;799,6;0,0;799,6;500,0;299,6;2026-09-30 11:28:38.427428
1505;1539;20260109;179;23;3;1;1;12,9;12,9;1,29;11,61;5,0;6,61;2026-09-30 11:28:38.427428
1506;1540;20250110;56;29;14;3;3;14,9;44,7;0,0;44,7;12,0;32,7;2026-09-30 11:28:38.427428
1507;1541;20250426;159;25;11;3;3;24,9;74,7;3,74;70,96;24,0;46,96;2026-09-30 11:28:38.427428
1508;1543;20250908;60;12;11;2;6;38,5;231,0;23,1;207,9;111,0;96,9;2026-09-30 11:28:38.427428
1509;1544;20260526;108;11;12;1;1;45,0;45,0;0,0;45,0;21,0;24,0;2026-09-30 11:28:38.427428
1510;1545;20250424;36;28;11;2;1;89,9;89,9;4,5;85,4;35,0;50,4;2026-09-30 11:28:38.427428
1511;1546;20260106;67;19;15;4;3;27,9;83,7;0,0;83,7;39,0;44,7;2026-09-30 11:28:38.427428
1512;1547;20260114;198;13;7;2;1;35,9;35,9;0,0;35,9;16,0;19,9;2026-09-30 11:28:38.427428
1513;1548;20250927;194;7;7;4;1;69,9;69,9;6,99;62,91;38,0;24,91;2026-09-30 11:28:38.427428
1514;1549;20250117;199;7;11;4;1;69,9;69,9;0,0;69,9;38,0;31,9;2026-09-30 11:28:38.427428
1515;1550;20251207;67;15;11;2;6;34,9;209,4;31,41;177,99;102,0;75,99;2026-09-30 11:28:38.427428
1516;1551;20260315;65;18;13;2;5;14,9;74,5;0,0;74,5;30,0;44,5;2026-09-30 11:28:38.427428
1517;1552;20260215;122;3;7;4;6;79,9;479,4;0,0;479,4;270,0;209,4;2026-09-30 11:28:38.427428
1518;1553;20250927;133;16;4;2;5;19,9;99,5;4,97;94,53;45,0;49,53;2026-09-30 11:28:38.427428
1519;1554;20260622;155;12;14;4;2;38,5;77,0;11,55;65,45;37,0;28,45;2026-09-30 11:28:38.427428
1520;1555;20250716;175;20;6;2;4;22,9;91,6;9,16;82,44;42,0;40,44;2026-09-30 11:28:38.427428
1521;1556;20260323;20;20;7;1;4;22,9;91,6;4,58;87,02;42,0;45,02;2026-09-30 11:28:38.427428
1522;1557;20250704;16;28;15;2;4;89,9;359,6;35,96;323,64;140,0;183,64;2026-09-30 11:28:38.427428
1523;1558;20260519;28;27;15;3;3;64,9;194,7;0,0;194,7;84,0;110,7;2026-09-30 11:28:38.427428
1524;1559;20250203;96;10;3;2;3;24,9;74,7;0,0;74,7;28,5;46,2;2026-09-30 11:28:38.427428
1525;1560;20260806;141;26;16;1;2;79,9;159,8;0,0;159,8;64,0;95,8;2026-09-30 11:28:38.427428
1526;1561;20260407;119;27;15;4;1;64,9;64,9;9,74;55,16;28,0;27,16;2026-09-30 11:28:38.427428
1527;1562;20251026;150;29;15;2;1;14,9;14,9;0,0;14,9;4,0;10,9;2026-09-30 11:28:38.427428
1528;1563;20260731;72;19;8;2;2;27,9;55,8;8,37;47,43;26,0;21,43;2026-09-30 11:28:38.427428
1529;1564;20250304;41;19;7;2;1;27,9;27,9;0,0;27,9;13,0;14,9;2026-09-30 11:28:38.427428
1530;1565;20260521;47;8;11;1;6;54,9;329,4;16,47;312,93;174,0;138,93;2026-09-30 11:28:38.427428
1531;1566;20250302;33;21;7;2;1;6,9;6,9;1,03;5,87;2,8;3,07;2026-09-30 11:28:38.427428
1532;1567;20260826;126;28;7;4;2;89,9;179,8;0,0;179,8;70,0;109,8;2026-09-30 11:28:38.427428
1533;1568;20260108;193;14;11;1;3;27,9;83,7;0,0;83,7;33,0;50,7;2026-09-30 11:28:38.427428
1534;1569;20260116;199;19;3;2;2;27,9;55,8;8,37;47,43;26,0;21,43;2026-09-30 11:28:38.427428
1535;1570;20250717;64;19;15;2;1;27,9;27,9;0,0;27,9;13,0;14,9;2026-09-30 11:28:38.427428
1536;1571;20250427;159;12;15;1;6;38,5;231,0;23,1;207,9;111,0;96,9;2026-09-30 11:28:38.427428
1537;1572;20251019;178;8;15;2;4;54,9;219,6;32,94;186,66;116,0;70,66;2026-09-30 11:28:38.427428
1538;1573;20250108;138;28;15;4;2;89,9;179,8;0,0;179,8;70,0;109,8;2026-09-30 11:28:38.427428
1539;1574;20251208;193;25;16;4;3;24,9;74,7;3,74;70,96;24,0;46,96;2026-09-30 11:28:38.427428
1540;1575;20260508;118;4;7;4;2;59,9;119,8;0,0;119,8;64,0;55,8;2026-09-30 11:28:38.427428
1541;1576;20251217;160;28;15;1;3;89,9;269,7;40,46;229,24;105,0;124,24;2026-09-30 11:28:38.427428
1542;1577;20251008;122;8;13;4;6;54,9;329,4;0,0;329,4;174,0;155,4;2026-09-30 11:28:38.427428
1543;1578;20260405;197;29;16;1;2;14,9;29,8;0,0;29,8;8,0;21,8;2026-09-30 11:28:38.427428
1544;1579;20250419;17;9;7;2;3;32,0;96,0;0,0;96,0;42,0;54,0;2026-09-30 11:28:38.427428
1545;1580;20250220;133;24;7;2;2;13,9;27,8;4,17;23,63;12,4;11,23;2026-09-30 11:28:38.427428
1546;1581;20250406;129;5;15;1;3;99,9;299,7;14,98;284,72;165,0;119,72;2026-09-30 11:28:38.427428
1547;1582;20251106;198;18;7;1;1;14,9;14,9;0,74;14,16;6,0;8,16;2026-09-30 11:28:38.427428
1548;1583;20260317;91;7;15;4;2;69,9;139,8;0,0;139,8;76,0;63,8;2026-09-30 11:28:38.427428
1549;1584;20260531;92;10;8;2;4;24,9;99,6;9,96;89,64;38,0;51,64;2026-09-30 11:28:38.427428
1550;1585;20250626;5;23;7;1;4;12,9;51,6;5,16;46,44;20,0;26,44;2026-09-30 11:28:38.427428
1551;1586;20260118;21;30;7;2;2;29,9;59,8;8,97;50,83;18,0;32,83;2026-09-30 11:28:38.427428
1552;1587;20260220;44;25;11;4;1;24,9;24,9;3,74;21,16;8,0;13,16;2026-09-30 11:28:38.427428
1553;1588;20250616;63;9;15;2;2;32,0;64,0;0,0;64,0;28,0;36,0;2026-09-30 11:28:38.427428
1554;1589;20260213;1;13;3;2;2;35,9;71,8;0,0;71,8;32,0;39,8;2026-09-30 11:28:38.427428
1555;1590;20250210;5;14;15;2;2;27,9;55,8;5,58;50,22;22,0;28,22;2026-09-30 11:28:38.427428
1556;1591;20250406;23;18;15;4;5;14,9;74,5;3,72;70,78;30,0;40,78;2026-09-30 11:28:38.427428
1557;1592;20260214;29;5;7;3;4;99,9;399,6;39,96;359,64;220,0;139,64;2026-09-30 11:28:38.427428
1558;1593;20260810;84;7;6;4;6;69,9;419,4;0,0;419,4;228,0;191,4;2026-09-30 11:28:38.427428
1559;1594;20250722;106;14;15;2;6;27,9;167,4;0,0;167,4;66,0;101,4;2026-09-30 11:28:38.427428
1560;1595;20251010;74;10;3;4;2;24,9;49,8;0,0;49,8;19,0;30,8;2026-09-30 11:28:38.427428
1561;1596;20250202;109;17;7;2;3;9,9;29,7;4,46;25,24;13,5;11,74;2026-09-30 11:28:38.427428
1562;1597;20251215;26;27;7;4;3;64,9;194,7;9,74;184,96;84,0;100,96;2026-09-30 11:28:38.427428
1563;1598;20251021;144;7;7;1;2;69,9;139,8;0,0;139,8;76,0;63,8;2026-09-30 11:28:38.427428
1564;1599;20260203;147;9;7;3;3;32,0;96,0;0,0;96,0;42,0;54,0;2026-09-30 11:28:38.427428
1565;1600;20260727;146;12;15;4;6;38,5;231,0;0,0;231,0;111,0;120,0;2026-09-30 11:28:38.427428
1566;1602;20250814;123;11;15;1;5;45,0;225,0;11,25;213,75;105,0;108,75;2026-09-30 11:28:38.427428
1567;1603;20260620;68;24;15;1;1;13,9;13,9;0,0;13,9;6,2;7,7;2026-09-30 11:28:38.427428
1568;1604;20260202;194;12;7;1;4;38,5;154,0;0,0;154,0;74,0;80,0;2026-09-30 11:28:38.427428
1569;1605;20260808;9;10;15;4;6;24,9;149,4;0,0;149,4;57,0;92,4;2026-09-30 11:28:38.427428
1570;1606;20260730;99;10;15;3;3;24,9;74,7;0,0;74,7;28,5;46,2;2026-09-30 11:28:38.427428
1571;1607;20260606;63;8;15;2;6;54,9;329,4;0,0;329,4;174,0;155,4;2026-09-30 11:28:38.427428
1572;1608;20250519;47;16;16;3;6;19,9;119,4;11,94;107,46;54,0;53,46;2026-09-30 11:28:38.427428
1573;1609;20260604;111;25;15;1;1;24,9;24,9;0,0;24,9;8,0;16,9;2026-09-30 11:28:38.427428
1574;1610;20250623;179;25;7;4;2;24,9;49,8;2,49;47,31;16,0;31,31;2026-09-30 11:28:38.427428
1575;1611;20251106;147;24;15;4;3;13,9;41,7;0,0;41,7;18,6;23,1;2026-09-30 11:28:38.427428
1576;1612;20260221;101;3;15;2;5;79,9;399,5;0,0;399,5;225,0;174,5;2026-09-30 11:28:38.427428
1577;1613;20250701;197;22;5;4;1;11,9;11,9;1,78;10,12;5,5;4,62;2026-09-30 11:28:38.427428
1578;1614;20250728;198;6;15;1;4;6,5;26,0;3,9;22,1;12,8;9,3;2026-09-30 11:28:38.427428
1579;1615;20260829;138;9;3;1;2;32,0;64,0;6,4;57,6;28,0;29,6;2026-09-30 11:28:38.427428
1580;1616;20250426;73;11;11;2;3;45,0;135,0;0,0;135,0;63,0;72,0;2026-09-30 11:28:38.427428
1581;1617;20250103;95;6;3;2;1;6,5;6,5;0,0;6,5;3,2;3,3;2026-09-30 11:28:38.427428
1582;1618;20250225;179;17;11;2;6;9,9;59,4;0,0;59,4;27,0;32,4;2026-09-30 11:28:38.427428
1583;1619;20260121;165;4;6;2;4;59,9;239,6;0,0;239,6;128,0;111,6;2026-09-30 11:28:38.427428
1584;1620;20260818;186;19;15;2;1;27,9;27,9;2,79;25,11;13,0;12,11;2026-09-30 11:28:38.427428
1585;1621;20250609;106;15;15;4;1;34,9;34,9;3,49;31,41;17,0;14,41;2026-09-30 11:28:38.427428
1586;1622;20250613;103;17;5;2;6;9,9;59,4;0,0;59,4;27,0;32,4;2026-09-30 11:28:38.427428
1587;1623;20250120;118;10;7;3;3;24,9;74,7;0,0;74,7;28,5;46,2;2026-09-30 11:28:38.427428
1588;1624;20250103;109;21;7;4;4;6,9;27,6;1,38;26,22;11,2;15,02;2026-09-30 11:28:38.427428
1589;1625;20250118;62;13;15;4;4;35,9;143,6;7,18;136,42;64,0;72,42;2026-09-30 11:28:38.427428
1590;1626;20260126;162;29;15;1;3;14,9;44,7;4,47;40,23;12,0;28,23;2026-09-30 11:28:38.427428
1591;1627;20250527;77;29;7;2;1;14,9;14,9;0,0;14,9;4,0;10,9;2026-09-30 11:28:38.427428
1592;1628;20250930;146;8;7;2;4;54,9;219,6;0,0;219,6;116,0;103,6;2026-09-30 11:28:38.427428
1593;1630;20250117;63;27;7;3;4;64,9;259,6;38,94;220,66;112,0;108,66;2026-09-30 11:28:38.427428
1594;1631;20250912;133;4;15;3;3;59,9;179,7;0,0;179,7;96,0;83,7;2026-09-30 11:28:38.427428
1595;1632;20260626;105;8;7;1;4;54,9;219,6;0,0;219,6;116,0;103,6;2026-09-30 11:28:38.427428
1596;1633;20250920;48;28;7;4;6;89,9;539,4;26,97;512,43;210,0;302,43;2026-09-30 11:28:38.427428
1597;1634;20260821;105;14;15;4;4;27,9;111,6;0,0;111,6;44,0;67,6;2026-09-30 11:28:38.427428
1598;1635;20260716;64;20;15;3;6;22,9;137,4;0,0;137,4;63,0;74,4;2026-09-30 11:28:38.427428
1599;1636;20260321;4;15;15;4;6;34,9;209,4;0,0;209,4;102,0;107,4;2026-09-30 11:28:38.427428
1600;1637;20260625;191;9;3;2;5;32,0;160,0;0,0;160,0;70,0;90,0;2026-09-30 11:28:38.427428
1601;1638;20260423;103;29;11;3;1;14,9;14,9;0,0;14,9;4,0;10,9;2026-09-30 11:28:38.427428
1602;1639;20260801;19;21;15;4;6;6,9;41,4;0,0;41,4;16,8;24,6;2026-09-30 11:28:38.427428
1603;1640;20260322;165;21;11;1;5;6,9;34,5;0,0;34,5;14,0;20,5;2026-09-30 11:28:38.427428
1604;1641;20250604;15;5;15;4;3;99,9;299,7;14,98;284,72;165,0;119,72;2026-09-30 11:28:38.427428
1605;1642;20250925;144;14;7;3;4;27,9;111,6;5,58;106,02;44,0;62,02;2026-09-30 11:28:38.427428
1606;1643;20250515;2;30;8;2;1;29,9;29,9;0,0;29,9;9,0;20,9;2026-09-30 11:28:38.427428
1607;1644;20260507;40;14;11;1;1;27,9;27,9;4,18;23,72;11,0;12,72;2026-09-30 11:28:38.427428
1608;1645;20250504;182;1;13;4;3;129,9;389,7;0,0;389,7;234,0;155,7;2026-09-30 11:28:38.427428
1609;1646;20250721;165;28;15;2;4;89,9;359,6;0,0;359,6;140,0;219,6;2026-09-30 11:28:38.427428
1610;1647;20260821;153;25;15;2;6;24,9;149,4;14,94;134,46;48,0;86,46;2026-09-30 11:28:38.427428
1611;1648;20260405;74;24;8;2;2;13,9;27,8;1,39;26,41;12,4;14,01;2026-09-30 11:28:38.427428
1612;1649;20250309;2;18;11;2;4;14,9;59,6;5,96;53,64;24,0;29,64;2026-09-30 11:28:38.427428
1613;1650;20260510;178;2;3;2;6;199,9;1199,4;0,0;1199,4;750,0;449,4;2026-09-30 11:28:38.427428
1614;1651;20260726;91;13;15;1;2;35,9;71,8;3,59;68,21;32,0;36,21;2026-09-30 11:28:38.427428
1615;1652;20260110;64;11;7;1;4;45,0;180,0;9,0;171,0;84,0;87,0;2026-09-30 11:28:38.427428
1616;1653;20251115;82;1;14;2;5;129,9;649,5;0,0;649,5;390,0;259,5;2026-09-30 11:28:38.427428
1617;1654;20250125;175;20;7;3;6;22,9;137,4;0,0;137,4;63,0;74,4;2026-09-30 11:28:38.427428
1618;1655;20251013;161;8;7;2;5;54,9;274,5;27,45;247,05;145,0;102,05;2026-09-30 11:28:38.427428
1619;1656;20251017;178;6;7;2;5;6,5;32,5;0,0;32,5;16,0;16,5;2026-09-30 11:28:38.427428
1620;1657;20251104;68;5;15;1;2;99,9;199,8;29,97;169,83;110,0;59,83;2026-09-30 11:28:38.427428
1621;1658;20250213;153;16;13;2;1;19,9;19,9;0,0;19,9;9,0;10,9;2026-09-30 11:28:38.427428
1622;1659;20250322;24;27;5;4;6;64,9;389,4;0,0;389,4;168,0;221,4;2026-09-30 11:28:38.427428
1623;1660;20260213;62;9;7;1;5;32,0;160,0;0,0;160,0;70,0;90,0;2026-09-30 11:28:38.427428
1624;1661;20250108;122;6;3;4;2;6,5;13,0;0,0;13,0;6,4;6,6;2026-09-30 11:28:38.427428
1625;1662;20250521;164;26;15;1;1;79,9;79,9;0,0;79,9;32,0;47,9;2026-09-30 11:28:38.427428
1626;1663;20260513;100;19;15;1;3;27,9;83,7;0,0;83,7;39,0;44,7;2026-09-30 11:28:38.427428
1627;1664;20260129;19;30;5;4;1;29,9;29,9;2,99;26,91;9,0;17,91;2026-09-30 11:28:38.427428
1628;1665;20250223;101;7;15;2;4;69,9;279,6;0,0;279,6;152,0;127,6;2026-09-30 11:28:38.427428
1629;1666;20250109;160;29;7;4;6;14,9;89,4;4,47;84,93;24,0;60,93;2026-09-30 11:28:38.427428
1630;1667;20250124;156;2;15;4;6;199,9;1199,4;0,0;1199,4;750,0;449,4;2026-09-30 11:28:38.427428
1631;1668;20250711;101;15;15;2;6;34,9;209,4;0,0;209,4;102,0;107,4;2026-09-30 11:28:38.427428
1632;1669;20251007;162;12;3;3;4;38,5;154,0;7,7;146,3;74,0;72,3;2026-09-30 11:28:38.427428
1633;1670;20260729;31;10;7;4;3;24,9;74,7;7,47;67,23;28,5;38,73;2026-09-30 11:28:38.427428
1634;1671;20250621;153;27;7;2;3;64,9;194,7;29,2;165,5;84,0;81,5;2026-09-30 11:28:38.427428
1635;1672;20260307;36;13;7;3;1;35,9;35,9;0,0;35,9;16,0;19,9;2026-09-30 11:28:38.427428
1636;1673;20250306;94;14;15;2;4;27,9;111,6;5,58;106,02;44,0;62,02;2026-09-30 11:28:38.427428
1637;1674;20251120;109;24;15;2;6;13,9;83,4;0,0;83,4;37,2;46,2;2026-09-30 11:28:38.427428
1638;1675;20250227;182;7;3;2;2;69,9;139,8;0,0;139,8;76,0;63,8;2026-09-30 11:28:38.427428
1639;1676;20260810;189;23;11;4;4;12,9;51,6;0,0;51,6;20,0;31,6;2026-09-30 11:28:38.427428
1640;1677;20251205;100;24;7;4;3;13,9;41,7;0,0;41,7;18,6;23,1;2026-09-30 11:28:38.427428
1641;1678;20260425;13;22;14;1;5;11,9;59,5;8,93;50,57;27,5;23,07;2026-09-30 11:28:38.427428
1642;1679;20250413;145;16;15;2;6;19,9;119,4;0,0;119,4;54,0;65,4;2026-09-30 11:28:38.427428
1643;1680;20250517;54;27;3;2;2;64,9;129,8;6,49;123,31;56,0;67,31;2026-09-30 11:28:38.427428
1644;1681;20260417;97;5;11;4;3;99,9;299,7;14,98;284,72;165,0;119,72;2026-09-30 11:28:38.427428
1645;1682;20250525;12;20;15;2;6;22,9;137,4;0,0;137,4;63,0;74,4;2026-09-30 11:28:38.427428
1646;1683;20260613;72;3;15;2;4;79,9;319,6;0,0;319,6;180,0;139,6;2026-09-30 11:28:38.427428
1647;1685;20260719;57;11;15;2;4;45,0;180,0;0,0;180,0;84,0;96,0;2026-09-30 11:28:38.427428
1648;1686;20250604;33;22;7;2;2;11,9;23,8;0,0;23,8;11,0;12,8;2026-09-30 11:28:38.427428
1649;1687;20251102;187;17;13;4;6;9,9;59,4;0,0;59,4;27,0;32,4;2026-09-30 11:28:38.427428
1650;1688;20251108;35;26;15;1;1;79,9;79,9;7,99;71,91;32,0;39,91;2026-09-30 11:28:38.427428
1651;1689;20260321;122;2;11;4;2;199,9;399,8;59,97;339,83;250,0;89,83;2026-09-30 11:28:38.427428
1652;1690;20250210;63;30;7;4;1;29,9;29,9;2,99;26,91;9,0;17,91;2026-09-30 11:28:38.427428
1653;1691;20250314;73;26;7;4;4;79,9;319,6;15,98;303,62;128,0;175,62;2026-09-30 11:28:38.427428
1654;1692;20260709;182;19;11;3;6;27,9;167,4;0,0;167,4;78,0;89,4;2026-09-30 11:28:38.427428
1655;1693;20250115;73;2;8;1;5;199,9;999,5;49,98;949,52;625,0;324,52;2026-09-30 11:28:38.427428
1656;1694;20260126;26;7;15;3;2;69,9;139,8;0,0;139,8;76,0;63,8;2026-09-30 11:28:38.427428
1657;1695;20251023;144;21;16;4;1;6,9;6,9;0,0;6,9;2,8;4,1;2026-09-30 11:28:38.427428
1658;1696;20260628;181;30;3;3;2;29,9;59,8;0,0;59,8;18,0;41,8;2026-09-30 11:28:38.427428
1659;1697;20260610;199;13;7;4;6;35,9;215,4;10,77;204,63;96,0;108,63;2026-09-30 11:28:38.427428
1660;1698;20250311;100;16;15;2;1;19,9;19,9;1,0;18,9;9,0;9,9;2026-09-30 11:28:38.427428
1661;1699;20260812;154;19;3;1;6;27,9;167,4;8,37;159,03;78,0;81,03;2026-09-30 11:28:38.427428
1662;1700;20260201;50;14;7;3;6;27,9;167,4;16,74;150,66;66,0;84,66;2026-09-30 11:28:38.427428
1663;1701;20260811;37;7;15;2;4;69,9;279,6;0,0;279,6;152,0;127,6;2026-09-30 11:28:38.427428
1664;1702;20260527;171;24;3;4;4;13,9;55,6;2,78;52,82;24,8;28,02;2026-09-30 11:28:38.427428
1665;1703;20250223;99;4;6;1;2;59,9;119,8;5,99;113,81;64,0;49,81;2026-09-30 11:28:38.427428
1666;1704;20260127;91;28;15;3;2;89,9;179,8;0,0;179,8;70,0;109,8;2026-09-30 11:28:38.427428
1667;1705;20250528;52;25;7;2;5;24,9;124,5;0,0;124,5;40,0;84,5;2026-09-30 11:28:38.427428
1668;1706;20260409;6;27;8;3;3;64,9;194,7;0,0;194,7;84,0;110,7;2026-09-30 11:28:38.427428
1669;1707;20251207;188;7;7;3;5;69,9;349,5;0,0;349,5;190,0;159,5;2026-09-30 11:28:38.427428
1670;1708;20260821;198;9;7;4;6;32,0;192,0;0,0;192,0;84,0;108,0;2026-09-30 11:28:38.427428
1671;1709;20250606;143;27;15;4;5;64,9;324,5;0,0;324,5;140,0;184,5;2026-09-30 11:28:38.427428
1672;1710;20260519;77;30;3;4;1;29,9;29,9;1,5;28,4;9,0;19,4;2026-09-30 11:28:38.427428
1673;1711;20260716;12;9;7;4;6;32,0;192,0;0,0;192,0;84,0;108,0;2026-09-30 11:28:38.427428
1674;1712;20260628;154;21;13;3;1;6,9;6,9;1,03;5,87;2,8;3,07;2026-09-30 11:28:38.427428
1675;1713;20260327;171;28;7;4;3;89,9;269,7;0,0;269,7;105,0;164,7;2026-09-30 11:28:38.427428
1676;1714;20251001;176;4;7;1;6;59,9;359,4;17,97;341,43;192,0;149,43;2026-09-30 11:28:38.427428
1677;1715;20251011;28;11;7;2;6;45,0;270,0;13,5;256,5;126,0;130,5;2026-09-30 11:28:38.427428
1678;1716;20251014;43;1;7;2;6;129,9;779,4;0,0;779,4;468,0;311,4;2026-09-30 11:28:38.427428
1679;1717;20260828;55;15;3;3;2;34,9;69,8;6,98;62,82;34,0;28,82;2026-09-30 11:28:38.427428
1680;1718;20250531;98;29;15;4;1;14,9;14,9;2,24;12,66;4,0;8,66;2026-09-30 11:28:38.427428
1681;1719;20250528;57;1;7;4;4;129,9;519,6;51,96;467,64;312,0;155,64;2026-09-30 11:28:38.427428
1682;1720;20250206;182;29;11;2;2;14,9;29,8;4,47;25,33;8,0;17,33;2026-09-30 11:28:38.427428
1683;1721;20251015;120;18;7;4;6;14,9;89,4;0,0;89,4;36,0;53,4;2026-09-30 11:28:38.427428
1684;1722;20260712;139;7;5;4;5;69,9;349,5;17,48;332,02;190,0;142,02;2026-09-30 11:28:38.427428
1685;1723;20260114;131;3;11;1;3;79,9;239,7;11,98;227,72;135,0;92,72;2026-09-30 11:28:38.427428
1686;1724;20250609;5;9;7;1;5;32,0;160,0;16,0;144,0;70,0;74,0;2026-09-30 11:28:38.427428
1687;1725;20251208;189;30;7;4;6;29,9;179,4;0,0;179,4;54,0;125,4;2026-09-30 11:28:38.427428
1688;1726;20250518;7;21;11;1;4;6,9;27,6;2,76;24,84;11,2;13,64;2026-09-30 11:28:38.427428
1689;1727;20250531;151;2;15;2;1;199,9;199,9;9,99;189,91;125,0;64,91;2026-09-30 11:28:38.427428
1690;1728;20260411;12;17;7;4;6;9,9;59,4;0,0;59,4;27,0;32,4;2026-09-30 11:28:38.427428
1691;1729;20251229;177;17;13;2;6;9,9;59,4;0,0;59,4;27,0;32,4;2026-09-30 11:28:38.427428
1692;1730;20251215;162;26;7;3;6;79,9;479,4;0,0;479,4;192,0;287,4;2026-09-30 11:28:38.427428
1693;1731;20250816;133;21;7;3;1;6,9;6,9;0,0;6,9;2,8;4,1;2026-09-30 11:28:38.427428
1694;1732;20250222;167;4;15;4;1;59,9;59,9;5,99;53,91;32,0;21,91;2026-09-30 11:28:38.427428
1695;1733;20260207;199;2;5;4;2;199,9;399,8;19,99;379,81;250,0;129,81;2026-09-30 11:28:38.427428
1696;1734;20251106;200;20;16;4;4;22,9;91,6;9,16;82,44;42,0;40,44;2026-09-30 11:28:38.427428
1697;1735;20260310;186;26;7;2;3;79,9;239,7;35,96;203,74;96,0;107,74;2026-09-30 11:28:38.427428
1698;1736;20250502;91;16;3;2;2;19,9;39,8;1,99;37,81;18,0;19,81;2026-09-30 11:28:38.427428
1699;1737;20260727;199;22;15;2;2;11,9;23,8;2,38;21,42;11,0;10,42;2026-09-30 11:28:38.427428
1700;1738;20250821;45;23;15;2;6;12,9;77,4;0,0;77,4;30,0;47,4;2026-09-30 11:28:38.427428
1701;1739;20250125;120;24;15;1;3;13,9;41,7;0,0;41,7;18,6;23,1;2026-09-30 11:28:38.427428
1702;1740;20251018;167;24;3;3;1;13,9;13,9;0,0;13,9;6,2;7,7;2026-09-30 11:28:38.427428
1703;1741;20250619;20;14;7;4;1;27,9;27,9;1,4;26,5;11,0;15,5;2026-09-30 11:28:38.427428
1704;1742;20260507;99;29;11;4;1;14,9;14,9;1,49;13,41;4,0;9,41;2026-09-30 11:28:38.427428
1705;1743;20250509;138;26;15;2;4;79,9;319,6;0,0;319,6;128,0;191,6;2026-09-30 11:28:38.427428
1706;1744;20250131;148;26;8;2;2;79,9;159,8;15,98;143,82;64,0;79,82;2026-09-30 11:28:38.427428
1707;1745;20260302;106;14;3;3;4;27,9;111,6;0,0;111,6;44,0;67,6;2026-09-30 11:28:38.427428
1708;1746;20250814;69;26;7;3;1;79,9;79,9;4,0;75,9;32,0;43,9;2026-09-30 11:28:38.427428
1709;1747;20260501;116;29;14;2;4;14,9;59,6;2,98;56,62;16,0;40,62;2026-09-30 11:28:38.427428
1710;1748;20251225;17;9;15;3;3;32,0;96,0;0,0;96,0;42,0;54,0;2026-09-30 11:28:38.427428
1711;1749;20250512;98;27;15;1;1;64,9;64,9;0,0;64,9;28,0;36,9;2026-09-30 11:28:38.427428
1712;1750;20250707;125;29;7;2;5;14,9;74,5;7,45;67,05;20,0;47,05;2026-09-30 11:28:38.427428
1713;1751;20260715;83;1;1;2;2;129,9;259,8;0,0;259,8;156,0;103,8;2026-09-30 11:28:38.427428
1714;1752;20260717;103;7;16;4;3;69,9;209,7;0,0;209,7;114,0;95,7;2026-09-30 11:28:38.427428
1715;1753;20251010;97;25;7;1;2;24,9;49,8;4,98;44,82;16,0;28,82;2026-09-30 11:28:38.427428
1716;1754;20260423;151;4;15;4;3;59,9;179,7;26,96;152,74;96,0;56,74;2026-09-30 11:28:38.427428
1717;1755;20250223;179;15;11;4;4;34,9;139,6;6,98;132,62;68,0;64,62;2026-09-30 11:28:38.427428
1718;1756;20250914;59;10;7;3;2;24,9;49,8;0,0;49,8;19,0;30,8;2026-09-30 11:28:38.427428
1719;1757;20260622;82;3;15;2;5;79,9;399,5;0,0;399,5;225,0;174,5;2026-09-30 11:28:38.427428
1720;1758;20250722;63;21;7;1;1;6,9;6,9;1,03;5,87;2,8;3,07;2026-09-30 11:28:38.427428
1721;1759;20260530;111;13;15;3;1;35,9;35,9;5,38;30,52;16,0;14,52;2026-09-30 11:28:38.427428
1722;1760;20250607;7;30;7;1;2;29,9;59,8;0,0;59,8;18,0;41,8;2026-09-30 11:28:38.427428
1723;1761;20250730;190;1;15;2;1;129,9;129,9;6,5;123,4;78,0;45,4;2026-09-30 11:28:38.427428
1724;1762;20260122;36;28;15;1;5;89,9;449,5;44,95;404,55;175,0;229,55;2026-09-30 11:28:38.427428
1725;1763;20250414;50;4;7;3;2;59,9;119,8;0,0;119,8;64,0;55,8;2026-09-30 11:28:38.427428
1726;1764;20260226;174;6;15;4;2;6,5;13,0;0,0;13,0;6,4;6,6;2026-09-30 11:28:38.427428
1727;1765;20260821;132;10;7;1;5;24,9;124,5;0,0;124,5;47,5;77,0;2026-09-30 11:28:38.427428
1728;1766;20250906;71;12;7;4;2;38,5;77,0;7,7;69,3;37,0;32,3;2026-09-30 11:28:38.427428
1729;1767;20260128;104;12;11;1;4;38,5;154,0;0,0;154,0;74,0;80,0;2026-09-30 11:28:38.427428
1730;1768;20260303;107;6;16;2;3;6,5;19,5;0,0;19,5;9,6;9,9;2026-09-30 11:28:38.427428
1731;1769;20251005;196;19;7;2;6;27,9;167,4;0,0;167,4;78,0;89,4;2026-09-30 11:28:38.427428
1732;1770;20260814;142;23;7;3;6;12,9;77,4;0,0;77,4;30,0;47,4;2026-09-30 11:28:38.427428
1733;1771;20260502;21;13;7;4;4;35,9;143,6;0,0;143,6;64,0;79,6;2026-09-30 11:28:38.427428
1734;1772;20251021;106;21;15;4;5;6,9;34,5;1,72;32,78;14,0;18,78;2026-09-30 11:28:38.427428
1735;1773;20260828;164;4;7;1;4;59,9;239,6;0,0;239,6;128,0;111,6;2026-09-30 11:28:38.427428
1736;1774;20260612;168;12;7;4;2;38,5;77,0;0,0;77,0;37,0;40,0;2026-09-30 11:28:38.427428
1737;1775;20250408;71;16;6;3;6;19,9;119,4;5,97;113,43;54,0;59,43;2026-09-30 11:28:38.427428
1738;1776;20250801;31;1;3;2;5;129,9;649,5;0,0;649,5;390,0;259,5;2026-09-30 11:28:38.427428
1739;1777;20250528;192;26;3;1;4;79,9;319,6;15,98;303,62;128,0;175,62;2026-09-30 11:28:38.427428
1740;1778;20250523;192;13;11;2;2;35,9;71,8;3,59;68,21;32,0;36,21;2026-09-30 11:28:38.427428
1741;1779;20250423;47;19;7;4;3;27,9;83,7;8,37;75,33;39,0;36,33;2026-09-30 11:28:38.427428
1742;1780;20250812;85;15;7;1;6;34,9;209,4;0,0;209,4;102,0;107,4;2026-09-30 11:28:38.427428
1743;1781;20260823;9;4;11;3;4;59,9;239,6;35,94;203,66;128,0;75,66;2026-09-30 11:28:38.427428
1744;1782;20251008;137;30;15;1;6;29,9;179,4;26,91;152,49;54,0;98,49;2026-09-30 11:28:38.427428
1745;1783;20250915;140;3;15;1;4;79,9;319,6;0,0;319,6;180,0;139,6;2026-09-30 11:28:38.427428
1746;1784;20250615;10;3;7;4;1;79,9;79,9;0,0;79,9;45,0;34,9;2026-09-30 11:28:38.427428
1747;1785;20250910;75;2;16;4;6;199,9;1199,4;0,0;1199,4;750,0;449,4;2026-09-30 11:28:38.427428
1748;1786;20250803;82;11;16;1;3;45,0;135,0;0,0;135,0;63,0;72,0;2026-09-30 11:28:38.427428
1749;1787;20250323;83;30;8;1;5;29,9;149,5;22,42;127,08;45,0;82,08;2026-09-30 11:28:38.427428
1750;1788;20250117;35;26;3;4;6;79,9;479,4;0,0;479,4;192,0;287,4;2026-09-30 11:28:38.427428
1751;1789;20251103;82;10;3;2;1;24,9;24,9;0,0;24,9;9,5;15,4;2026-09-30 11:28:38.427428
1752;1790;20250712;155;28;15;2;5;89,9;449,5;0,0;449,5;175,0;274,5;2026-09-30 11:28:38.427428
1753;1791;20250913;165;22;15;2;4;11,9;47,6;0,0;47,6;22,0;25,6;2026-09-30 11:28:38.427428
1754;1792;20250709;100;11;7;2;1;45,0;45,0;0,0;45,0;21,0;24,0;2026-09-30 11:28:38.427428
1755;1793;20250523;163;25;15;4;6;24,9;149,4;0,0;149,4;48,0;101,4;2026-09-30 11:28:38.427428
1756;1794;20260204;155;20;8;3;3;22,9;68,7;0,0;68,7;31,5;37,2;2026-09-30 11:28:38.427428
1757;1795;20260216;54;19;15;3;6;27,9;167,4;0,0;167,4;78,0;89,4;2026-09-30 11:28:38.427428
1758;1796;20260106;104;21;15;1;6;6,9;41,4;0,0;41,4;16,8;24,6;2026-09-30 11:28:38.427428
1759;1798;20250302;173;1;3;4;6;129,9;779,4;0,0;779,4;468,0;311,4;2026-09-30 11:28:38.427428
1760;1799;20250615;36;6;15;2;2;6,5;13,0;0,0;13,0;6,4;6,6;2026-09-30 11:28:38.427428
1761;1800;20260829;153;16;15;2;3;19,9;59,7;0,0;59,7;27,0;32,7;2026-09-30 11:28:38.427428
1762;1801;20250910;89;4;15;2;2;59,9;119,8;11,98;107,82;64,0;43,82;2026-09-30 11:28:38.427428
1763;1802;20250108;112;15;15;3;2;34,9;69,8;0,0;69,8;34,0;35,8;2026-09-30 11:28:38.427428
1764;1803;20260708;5;2;14;2;5;199,9;999,5;149,93;849,57;625,0;224,57;2026-09-30 11:28:38.427428
1765;1804;20251207;195;28;11;3;6;89,9;539,4;0,0;539,4;210,0;329,4;2026-09-30 11:28:38.427428
1766;1805;20250512;141;16;15;3;5;19,9;99,5;0,0;99,5;45,0;54,5;2026-09-30 11:28:38.427428
1767;1806;20250126;173;13;7;2;2;35,9;71,8;0,0;71,8;32,0;39,8;2026-09-30 11:28:38.427428
1768;1807;20250903;185;20;7;3;6;22,9;137,4;0,0;137,4;63,0;74,4;2026-09-30 11:28:38.427428
1769;1808;20260712;195;26;15;4;3;79,9;239,7;0,0;239,7;96,0;143,7;2026-09-30 11:28:38.427428
1770;1809;20260711;110;21;15;4;1;6,9;6,9;0,0;6,9;2,8;4,1;2026-09-30 11:28:38.427428
1771;1810;20251122;37;15;8;4;3;34,9;104,7;0,0;104,7;51,0;53,7;2026-09-30 11:28:38.427428
1772;1811;20260609;72;29;7;4;5;14,9;74,5;0,0;74,5;20,0;54,5;2026-09-30 11:28:38.427428
1773;1812;20250704;83;10;11;2;3;24,9;74,7;11,2;63,5;28,5;35,0;2026-09-30 11:28:38.427428
1774;1813;20250323;117;6;15;3;2;6,5;13,0;1,3;11,7;6,4;5,3;2026-09-30 11:28:38.427428
1775;1814;20260822;8;4;15;2;3;59,9;179,7;0,0;179,7;96,0;83,7;2026-09-30 11:28:38.427428
1776;1815;20250528;159;12;13;3;4;38,5;154,0;23,1;130,9;74,0;56,9;2026-09-30 11:28:38.427428
1777;1816;20250820;12;11;15;4;6;45,0;270,0;0,0;270,0;126,0;144,0;2026-09-30 11:28:38.427428
1778;1817;20251030;41;23;15;4;5;12,9;64,5;3,22;61,28;25,0;36,28;2026-09-30 11:28:38.427428
1779;1818;20260220;98;29;15;4;1;14,9;14,9;0,74;14,16;4,0;10,16;2026-09-30 11:28:38.427428
1780;1819;20250825;151;27;5;1;3;64,9;194,7;0,0;194,7;84,0;110,7;2026-09-30 11:28:38.427428
1781;1820;20250903;165;2;15;4;4;199,9;799,6;0,0;799,6;500,0;299,6;2026-09-30 11:28:38.427428
1782;1821;20251216;111;1;15;1;1;129,9;129,9;0,0;129,9;78,0;51,9;2026-09-30 11:28:38.427428
1783;1822;20251113;1;23;7;2;4;12,9;51,6;5,16;46,44;20,0;26,44;2026-09-30 11:28:38.427428
1784;1823;20260425;120;24;7;4;2;13,9;27,8;4,17;23,63;12,4;11,23;2026-09-30 11:28:38.427428
1785;1825;20260428;166;14;7;2;4;27,9;111,6;16,74;94,86;44,0;50,86;2026-09-30 11:28:38.427428
1786;1826;20250303;40;11;15;4;4;45,0;180,0;0,0;180,0;84,0;96,0;2026-09-30 11:28:38.427428
1787;1827;20250729;86;15;15;4;1;34,9;34,9;0,0;34,9;17,0;17,9;2026-09-30 11:28:38.427428
1788;1828;20260609;95;3;15;4;2;79,9;159,8;0,0;159,8;90,0;69,8;2026-09-30 11:28:38.427428
1789;1829;20250909;146;2;7;1;1;199,9;199,9;29,98;169,92;125,0;44,92;2026-09-30 11:28:38.427428
1790;1830;20260125;98;9;15;4;4;32,0;128,0;6,4;121,6;56,0;65,6;2026-09-30 11:28:38.427428
1791;1831;20251217;146;16;11;4;6;19,9;119,4;0,0;119,4;54,0;65,4;2026-09-30 11:28:38.427428
1792;1832;20251228;42;25;7;3;3;24,9;74,7;7,47;67,23;24,0;43,23;2026-09-30 11:28:38.427428
1793;1833;20251014;81;28;15;3;3;89,9;269,7;0,0;269,7;105,0;164,7;2026-09-30 11:28:38.427428
1794;1834;20260225;67;13;7;2;3;35,9;107,7;5,38;102,32;48,0;54,32;2026-09-30 11:28:38.427428
1795;1835;20260221;161;19;14;4;3;27,9;83,7;0,0;83,7;39,0;44,7;2026-09-30 11:28:38.427428
1796;1836;20250527;173;14;12;3;3;27,9;83,7;0,0;83,7;33,0;50,7;2026-09-30 11:28:38.427428
1797;1837;20260328;150;6;15;2;5;6,5;32,5;4,88;27,62;16,0;11,62;2026-09-30 11:28:38.427428
1798;1838;20250710;38;10;15;3;4;24,9;99,6;14,94;84,66;38,0;46,66;2026-09-30 11:28:38.427428
1799;1839;20251220;127;28;7;3;6;89,9;539,4;53,94;485,46;210,0;275,46;2026-09-30 11:28:38.427428
1800;1840;20260627;35;21;15;3;1;6,9;6,9;0,0;6,9;2,8;4,1;2026-09-30 11:28:38.427428
1801;1841;20250227;146;25;7;4;2;24,9;49,8;4,98;44,82;16,0;28,82;2026-09-30 11:28:38.427428
1802;1843;20250510;100;29;15;2;6;14,9;89,4;13,41;75,99;24,0;51,99;2026-09-30 11:28:38.427428
1803;1844;20260606;43;14;7;4;4;27,9;111,6;11,16;100,44;44,0;56,44;2026-09-30 11:28:38.427428
1804;1845;20251020;112;13;15;4;1;35,9;35,9;1,8;34,1;16,0;18,1;2026-09-30 11:28:38.427428
1805;1846;20260114;196;27;15;2;1;64,9;64,9;9,74;55,16;28,0;27,16;2026-09-30 11:28:38.427428
1806;1847;20250423;122;29;12;1;1;14,9;14,9;0,0;14,9;4,0;10,9;2026-09-30 11:28:38.427428
1807;1848;20250206;74;7;7;2;5;69,9;349,5;0,0;349,5;190,0;159,5;2026-09-30 11:28:38.427428
1808;1849;20250715;134;29;7;4;5;14,9;74,5;7,45;67,05;20,0;47,05;2026-09-30 11:28:38.427428
1809;1850;20250416;104;12;3;4;5;38,5;192,5;9,62;182,88;92,5;90,38;2026-09-30 11:28:38.427428
1810;1851;20250608;119;18;1;4;3;14,9;44,7;6,7;38,0;18,0;20,0;2026-09-30 11:28:38.427428
1811;1852;20260203;109;16;7;4;6;19,9;119,4;17,91;101,49;54,0;47,49;2026-09-30 11:28:38.427428
1812;1853;20250723;41;15;15;3;3;34,9;104,7;0,0;104,7;51,0;53,7;2026-09-30 11:28:38.427428
1813;1854;20250310;151;18;7;2;2;14,9;29,8;0,0;29,8;12,0;17,8;2026-09-30 11:28:38.427428
1814;1855;20251017;41;8;7;1;5;54,9;274,5;0,0;274,5;145,0;129,5;2026-09-30 11:28:38.427428
1815;1856;20260312;110;2;7;2;1;199,9;199,9;9,99;189,91;125,0;64,91;2026-09-30 11:28:38.427428
1816;1857;20260129;111;11;7;2;2;45,0;90,0;4,5;85,5;42,0;43,5;2026-09-30 11:28:38.427428
1817;1858;20260115;77;24;15;4;6;13,9;83,4;0,0;83,4;37,2;46,2;2026-09-30 11:28:38.427428
1818;1859;20250109;164;30;11;1;1;29,9;29,9;0,0;29,9;9,0;20,9;2026-09-30 11:28:38.427428
1819;1860;20250429;31;26;8;4;4;79,9;319,6;47,94;271,66;128,0;143,66;2026-09-30 11:28:38.427428
1820;1862;20260511;178;16;5;1;2;19,9;39,8;3,98;35,82;18,0;17,82;2026-09-30 11:28:38.427428
1821;1863;20260502;28;29;15;4;4;14,9;59,6;0,0;59,6;16,0;43,6;2026-09-30 11:28:38.427428
1822;1864;20260621;61;14;15;2;3;27,9;83,7;0,0;83,7;33,0;50,7;2026-09-30 11:28:38.427428
1823;1865;20260109;51;27;5;2;3;64,9;194,7;29,2;165,5;84,0;81,5;2026-09-30 11:28:38.427428
1824;1866;20250122;93;25;14;4;3;24,9;74,7;7,47;67,23;24,0;43,23;2026-09-30 11:28:38.427428
1825;1867;20251203;10;11;7;3;4;45,0;180,0;18,0;162,0;84,0;78,0;2026-09-30 11:28:38.427428
1826;1868;20250802;172;1;11;3;5;129,9;649,5;0,0;649,5;390,0;259,5;2026-09-30 11:28:38.427428
1827;1869;20260102;126;7;7;4;2;69,9;139,8;0,0;139,8;76,0;63,8;2026-09-30 11:28:38.427428
1828;1870;20260201;73;13;11;2;2;35,9;71,8;7,18;64,62;32,0;32,62;2026-09-30 11:28:38.427428
1829;1871;20250530;200;16;15;3;6;19,9;119,4;5,97;113,43;54,0;59,43;2026-09-30 11:28:38.427428
1830;1872;20250205;177;6;6;4;6;6,5;39,0;3,9;35,1;19,2;15,9;2026-09-30 11:28:38.427428
1831;1873;20250125;144;22;15;4;6;11,9;71,4;10,71;60,69;33,0;27,69;2026-09-30 11:28:38.427428
1832;1874;20250829;82;24;11;1;1;13,9;13,9;0,0;13,9;6,2;7,7;2026-09-30 11:28:38.427428
1833;1875;20260827;14;7;11;4;1;69,9;69,9;3,5;66,4;38,0;28,4;2026-09-30 11:28:38.427428
1834;1876;20260624;165;26;15;3;3;79,9;239,7;0,0;239,7;96,0;143,7;2026-09-30 11:28:38.427428
1835;1877;20250926;181;6;7;4;5;6,5;32,5;0,0;32,5;16,0;16,5;2026-09-30 11:28:38.427428
1836;1878;20250521;173;21;7;4;1;6,9;6,9;0,69;6,21;2,8;3,41;2026-09-30 11:28:38.427428
1837;1879;20250814;19;9;12;3;4;32,0;128,0;19,2;108,8;56,0;52,8;2026-09-30 11:28:38.427428
1838;1881;20251231;166;22;11;1;4;11,9;47,6;0,0;47,6;22,0;25,6;2026-09-30 11:28:38.427428
1839;1882;20250810;105;16;7;4;4;19,9;79,6;0,0;79,6;36,0;43,6;2026-09-30 11:28:38.427428
1840;1883;20250612;48;29;8;4;6;14,9;89,4;0,0;89,4;24,0;65,4;2026-09-30 11:28:38.427428
1841;1884;20251129;44;23;7;1;2;12,9;25,8;0,0;25,8;10,0;15,8;2026-09-30 11:28:38.427428
1842;1885;20260803;138;1;15;4;4;129,9;519,6;0,0;519,6;312,0;207,6;2026-09-30 11:28:38.427428
1843;1886;20260725;95;20;7;3;4;22,9;91,6;9,16;82,44;42,0;40,44;2026-09-30 11:28:38.427428
1844;1887;20260201;85;10;7;4;1;24,9;24,9;0,0;24,9;9,5;15,4;2026-09-30 11:28:38.427428
1845;1888;20250324;166;12;11;2;4;38,5;154,0;0,0;154,0;74,0;80,0;2026-09-30 11:28:38.427428
1846;1890;20250415;188;21;14;4;1;6,9;6,9;0,0;6,9;2,8;4,1;2026-09-30 11:28:38.427428
1847;1891;20251219;39;16;14;4;3;19,9;59,7;0,0;59,7;27,0;32,7;2026-09-30 11:28:38.427428
1848;1892;20250114;128;4;15;1;6;59,9;359,4;35,94;323,46;192,0;131,46;2026-09-30 11:28:38.427428
1849;1893;20260408;94;21;7;3;6;6,9;41,4;0,0;41,4;16,8;24,6;2026-09-30 11:28:38.427428
1850;1894;20251011;79;11;3;4;4;45,0;180,0;0,0;180,0;84,0;96,0;2026-09-30 11:28:38.427428
1851;1895;20250802;93;16;15;2;3;19,9;59,7;5,97;53,73;27,0;26,73;2026-09-30 11:28:38.427428
1852;1896;20260305;91;21;5;4;4;6,9;27,6;4,14;23,46;11,2;12,26;2026-09-30 11:28:38.427428
1853;1897;20260715;110;18;15;4;6;14,9;89,4;8,94;80,46;36,0;44,46;2026-09-30 11:28:38.427428
1854;1898;20260417;122;10;7;2;5;24,9;124,5;0,0;124,5;47,5;77,0;2026-09-30 11:28:38.427428
1855;1899;20250915;77;29;11;1;6;14,9;89,4;0,0;89,4;24,0;65,4;2026-09-30 11:28:38.427428
1856;1900;20250303;93;2;15;4;3;199,9;599,7;59,97;539,73;375,0;164,73;2026-09-30 11:28:38.427428
1857;1901;20250720;146;1;7;4;1;129,9;129,9;0,0;129,9;78,0;51,9;2026-09-30 11:28:38.427428
1858;1902;20250105;62;11;4;3;3;45,0;135,0;6,75;128,25;63,0;65,25;2026-09-30 11:28:38.427428
1859;1903;20251218;6;22;15;2;2;11,9;23,8;2,38;21,42;11,0;10,42;2026-09-30 11:28:38.427428
1860;1904;20250827;58;5;7;2;4;99,9;399,6;59,94;339,66;220,0;119,66;2026-09-30 11:28:38.427428
1861;1905;20250130;71;24;15;1;1;13,9;13,9;2,08;11,82;6,2;5,62;2026-09-30 11:28:38.427428
1862;1906;20250424;178;27;7;4;6;64,9;389,4;0,0;389,4;168,0;221,4;2026-09-30 11:28:38.427428
1863;1907;20260318;11;12;7;2;3;38,5;115,5;17,32;98,18;55,5;42,68;2026-09-30 11:28:38.427428
1864;1908;20250202;196;12;15;4;3;38,5;115,5;0,0;115,5;55,5;60,0;2026-09-30 11:28:38.427428
1865;1909;20250330;171;15;9;1;3;34,9;104,7;0,0;104,7;51,0;53,7;2026-09-30 11:28:38.427428
1866;1910;20250130;132;6;7;4;4;6,5;26,0;0,0;26,0;12,8;13,2;2026-09-30 11:28:38.427428
1867;1911;20260318;62;19;11;2;5;27,9;139,5;0,0;139,5;65,0;74,5;2026-09-30 11:28:38.427428
1868;1912;20260828;139;2;3;1;3;199,9;599,7;0,0;599,7;375,0;224,7;2026-09-30 11:28:38.427428
1869;1913;20260724;136;25;15;1;2;24,9;49,8;0,0;49,8;16,0;33,8;2026-09-30 11:28:38.427428
1870;1914;20260111;12;2;7;2;2;199,9;399,8;59,97;339,83;250,0;89,83;2026-09-30 11:28:38.427428
1871;1915;20250709;156;5;15;2;4;99,9;399,6;19,98;379,62;220,0;159,62;2026-09-30 11:28:38.427428
1872;1916;20251103;64;9;11;2;2;32,0;64,0;0,0;64,0;28,0;36,0;2026-09-30 11:28:38.427428
1873;1917;20251125;5;22;15;3;5;11,9;59,5;0,0;59,5;27,5;32,0;2026-09-30 11:28:38.427428
1874;1918;20250615;131;13;12;1;3;35,9;107,7;0,0;107,7;48,0;59,7;2026-09-30 11:28:38.427428
1875;1919;20260211;146;27;11;4;5;64,9;324,5;0,0;324,5;140,0;184,5;2026-09-30 11:28:38.427428
1876;1920;20260515;1;25;7;4;1;24,9;24,9;0,0;24,9;8,0;16,9;2026-09-30 11:28:38.427428
1877;1921;20250701;2;12;11;2;2;38,5;77,0;0,0;77,0;37,0;40,0;2026-09-30 11:28:38.427428
1878;1922;20251221;15;20;7;4;1;22,9;22,9;0,0;22,9;10,5;12,4;2026-09-30 11:28:38.427428
1879;1923;20250730;70;25;7;4;1;24,9;24,9;0,0;24,9;8,0;16,9;2026-09-30 11:28:38.427428
1880;1924;20250215;20;24;11;2;2;13,9;27,8;0,0;27,8;12,4;15,4;2026-09-30 11:28:38.427428
1881;1925;20260713;80;11;15;2;1;45,0;45,0;0,0;45,0;21,0;24,0;2026-09-30 11:28:38.427428
1882;1926;20250320;193;6;15;1;1;6,5;6,5;0,65;5,85;3,2;2,65;2026-09-30 11:28:38.427428
1883;1927;20260506;63;19;15;2;6;27,9;167,4;16,74;150,66;78,0;72,66;2026-09-30 11:28:38.427428
1884;1928;20250921;179;16;15;4;2;19,9;39,8;3,98;35,82;18,0;17,82;2026-09-30 11:28:38.427428
1885;1929;20260630;156;9;15;2;5;32,0;160,0;0,0;160,0;70,0;90,0;2026-09-30 11:28:38.427428
1886;1930;20250923;94;25;7;4;1;24,9;24,9;0,0;24,9;8,0;16,9;2026-09-30 11:28:38.427428
1887;1931;20250430;177;15;7;1;4;34,9;139,6;20,94;118,66;68,0;50,66;2026-09-30 11:28:38.427428
1888;1932;20260126;199;12;7;4;4;38,5;154,0;0,0;154,0;74,0;80,0;2026-09-30 11:28:38.427428
1889;1933;20250217;43;7;15;1;5;69,9;349,5;34,95;314,55;190,0;124,55;2026-09-30 11:28:38.427428
1890;1934;20250630;127;13;15;1;1;35,9;35,9;0,0;35,9;16,0;19,9;2026-09-30 11:28:38.427428
1891;1935;20260119;48;14;7;1;1;27,9;27,9;0,0;27,9;11,0;16,9;2026-09-30 11:28:38.427428
1892;1936;20251117;97;30;3;4;4;29,9;119,6;5,98;113,62;36,0;77,62;2026-09-30 11:28:38.427428
1893;1937;20260709;57;18;6;2;5;14,9;74,5;0,0;74,5;30,0;44,5;2026-09-30 11:28:38.427428
1894;1938;20250529;200;23;3;2;1;12,9;12,9;1,29;11,61;5,0;6,61;2026-09-30 11:28:38.427428
1895;1939;20250928;13;13;7;2;3;35,9;107,7;0,0;107,7;48,0;59,7;2026-09-30 11:28:38.427428
1896;1940;20250121;23;5;15;3;5;99,9;499,5;24,98;474,52;275,0;199,52;2026-09-30 11:28:38.427428
1897;1941;20260618;168;28;11;4;4;89,9;359,6;0,0;359,6;140,0;219,6;2026-09-30 11:28:38.427428
1898;1942;20250508;29;2;8;4;3;199,9;599,7;0,0;599,7;375,0;224,7;2026-09-30 11:28:38.427428
1899;1943;20250110;111;4;7;3;5;59,9;299,5;0,0;299,5;160,0;139,5;2026-09-30 11:28:38.427428
1900;1944;20250622;153;14;3;1;2;27,9;55,8;0,0;55,8;22,0;33,8;2026-09-30 11:28:38.427428
1901;1945;20250812;125;25;7;1;4;24,9;99,6;4,98;94,62;32,0;62,62;2026-09-30 11:28:38.427428
1902;1946;20250218;30;19;15;4;5;27,9;139,5;20,92;118,58;65,0;53,58;2026-09-30 11:28:38.427428
1903;1947;20250719;108;7;11;3;6;69,9;419,4;0,0;419,4;228,0;191,4;2026-09-30 11:28:38.427428
1904;1948;20250227;63;19;7;4;1;27,9;27,9;0,0;27,9;13,0;14,9;2026-09-30 11:28:38.427428
1905;1949;20250829;175;17;3;2;2;9,9;19,8;0,99;18,81;9,0;9,81;2026-09-30 11:28:38.427428
1906;1950;20251217;28;24;11;2;2;13,9;27,8;0,0;27,8;12,4;15,4;2026-09-30 11:28:38.427428
1907;1951;20250918;127;29;7;1;1;14,9;14,9;2,24;12,66;4,0;8,66;2026-09-30 11:28:38.427428
1908;1952;20260209;60;23;7;1;2;12,9;25,8;1,29;24,51;10,0;14,51;2026-09-30 11:28:38.427428
1909;1953;20250906;3;11;11;1;2;45,0;90,0;13,5;76,5;42,0;34,5;2026-09-30 11:28:38.427428
1910;1954;20260107;149;20;7;2;1;22,9;22,9;1,14;21,76;10,5;11,26;2026-09-30 11:28:38.427428
1911;1955;20250712;85;20;3;4;5;22,9;114,5;11,45;103,05;52,5;50,55;2026-09-30 11:28:38.427428
1912;1956;20260505;178;7;13;3;5;69,9;349,5;0,0;349,5;190,0;159,5;2026-09-30 11:28:38.427428
1913;1957;20251004;25;6;7;2;3;6,5;19,5;1,95;17,55;9,6;7,95;2026-09-30 11:28:38.427428
1914;1958;20251117;79;14;15;2;6;27,9;167,4;0,0;167,4;66,0;101,4;2026-09-30 11:28:38.427428
1915;1959;20250201;41;10;15;2;5;24,9;124,5;12,45;112,05;47,5;64,55;2026-09-30 11:28:38.427428
1916;1960;20260612;110;15;16;2;4;34,9;139,6;13,96;125,64;68,0;57,64;2026-09-30 11:28:38.427428
1917;1961;20250308;50;10;15;2;1;24,9;24,9;0,0;24,9;9,5;15,4;2026-09-30 11:28:38.427428
1918;1962;20250703;99;3;15;2;6;79,9;479,4;71,91;407,49;270,0;137,49;2026-09-30 11:28:38.427428
1919;1963;20250629;10;13;3;4;3;35,9;107,7;10,77;96,93;48,0;48,93;2026-09-30 11:28:38.427428
1920;1964;20250828;60;30;15;4;4;29,9;119,6;5,98;113,62;36,0;77,62;2026-09-30 11:28:38.427428
1921;1965;20250825;79;25;15;4;2;24,9;49,8;0,0;49,8;16,0;33,8;2026-09-30 11:28:38.427428
1922;1966;20251104;173;17;7;2;6;9,9;59,4;2,97;56,43;27,0;29,43;2026-09-30 11:28:38.427428
1923;1967;20250208;130;24;12;2;5;13,9;69,5;0,0;69,5;31,0;38,5;2026-09-30 11:28:38.427428
1924;1968;20251218;6;6;13;4;4;6,5;26,0;0,0;26,0;12,8;13,2;2026-09-30 11:28:38.427428
1925;1969;20260118;156;25;9;3;5;24,9;124,5;0,0;124,5;40,0;84,5;2026-09-30 11:28:38.427428
1926;1970;20251127;154;14;11;2;5;27,9;139,5;0,0;139,5;55,0;84,5;2026-09-30 11:28:38.427428
1927;1972;20260413;5;14;7;4;4;27,9;111,6;0,0;111,6;44,0;67,6;2026-09-30 11:28:38.427428
1928;1973;20260327;22;28;15;2;4;89,9;359,6;0,0;359,6;140,0;219,6;2026-09-30 11:28:38.427428
1929;1974;20260305;111;23;15;4;4;12,9;51,6;5,16;46,44;20,0;26,44;2026-09-30 11:28:38.427428
1930;1975;20250705;53;13;7;3;4;35,9;143,6;0,0;143,6;64,0;79,6;2026-09-30 11:28:38.427428
1931;1976;20251012;83;19;4;4;5;27,9;139,5;20,92;118,58;65,0;53,58;2026-09-30 11:28:38.427428
1932;1977;20250928;46;26;7;3;2;79,9;159,8;23,97;135,83;64,0;71,83;2026-09-30 11:28:38.427428
1933;1978;20250904;138;4;11;2;3;59,9;179,7;0,0;179,7;96,0;83,7;2026-09-30 11:28:38.427428
1934;1979;20250913;133;27;15;3;3;64,9;194,7;19,47;175,23;84,0;91,23;2026-09-30 11:28:38.427428
1935;1980;20250328;6;22;15;4;4;11,9;47,6;7,14;40,46;22,0;18,46;2026-09-30 11:28:38.427428
1936;1981;20260531;95;3;3;4;5;79,9;399,5;0,0;399,5;225,0;174,5;2026-09-30 11:28:38.427428
1937;1982;20250222;50;16;7;2;1;19,9;19,9;1,99;17,91;9,0;8,91;2026-09-30 11:28:38.427428
1938;1983;20250908;60;13;7;2;5;35,9;179,5;0,0;179,5;80,0;99,5;2026-09-30 11:28:38.427428
1939;1984;20260405;57;14;15;4;1;27,9;27,9;4,18;23,72;11,0;12,72;2026-09-30 11:28:38.427428
1940;1985;20260206;114;14;16;4;2;27,9;55,8;2,79;53,01;22,0;31,01;2026-09-30 11:28:38.427428
1941;1986;20260119;157;16;7;1;4;19,9;79,6;0,0;79,6;36,0;43,6;2026-09-30 11:28:38.427428
1942;1987;20250917;8;5;11;4;5;99,9;499,5;74,92;424,58;275,0;149,58;2026-09-30 11:28:38.427428
1943;1988;20251230;21;9;8;2;2;32,0;64,0;0,0;64,0;28,0;36,0;2026-09-30 11:28:38.427428
1944;1989;20250301;9;25;7;2;2;24,9;49,8;4,98;44,82;16,0;28,82;2026-09-30 11:28:38.427428
1945;1990;20250927;88;13;7;1;3;35,9;107,7;0,0;107,7;48,0;59,7;2026-09-30 11:28:38.427428
1946;1991;20260226;111;11;8;2;2;45,0;90,0;0,0;90,0;42,0;48,0;2026-09-30 11:28:38.427428
1947;1992;20250313;16;9;13;1;4;32,0;128,0;12,8;115,2;56,0;59,2;2026-09-30 11:28:38.427428
1948;1993;20260829;189;3;11;1;1;79,9;79,9;0,0;79,9;45,0;34,9;2026-09-30 11:28:38.427428
1949;1994;20260313;20;7;7;2;6;69,9;419,4;0,0;419,4;228,0;191,4;2026-09-30 11:28:38.427428
1950;1995;20260418;188;21;7;1;4;6,9;27,6;1,38;26,22;11,2;15,02;2026-09-30 11:28:38.427428
1951;1996;20260113;104;5;3;2;6;99,9;599,4;0,0;599,4;330,0;269,4;2026-09-30 11:28:38.427428
1952;1997;20250710;128;23;3;1;2;12,9;25,8;0,0;25,8;10,0;15,8;2026-09-30 11:28:38.427428
1953;1998;20250226;91;20;16;2;5;22,9;114,5;0,0;114,5;52,5;62,0;2026-09-30 11:28:38.427428
1954;1999;20260410;188;28;7;3;2;89,9;179,8;17,98;161,82;70,0;91,82;2026-09-30 11:28:38.427428
1955;2000;20250620;185;1;11;4;2;129,9;259,8;0,0;259,8;156,0;103,8;2026-09-30 11:28:38.427428
1956;2001;20250408;53;14;4;2;3;27,9;83,7;0,0;83,7;33,0;50,7;2026-09-30 11:28:38.427428
1957;2002;20251122;137;12;13;4;2;38,5;77,0;11,55;65,45;37,0;28,45;2026-09-30 11:28:38.427428
1958;2003;20251218;160;21;7;1;2;6,9;13,8;2,07;11,73;5,6;6,13;2026-09-30 11:28:38.427428
1959;2004;20260105;133;3;11;2;2;79,9;159,8;23,97;135,83;90,0;45,83;2026-09-30 11:28:38.427428
1960;2005;20251115;137;7;4;3;5;69,9;349,5;52,42;297,08;190,0;107,08;2026-09-30 11:28:38.427428
1961;2006;20250627;80;3;15;4;3;79,9;239,7;0,0;239,7;135,0;104,7;2026-09-30 11:28:38.427428
1962;2007;20250306;132;25;15;3;1;24,9;24,9;0,0;24,9;8,0;16,9;2026-09-30 11:28:38.427428
1963;2008;20251231;93;13;11;2;1;35,9;35,9;0,0;35,9;16,0;19,9;2026-09-30 11:28:38.427428
1964;2009;20250413;13;10;3;4;1;24,9;24,9;1,25;23,65;9,5;14,15;2026-09-30 11:28:38.427428
1965;2010;20250901;192;11;15;1;3;45,0;135,0;20,25;114,75;63,0;51,75;2026-09-30 11:28:38.427428
1966;2011;20251001;88;6;15;3;5;6,5;32,5;0,0;32,5;16,0;16,5;2026-09-30 11:28:38.427428
1967;2012;20260125;177;1;16;2;4;129,9;519,6;25,98;493,62;312,0;181,62;2026-09-30 11:28:38.427428
1968;2013;20260531;33;26;7;3;6;79,9;479,4;0,0;479,4;192,0;287,4;2026-09-30 11:28:38.427428
1969;2014;20250530;8;21;15;3;4;6,9;27,6;1,38;26,22;11,2;15,02;2026-09-30 11:28:38.427428
1970;2015;20251227;127;1;11;1;3;129,9;389,7;0,0;389,7;234,0;155,7;2026-09-30 11:28:38.427428
1971;2016;20251001;144;1;7;2;1;129,9;129,9;0,0;129,9;78,0;51,9;2026-09-30 11:28:38.427428
1972;2017;20250215;85;4;3;2;2;59,9;119,8;11,98;107,82;64,0;43,82;2026-09-30 11:28:38.427428
1973;2018;20250214;74;30;15;2;6;29,9;179,4;8,97;170,43;54,0;116,43;2026-09-30 11:28:38.427428
1974;2019;20260213;178;12;3;4;3;38,5;115,5;5,78;109,72;55,5;54,22;2026-09-30 11:28:38.427428
1975;2020;20250729;10;19;3;4;5;27,9;139,5;0,0;139,5;65,0;74,5;2026-09-30 11:28:38.427428
1976;2021;20260126;89;18;8;1;4;14,9;59,6;0,0;59,6;24,0;35,6;2026-09-30 11:28:38.427428
1977;2022;20260829;6;22;3;4;1;11,9;11,9;0,0;11,9;5,5;6,4;2026-09-30 11:28:38.427428
1978;2023;20250323;193;16;7;2;5;19,9;99,5;4,97;94,53;45,0;49,53;2026-09-30 11:28:38.427428
1979;2024;20250909;144;9;1;4;5;32,0;160,0;0,0;160,0;70,0;90,0;2026-09-30 11:28:38.427428
1980;2025;20250827;79;9;15;2;4;32,0;128,0;0,0;128,0;56,0;72,0;2026-09-30 11:28:38.427428
1981;2026;20250815;33;16;7;2;2;19,9;39,8;3,98;35,82;18,0;17,82;2026-09-30 11:28:38.427428
1982;2027;20251206;98;17;7;1;4;9,9;39,6;3,96;35,64;18,0;17,64;2026-09-30 11:28:38.427428
1983;2028;20250618;184;18;4;2;6;14,9;89,4;4,47;84,93;36,0;48,93;2026-09-30 11:28:38.427428
1984;2029;20251102;175;2;7;4;4;199,9;799,6;119,94;679,66;500,0;179,66;2026-09-30 11:28:38.427428
1985;2030;20251003;188;13;7;2;3;35,9;107,7;0,0;107,7;48,0;59,7;2026-09-30 11:28:38.427428
1986;2031;20251204;154;21;15;2;2;6,9;13,8;1,38;12,42;5,6;6,82;2026-09-30 11:28:38.427428
1987;2032;20260624;99;9;11;2;1;32,0;32,0;3,2;28,8;14,0;14,8;2026-09-30 11:28:38.427428
1988;2033;20251002;157;26;15;1;5;79,9;399,5;0,0;399,5;160,0;239,5;2026-09-30 11:28:38.427428
1989;2034;20250901;185;29;3;4;1;14,9;14,9;0,0;14,9;4,0;10,9;2026-09-30 11:28:38.427428
1990;2035;20251202;148;27;7;2;1;64,9;64,9;0,0;64,9;28,0;36,9;2026-09-30 11:28:38.427428
1991;2036;20250621;123;25;7;4;5;24,9;124,5;0,0;124,5;40,0;84,5;2026-09-30 11:28:38.427428
1992;2037;20250728;51;3;5;4;6;79,9;479,4;0,0;479,4;270,0;209,4;2026-09-30 11:28:38.427428
1993;2038;20251221;84;26;13;4;5;79,9;399,5;0,0;399,5;160,0;239,5;2026-09-30 11:28:38.427428
1994;2039;20260217;163;2;15;4;5;199,9;999,5;99,95;899,55;625,0;274,55;2026-09-30 11:28:38.427428
1995;2040;20250606;182;26;11;4;3;79,9;239,7;11,98;227,72;96,0;131,72;2026-09-30 11:28:38.427428
1996;2041;20260101;83;26;11;2;5;79,9;399,5;39,95;359,55;160,0;199,55;2026-09-30 11:28:38.427428
1997;2042;20250523;23;1;15;4;6;129,9;779,4;0,0;779,4;468,0;311,4;2026-09-30 11:28:38.427428
1998;2043;20260729;157;21;10;1;5;6,9;34,5;5,18;29,32;14,0;15,32;2026-09-30 11:28:38.427428
1999;2044;20260510;96;23;15;2;5;12,9;64,5;0,0;64,5;25,0;39,5;2026-09-30 11:28:38.427428
2000;2045;20251010;159;20;15;4;2;22,9;45,8;2,29;43,51;21,0;22,51;2026-09-30 11:28:38.427428
2001;2046;20260124;200;22;7;2;5;11,9;59,5;0,0;59,5;27,5;32,0;2026-09-30 11:28:38.427428
2002;2047;20260319;138;21;7;2;6;6,9;41,4;0,0;41,4;16,8;24,6;2026-09-30 11:28:38.427428
2003;2048;20260514;104;27;15;4;5;64,9;324,5;32,45;292,05;140,0;152,05;2026-09-30 11:28:38.427428
2004;2049;20250916;119;4;11;2;1;59,9;59,9;0,0;59,9;32,0;27,9;2026-09-30 11:28:38.427428
2005;2050;20251227;94;27;3;2;6;64,9;389,4;0,0;389,4;168,0;221,4;2026-09-30 11:28:38.427428
2006;2051;20260119;120;24;7;2;6;13,9;83,4;0,0;83,4;37,2;46,2;2026-09-30 11:28:38.427428
2007;2052;20260820;89;12;7;3;3;38,5;115,5;0,0;115,5;55,5;60,0;2026-09-30 11:28:38.427428
2008;2053;20250926;161;13;16;2;1;35,9;35,9;3,59;32,31;16,0;16,31;2026-09-30 11:28:38.427428
2009;2054;20250415;65;26;10;4;6;79,9;479,4;0,0;479,4;192,0;287,4;2026-09-30 11:28:38.427428
2010;2055;20250909;75;9;7;3;6;32,0;192,0;0,0;192,0;84,0;108,0;2026-09-30 11:28:38.427428
2011;2056;20250207;32;7;15;2;4;69,9;279,6;0,0;279,6;152,0;127,6;2026-09-30 11:28:38.427428
2012;2057;20260325;192;20;3;2;6;22,9;137,4;0,0;137,4;63,0;74,4;2026-09-30 11:28:38.427428
2013;2058;20250411;102;14;13;1;6;27,9;167,4;16,74;150,66;66,0;84,66;2026-09-30 11:28:38.427428
2014;2059;20250722;110;18;3;4;5;14,9;74,5;0,0;74,5;30,0;44,5;2026-09-30 11:28:38.427428
2015;2060;20260706;55;14;11;2;1;27,9;27,9;0,0;27,9;11,0;16,9;2026-09-30 11:28:38.427428
2016;2061;20251114;43;20;7;4;1;22,9;22,9;0,0;22,9;10,5;12,4;2026-09-30 11:28:38.427428
2017;2062;20260329;197;8;11;3;3;54,9;164,7;24,7;140,0;87,0;53,0;2026-09-30 11:28:38.427428
2018;2064;20260302;61;17;7;1;2;9,9;19,8;1,98;17,82;9,0;8,82;2026-09-30 11:28:38.427428
2019;2065;20250510;173;28;1;2;5;89,9;449,5;0,0;449,5;175,0;274,5;2026-09-30 11:28:38.427428
2020;2066;20260516;165;11;7;1;2;45,0;90,0;4,5;85,5;42,0;43,5;2026-09-30 11:28:38.427428
2021;2067;20260122;96;13;15;2;3;35,9;107,7;10,77;96,93;48,0;48,93;2026-09-30 11:28:38.427428
2022;2068;20251217;22;4;15;2;5;59,9;299,5;0,0;299,5;160,0;139,5;2026-09-30 11:28:38.427428
2023;2069;20260831;56;2;11;1;2;199,9;399,8;0,0;399,8;250,0;149,8;2026-09-30 11:28:38.427428
2024;2070;20250518;43;29;1;2;3;14,9;44,7;0,0;44,7;12,0;32,7;2026-09-30 11:28:38.427428
2025;2071;20260203;3;2;15;3;1;199,9;199,9;0,0;199,9;125,0;74,9;2026-09-30 11:28:38.427428
2026;2072;20260510;112;16;3;2;1;19,9;19,9;0,0;19,9;9,0;10,9;2026-09-30 11:28:38.427428
2027;2073;20260303;48;1;7;4;4;129,9;519,6;0,0;519,6;312,0;207,6;2026-09-30 11:28:38.427428
2028;2074;20250215;58;22;7;2;3;11,9;35,7;5,36;30,34;16,5;13,84;2026-09-30 11:28:38.427428
2029;2075;20260215;10;20;7;1;4;22,9;91,6;0,0;91,6;42,0;49,6;2026-09-30 11:28:38.427428
2030;2076;20260514;166;30;15;4;3;29,9;89,7;0,0;89,7;27,0;62,7;2026-09-30 11:28:38.427428
2031;2077;20250413;49;4;4;2;5;59,9;299,5;0,0;299,5;160,0;139,5;2026-09-30 11:28:38.427428
2032;2078;20260212;187;4;11;1;3;59,9;179,7;0,0;179,7;96,0;83,7;2026-09-30 11:28:38.427428
2033;2079;20260607;117;14;11;2;5;27,9;139,5;0,0;139,5;55,0;84,5;2026-09-30 11:28:38.427428
2034;2080;20250326;2;12;15;3;5;38,5;192,5;0,0;192,5;92,5;100,0;2026-09-30 11:28:38.427428
2035;2081;20251220;32;11;11;3;3;45,0;135,0;0,0;135,0;63,0;72,0;2026-09-30 11:28:38.427428
2036;2082;20260610;163;5;7;2;5;99,9;499,5;24,98;474,52;275,0;199,52;2026-09-30 11:28:38.427428
2037;2083;20260513;180;20;16;3;4;22,9;91,6;0,0;91,6;42,0;49,6;2026-09-30 11:28:38.427428
2038;2084;20250105;85;10;4;1;1;24,9;24,9;0,0;24,9;9,5;15,4;2026-09-30 11:28:38.427428
2039;2085;20250429;194;19;7;3;3;27,9;83,7;4,18;79,52;39,0;40,52;2026-09-30 11:28:38.427428
2040;2086;20260825;184;2;7;2;1;199,9;199,9;0,0;199,9;125,0;74,9;2026-09-30 11:28:38.427428
2041;2087;20260307;192;25;7;3;2;24,9;49,8;7,47;42,33;16,0;26,33;2026-09-30 11:28:38.427428
2042;2088;20260701;12;9;15;1;3;32,0;96,0;4,8;91,2;42,0;49,2;2026-09-30 11:28:38.427428
2043;2089;20251024;42;18;15;3;1;14,9;14,9;0,0;14,9;6,0;8,9;2026-09-30 11:28:38.427428
2044;2090;20250501;27;19;15;4;6;27,9;167,4;0,0;167,4;78,0;89,4;2026-09-30 11:28:38.427428
2045;2091;20250603;132;12;11;4;3;38,5;115,5;5,78;109,72;55,5;54,22;2026-09-30 11:28:38.427428
2046;2092;20260817;3;11;7;3;3;45,0;135,0;6,75;128,25;63,0;65,25;2026-09-30 11:28:38.427428
2047;2093;20260222;18;1;7;4;4;129,9;519,6;0,0;519,6;312,0;207,6;2026-09-30 11:28:38.427428
2048;2094;20260119;120;28;12;1;4;89,9;359,6;0,0;359,6;140,0;219,6;2026-09-30 11:28:38.427428
2049;2095;20260331;18;16;12;3;4;19,9;79,6;7,96;71,64;36,0;35,64;2026-09-30 11:28:38.427428
2050;2096;20260707;168;20;15;3;4;22,9;91,6;0,0;91,6;42,0;49,6;2026-09-30 11:28:38.427428
2051;2097;20251014;98;26;11;1;2;79,9;159,8;0,0;159,8;64,0;95,8;2026-09-30 11:28:38.427428
2052;2098;20250103;103;13;15;3;5;35,9;179,5;8,98;170,52;80,0;90,52;2026-09-30 11:28:38.427428
2053;2099;20260509;184;5;15;2;5;99,9;499,5;74,92;424,58;275,0;149,58;2026-09-30 11:28:38.427428
2054;2100;20251215;63;27;15;1;5;64,9;324,5;0,0;324,5;140,0;184,5;2026-09-30 11:28:38.427428
2055;2101;20260627;2;9;13;2;2;32,0;64,0;0,0;64,0;28,0;36,0;2026-09-30 11:28:38.427428
2056;2102;20260718;136;26;4;2;1;79,9;79,9;7,99;71,91;32,0;39,91;2026-09-30 11:28:38.427428
2057;2103;20250205;24;5;4;3;2;99,9;199,8;9,99;189,81;110,0;79,81;2026-09-30 11:28:38.427428
2058;2104;20260622;199;19;15;1;5;27,9;139,5;0,0;139,5;65,0;74,5;2026-09-30 11:28:38.427428
2059;2105;20250627;148;9;15;2;2;32,0;64,0;9,6;54,4;28,0;26,4;2026-09-30 11:28:38.427428
2060;2106;20260428;2;8;15;4;2;54,9;109,8;0,0;109,8;58,0;51,8;2026-09-30 11:28:38.427428
2061;2107;20250104;22;3;11;2;2;79,9;159,8;15,98;143,82;90,0;53,82;2026-09-30 11:28:38.427428
2062;2108;20250226;69;17;7;1;4;9,9;39,6;0,0;39,6;18,0;21,6;2026-09-30 11:28:38.427428
2063;2109;20251010;44;12;15;4;2;38,5;77,0;11,55;65,45;37,0;28,45;2026-09-30 11:28:38.427428
2064;2110;20250726;4;11;1;3;3;45,0;135,0;6,75;128,25;63,0;65,25;2026-09-30 11:28:38.427428
2065;2111;20250401;67;7;7;4;4;69,9;279,6;0,0;279,6;152,0;127,6;2026-09-30 11:28:38.427428
2066;2112;20250408;94;11;7;3;5;45,0;225,0;0,0;225,0;105,0;120,0;2026-09-30 11:28:38.427428
2067;2113;20250514;12;22;11;4;2;11,9;23,8;0,0;23,8;11,0;12,8;2026-09-30 11:28:38.427428
2068;2114;20251003;148;23;10;4;2;12,9;25,8;2,58;23,22;10,0;13,22;2026-09-30 11:28:38.427428
2069;2115;20260116;83;19;13;4;1;27,9;27,9;4,18;23,72;13,0;10,72;2026-09-30 11:28:38.427428
2070;2116;20251209;118;10;7;2;5;24,9;124,5;0,0;124,5;47,5;77,0;2026-09-30 11:28:38.427428
2071;2117;20250323;133;27;15;3;2;64,9;129,8;6,49;123,31;56,0;67,31;2026-09-30 11:28:38.427428
2072;2118;20260321;182;30;7;2;4;29,9;119,6;17,94;101,66;36,0;65,66;2026-09-30 11:28:38.427428
2073;2119;20260419;133;7;16;4;6;69,9;419,4;0,0;419,4;228,0;191,4;2026-09-30 11:28:38.427428
2074;2120;20250214;41;13;3;4;6;35,9;215,4;10,77;204,63;96,0;108,63;2026-09-30 11:28:38.427428
2075;2121;20250201;185;5;8;4;3;99,9;299,7;0,0;299,7;165,0;134,7;2026-09-30 11:28:38.427428
2076;2122;20250522;33;14;15;1;2;27,9;55,8;0,0;55,8;22,0;33,8;2026-09-30 11:28:38.427428
2077;2123;20250302;26;20;15;1;1;22,9;22,9;2,29;20,61;10,5;10,11;2026-09-30 11:28:38.427428
2078;2124;20251203;108;6;3;4;4;6,5;26,0;1,3;24,7;12,8;11,9;2026-09-30 11:28:38.427428
2079;2125;20251007;115;26;15;2;2;79,9;159,8;23,97;135,83;64,0;71,83;2026-09-30 11:28:38.427428
2080;2126;20260508;123;25;3;4;6;24,9;149,4;22,41;126,99;48,0;78,99;2026-09-30 11:28:38.427428
2081;2127;20250830;104;6;15;2;4;6,5;26,0;0,0;26,0;12,8;13,2;2026-09-30 11:28:38.427428
2082;2128;20251116;78;14;7;1;3;27,9;83,7;0,0;83,7;33,0;50,7;2026-09-30 11:28:38.427428
2083;2129;20250508;103;22;7;4;1;11,9;11,9;0,6;11,3;5,5;5,8;2026-09-30 11:28:38.427428
2084;2130;20250825;176;28;7;1;3;89,9;269,7;13,48;256,22;105,0;151,22;2026-09-30 11:28:38.427428
2085;2131;20260426;143;28;15;1;2;89,9;179,8;17,98;161,82;70,0;91,82;2026-09-30 11:28:38.427428
2086;2132;20251215;64;29;9;4;2;14,9;29,8;2,98;26,82;8,0;18,82;2026-09-30 11:28:38.427428
2087;2133;20260807;138;5;14;2;3;99,9;299,7;0,0;299,7;165,0;134,7;2026-09-30 11:28:38.427428
2088;2134;20250912;34;12;15;4;1;38,5;38,5;0,0;38,5;18,5;20,0;2026-09-30 11:28:38.427428
2089;2135;20250223;70;16;13;2;1;19,9;19,9;0,0;19,9;9,0;10,9;2026-09-30 11:28:38.427428
2090;2136;20260117;23;10;15;3;1;24,9;24,9;0,0;24,9;9,5;15,4;2026-09-30 11:28:38.427428
2091;2137;20251220;6;3;7;4;5;79,9;399,5;0,0;399,5;225,0;174,5;2026-09-30 11:28:38.427428
2092;2138;20260525;194;25;16;4;1;24,9;24,9;0,0;24,9;8,0;16,9;2026-09-30 11:28:38.427428
2093;2139;20250909;5;6;11;1;5;6,5;32,5;4,88;27,62;16,0;11,62;2026-09-30 11:28:38.427428
2094;2140;20250515;3;22;11;2;3;11,9;35,7;5,36;30,34;16,5;13,84;2026-09-30 11:28:38.427428
2095;2141;20260103;171;2;7;2;3;199,9;599,7;59,97;539,73;375,0;164,73;2026-09-30 11:28:38.427428
2096;2142;20260831;10;23;13;4;4;12,9;51,6;0,0;51,6;20,0;31,6;2026-09-30 11:28:38.427428
2097;2143;20260528;143;24;7;3;2;13,9;27,8;0,0;27,8;12,4;15,4;2026-09-30 11:28:38.427428
2098;2144;20260605;122;4;7;1;4;59,9;239,6;23,96;215,64;128,0;87,64;2026-09-30 11:28:38.427428
2099;2145;20260829;98;30;3;2;5;29,9;149,5;0,0;149,5;45,0;104,5;2026-09-30 11:28:38.427428
2100;2147;20250130;137;12;15;3;4;38,5;154,0;0,0;154,0;74,0;80,0;2026-09-30 11:28:38.427428
2101;2148;20251221;73;19;7;2;6;27,9;167,4;8,37;159,03;78,0;81,03;2026-09-30 11:28:38.427428
2102;2149;20260304;116;19;15;3;1;27,9;27,9;0,0;27,9;13,0;14,9;2026-09-30 11:28:38.427428
2103;2150;20260216;54;12;15;3;4;38,5;154,0;0,0;154,0;74,0;80,0;2026-09-30 11:28:38.427428
2104;2151;20251224;136;7;3;2;5;69,9;349,5;52,42;297,08;190,0;107,08;2026-09-30 11:28:38.427428
2105;2152;20250412;97;23;7;2;4;12,9;51,6;0,0;51,6;20,0;31,6;2026-09-30 11:28:38.427428
2106;2153;20250416;37;12;6;3;3;38,5;115,5;0,0;115,5;55,5;60,0;2026-09-30 11:28:38.427428
2107;2154;20250202;130;11;5;4;1;45,0;45,0;4,5;40,5;21,0;19,5;2026-09-30 11:28:38.427428
2108;2155;20260505;35;28;15;2;4;89,9;359,6;0,0;359,6;140,0;219,6;2026-09-30 11:28:38.427428
2109;2156;20251117;41;22;15;4;1;11,9;11,9;0,6;11,3;5,5;5,8;2026-09-30 11:28:38.427428
2110;2157;20260227;81;9;7;4;1;32,0;32,0;0,0;32,0;14,0;18,0;2026-09-30 11:28:38.427428
2111;2158;20250608;116;4;15;2;5;59,9;299,5;44,92;254,58;160,0;94,58;2026-09-30 11:28:38.427428
2112;2159;20250415;48;2;15;2;3;199,9;599,7;0,0;599,7;375,0;224,7;2026-09-30 11:28:38.427428
2113;2160;20250113;87;30;7;1;5;29,9;149,5;0,0;149,5;45,0;104,5;2026-09-30 11:28:38.427428
2114;2161;20251010;125;7;7;2;5;69,9;349,5;34,95;314,55;190,0;124,55;2026-09-30 11:28:38.427428
2115;2162;20251016;78;16;15;2;4;19,9;79,6;0,0;79,6;36,0;43,6;2026-09-30 11:28:38.427428
2116;2163;20250829;119;27;15;3;4;64,9;259,6;0,0;259,6;112,0;147,6;2026-09-30 11:28:38.427428
2117;2164;20250505;68;2;15;4;6;199,9;1199,4;179,91;1019,49;750,0;269,49;2026-09-30 11:28:38.427428
2118;2165;20260529;146;1;7;1;3;129,9;389,7;58,46;331,24;234,0;97,24;2026-09-30 11:28:38.427428
2119;2166;20250527;78;24;7;2;3;13,9;41,7;4,17;37,53;18,6;18,93;2026-09-30 11:28:38.427428
2120;2167;20260613;27;8;3;2;3;54,9;164,7;0,0;164,7;87,0;77,7;2026-09-30 11:28:38.427428
2121;2168;20250429;114;30;7;4;1;29,9;29,9;4,49;25,41;9,0;16,41;2026-09-30 11:28:38.427428
2122;2169;20260131;117;19;15;2;6;27,9;167,4;0,0;167,4;78,0;89,4;2026-09-30 11:28:38.427428
2123;2170;20250509;196;9;7;2;3;32,0;96,0;0,0;96,0;42,0;54,0;2026-09-30 11:28:38.427428
2124;2171;20250922;159;1;5;2;2;129,9;259,8;25,98;233,82;156,0;77,82;2026-09-30 11:28:38.427428
2125;2172;20251023;23;8;11;2;5;54,9;274,5;0,0;274,5;145,0;129,5;2026-09-30 11:28:38.427428
2126;2173;20250308;180;8;7;4;2;54,9;109,8;10,98;98,82;58,0;40,82;2026-09-30 11:28:38.427428
2127;2174;20251030;105;3;15;4;1;79,9;79,9;11,98;67,92;45,0;22,92;2026-09-30 11:28:38.427428
2128;2175;20251104;144;2;9;4;3;199,9;599,7;0,0;599,7;375,0;224,7;2026-09-30 11:28:38.427428
2129;2176;20250420;7;17;4;1;1;9,9;9,9;0,0;9,9;4,5;5,4;2026-09-30 11:28:38.427428
2130;2177;20250722;52;25;3;4;2;24,9;49,8;7,47;42,33;16,0;26,33;2026-09-30 11:28:38.427428
2131;2178;20250125;44;25;13;1;4;24,9;99,6;0,0;99,6;32,0;67,6;2026-09-30 11:28:38.427428
2132;2179;20260616;78;19;7;2;4;27,9;111,6;11,16;100,44;52,0;48,44;2026-09-30 11:28:38.427428
2133;2180;20250805;187;8;15;1;5;54,9;274,5;0,0;274,5;145,0;129,5;2026-09-30 11:28:38.427428
2134;2181;20251223;55;23;15;1;5;12,9;64,5;6,45;58,05;25,0;33,05;2026-09-30 11:28:38.427428
2135;2182;20250608;70;15;8;2;2;34,9;69,8;3,49;66,31;34,0;32,31;2026-09-30 11:28:38.427428
2136;2183;20250907;160;18;11;4;3;14,9;44,7;0,0;44,7;18,0;26,7;2026-09-30 11:28:38.427428
2137;2184;20260509;156;30;7;4;2;29,9;59,8;0,0;59,8;18,0;41,8;2026-09-30 11:28:38.427428
2138;2185;20250505;100;27;15;4;3;64,9;194,7;0,0;194,7;84,0;110,7;2026-09-30 11:28:38.427428
2139;2186;20260830;137;29;7;4;3;14,9;44,7;4,47;40,23;12,0;28,23;2026-09-30 11:28:38.427428
2140;2187;20250914;170;16;7;3;1;19,9;19,9;0,0;19,9;9,0;10,9;2026-09-30 11:28:38.427428
2141;2188;20250226;85;24;7;2;5;13,9;69,5;0,0;69,5;31,0;38,5;2026-09-30 11:28:38.427428
2142;2189;20251201;109;26;7;4;1;79,9;79,9;0,0;79,9;32,0;47,9;2026-09-30 11:28:38.427428
2143;2190;20250331;60;25;15;1;6;24,9;149,4;0,0;149,4;48,0;101,4;2026-09-30 11:28:38.427428
2144;2191;20250222;196;28;7;4;3;89,9;269,7;26,97;242,73;105,0;137,73;2026-09-30 11:28:38.427428
2145;2192;20250926;136;5;7;3;2;99,9;199,8;0,0;199,8;110,0;89,8;2026-09-30 11:28:38.427428
2146;2193;20250522;33;14;11;2;3;27,9;83,7;0,0;83,7;33,0;50,7;2026-09-30 11:28:38.427428
2147;2194;20260508;99;3;7;1;5;79,9;399,5;0,0;399,5;225,0;174,5;2026-09-30 11:28:38.427428
2148;2195;20250902;109;14;15;2;3;27,9;83,7;4,18;79,52;33,0;46,52;2026-09-30 11:28:38.427428
2149;2197;20250629;98;5;15;4;6;99,9;599,4;29,97;569,43;330,0;239,43;2026-09-30 11:28:38.427428
2150;2198;20260301;195;28;15;3;2;89,9;179,8;0,0;179,8;70,0;109,8;2026-09-30 11:28:38.427428
2151;2199;20260604;29;24;3;2;6;13,9;83,4;12,51;70,89;37,2;33,69;2026-09-30 11:28:38.427428
2152;2200;20260506;22;1;15;1;5;129,9;649,5;97,42;552,08;390,0;162,08;2026-09-30 11:28:38.427428
2153;2201;20260509;136;25;3;1;6;24,9;149,4;0,0;149,4;48,0;101,4;2026-09-30 11:28:38.427428
2154;2202;20260211;102;13;15;2;2;35,9;71,8;7,18;64,62;32,0;32,62;2026-09-30 11:28:38.427428
2155;2203;20260517;120;6;15;4;5;6,5;32,5;4,88;27,62;16,0;11,62;2026-09-30 11:28:38.427428
2156;2204;20260801;165;12;15;2;4;38,5;154,0;23,1;130,9;74,0;56,9;2026-09-30 11:28:38.427428
2157;2206;20250913;9;7;3;2;1;69,9;69,9;6,99;62,91;38,0;24,91;2026-09-30 11:28:38.427428
2158;2207;20250625;29;21;11;2;5;6,9;34,5;0,0;34,5;14,0;20,5;2026-09-30 11:28:38.427428
2159;2208;20251025;140;15;13;4;2;34,9;69,8;0,0;69,8;34,0;35,8;2026-09-30 11:28:38.427428
2160;2209;20250614;126;5;7;4;5;99,9;499,5;24,98;474,52;275,0;199,52;2026-09-30 11:28:38.427428
2161;2210;20250120;5;24;11;1;6;13,9;83,4;0,0;83,4;37,2;46,2;2026-09-30 11:28:38.427428
2162;2211;20250218;4;23;8;2;2;12,9;25,8;0,0;25,8;10,0;15,8;2026-09-30 11:28:38.427428
2163;2212;20251006;175;21;11;4;5;6,9;34,5;0,0;34,5;14,0;20,5;2026-09-30 11:28:38.427428
2164;2213;20260728;8;19;7;2;1;27,9;27,9;4,18;23,72;13,0;10,72;2026-09-30 11:28:38.427428
2165;2214;20251109;3;29;15;2;4;14,9;59,6;0,0;59,6;16,0;43,6;2026-09-30 11:28:38.427428
2166;2215;20250201;176;13;15;2;1;35,9;35,9;1,8;34,1;16,0;18,1;2026-09-30 11:28:38.427428
2167;2216;20260227;178;21;7;2;1;6,9;6,9;0,0;6,9;2,8;4,1;2026-09-30 11:28:38.427428
2168;2217;20260302;26;21;7;2;5;6,9;34,5;3,45;31,05;14,0;17,05;2026-09-30 11:28:38.427428
2169;2218;20260720;13;6;7;4;6;6,5;39,0;0,0;39,0;19,2;19,8;2026-09-30 11:28:38.427428
2170;2219;20251110;128;8;15;2;3;54,9;164,7;0,0;164,7;87,0;77,7;2026-09-30 11:28:38.427428
2171;2220;20251129;82;25;8;1;1;24,9;24,9;1,25;23,65;8,0;15,65;2026-09-30 11:28:38.427428
2172;2221;20260629;151;6;3;4;4;6,5;26,0;0,0;26,0;12,8;13,2;2026-09-30 11:28:38.427428
2173;2222;20260319;18;1;11;2;6;129,9;779,4;116,91;662,49;468,0;194,49;2026-09-30 11:28:38.427428
2174;2223;20251030;170;29;15;4;2;14,9;29,8;2,98;26,82;8,0;18,82;2026-09-30 11:28:38.427428
2175;2225;20250417;23;5;15;4;4;99,9;399,6;0,0;399,6;220,0;179,6;2026-09-30 11:28:38.427428
2176;2226;20250621;47;15;11;4;1;34,9;34,9;0,0;34,9;17,0;17,9;2026-09-30 11:28:38.427428
2177;2227;20250314;34;1;7;4;5;129,9;649,5;64,95;584,55;390,0;194,55;2026-09-30 11:28:38.427428
2178;2228;20250910;188;22;8;3;4;11,9;47,6;7,14;40,46;22,0;18,46;2026-09-30 11:28:38.427428
2179;2229;20260208;13;5;12;4;4;99,9;399,6;59,94;339,66;220,0;119,66;2026-09-30 11:28:38.427428
2180;2230;20260729;158;17;15;1;6;9,9;59,4;2,97;56,43;27,0;29,43;2026-09-30 11:28:38.427428
2181;2231;20260806;3;19;15;4;4;27,9;111,6;11,16;100,44;52,0;48,44;2026-09-30 11:28:38.427428
2182;2232;20260419;176;28;7;2;6;89,9;539,4;53,94;485,46;210,0;275,46;2026-09-30 11:28:38.427428
2183;2233;20250519;99;15;11;2;4;34,9;139,6;13,96;125,64;68,0;57,64;2026-09-30 11:28:38.427428
2184;2234;20250923;64;12;7;4;5;38,5;192,5;0,0;192,5;92,5;100,0;2026-09-30 11:28:38.427428
2185;2235;20260810;110;21;7;2;6;6,9;41,4;0,0;41,4;16,8;24,6;2026-09-30 11:28:38.427428
2186;2236;20260504;135;11;3;2;4;45,0;180,0;0,0;180,0;84,0;96,0;2026-09-30 11:28:38.427428
2187;2237;20260423;120;23;15;2;2;12,9;25,8;0,0;25,8;10,0;15,8;2026-09-30 11:28:38.427428
2188;2239;20250711;58;11;11;1;2;45,0;90,0;0,0;90,0;42,0;48,0;2026-09-30 11:28:38.427428
2189;2240;20251205;31;7;7;2;2;69,9;139,8;0,0;139,8;76,0;63,8;2026-09-30 11:28:38.427428
2190;2241;20251204;9;8;15;1;3;54,9;164,7;8,24;156,46;87,0;69,46;2026-09-30 11:28:38.427428
2191;2242;20250317;50;2;3;4;2;199,9;399,8;0,0;399,8;250,0;149,8;2026-09-30 11:28:38.427428
2192;2243;20250913;170;16;15;1;4;19,9;79,6;3,98;75,62;36,0;39,62;2026-09-30 11:28:38.427428
2193;2244;20250607;44;27;15;1;4;64,9;259,6;38,94;220,66;112,0;108,66;2026-09-30 11:28:38.427428
2194;2245;20250912;172;12;3;3;4;38,5;154,0;0,0;154,0;74,0;80,0;2026-09-30 11:28:38.427428
2195;2246;20250107;128;2;7;2;2;199,9;399,8;0,0;399,8;250,0;149,8;2026-09-30 11:28:38.427428
2196;2247;20260814;186;8;15;2;6;54,9;329,4;16,47;312,93;174,0;138,93;2026-09-30 11:28:38.427428
2197;2248;20250526;109;24;15;2;2;13,9;27,8;1,39;26,41;12,4;14,01;2026-09-30 11:28:38.427428
2198;2249;20250208;111;11;3;2;6;45,0;270,0;27,0;243,0;126,0;117,0;2026-09-30 11:28:38.427428
2199;2250;20250916;80;4;15;2;2;59,9;119,8;5,99;113,81;64,0;49,81;2026-09-30 11:28:38.427428
2200;2251;20250825;151;24;7;2;1;13,9;13,9;1,39;12,51;6,2;6,31;2026-09-30 11:28:38.427428
2201;2252;20250818;7;26;15;3;6;79,9;479,4;0,0;479,4;192,0;287,4;2026-09-30 11:28:38.427428
2202;2253;20251014;47;5;11;2;2;99,9;199,8;0,0;199,8;110,0;89,8;2026-09-30 11:28:38.427428
2203;2254;20250305;103;18;16;1;4;14,9;59,6;0,0;59,6;24,0;35,6;2026-09-30 11:28:38.427428
2204;2255;20251026;67;3;7;2;2;79,9;159,8;0,0;159,8;90,0;69,8;2026-09-30 11:28:38.427428
2205;2257;20260522;141;15;15;1;2;34,9;69,8;3,49;66,31;34,0;32,31;2026-09-30 11:28:38.427428
2206;2258;20260321;23;11;3;3;4;45,0;180,0;0,0;180,0;84,0;96,0;2026-09-30 11:28:38.427428
2207;2259;20260609;38;10;7;4;2;24,9;49,8;0,0;49,8;19,0;30,8;2026-09-30 11:28:38.427428
2208;2260;20251209;100;28;7;2;4;89,9;359,6;35,96;323,64;140,0;183,64;2026-09-30 11:28:38.427428
2209;2261;20260815;95;21;13;3;4;6,9;27,6;2,76;24,84;11,2;13,64;2026-09-30 11:28:38.427428
2210;2262;20260118;173;25;15;2;3;24,9;74,7;7,47;67,23;24,0;43,23;2026-09-30 11:28:38.427428
2211;2263;20250103;180;20;7;1;5;22,9;114,5;0,0;114,5;52,5;62,0;2026-09-30 11:28:38.427428
2212;2264;20250416;186;29;7;2;1;14,9;14,9;0,0;14,9;4,0;10,9;2026-09-30 11:28:38.427428
2213;2265;20250605;166;19;7;2;3;27,9;83,7;0,0;83,7;39,0;44,7;2026-09-30 11:28:38.427428
2214;2266;20260524;143;30;15;2;1;29,9;29,9;2,99;26,91;9,0;17,91;2026-09-30 11:28:38.427428
2215;2267;20250629;9;19;15;3;4;27,9;111,6;0,0;111,6;52,0;59,6;2026-09-30 11:28:38.427428
2216;2268;20251208;164;20;11;1;5;22,9;114,5;0,0;114,5;52,5;62,0;2026-09-30 11:28:38.427428
2217;2269;20250922;172;10;15;2;3;24,9;74,7;7,47;67,23;28,5;38,73;2026-09-30 11:28:38.427428
2218;2270;20260111;24;7;13;1;4;69,9;279,6;0,0;279,6;152,0;127,6;2026-09-30 11:28:38.427428
2219;2271;20260404;98;26;15;3;4;79,9;319,6;15,98;303,62;128,0;175,62;2026-09-30 11:28:38.427428
2220;2272;20251105;154;11;15;1;3;45,0;135,0;13,5;121,5;63,0;58,5;2026-09-30 11:28:38.427428
2221;2273;20250805;87;3;7;4;3;79,9;239,7;11,98;227,72;135,0;92,72;2026-09-30 11:28:38.427428
2222;2274;20250922;96;1;15;2;5;129,9;649,5;97,42;552,08;390,0;162,08;2026-09-30 11:28:38.427428
2223;2275;20250314;137;3;8;4;6;79,9;479,4;0,0;479,4;270,0;209,4;2026-09-30 11:28:38.427428
2224;2276;20260814;106;11;7;4;5;45,0;225,0;0,0;225,0;105,0;120,0;2026-09-30 11:28:38.427428
2225;2277;20250210;40;21;6;2;3;6,9;20,7;0,0;20,7;8,4;12,3;2026-09-30 11:28:38.427428
2226;2278;20251031;140;16;15;3;6;19,9;119,4;17,91;101,49;54,0;47,49;2026-09-30 11:28:38.427428
2227;2279;20251016;121;18;15;2;1;14,9;14,9;1,49;13,41;6,0;7,41;2026-09-30 11:28:38.427428
2228;2280;20260715;65;19;5;2;2;27,9;55,8;5,58;50,22;26,0;24,22;2026-09-30 11:28:38.427428
2229;2281;20250528;160;16;11;1;3;19,9;59,7;8,96;50,74;27,0;23,74;2026-09-30 11:28:38.427428
2230;2282;20260622;119;17;15;3;5;9,9;49,5;0,0;49,5;22,5;27,0;2026-09-30 11:28:38.427428
2231;2283;20250520;185;3;3;3;2;79,9;159,8;7,99;151,81;90,0;61,81;2026-09-30 11:28:38.427428
2232;2284;20250307;179;20;15;4;4;22,9;91,6;4,58;87,02;42,0;45,02;2026-09-30 11:28:38.427428
2233;2285;20260309;185;27;7;2;5;64,9;324,5;48,68;275,82;140,0;135,82;2026-09-30 11:28:38.427428
2234;2286;20250305;120;18;7;2;4;14,9;59,6;0,0;59,6;24,0;35,6;2026-09-30 11:28:38.427428
2235;2287;20251103;62;8;15;2;1;54,9;54,9;0,0;54,9;29,0;25,9;2026-09-30 11:28:38.427428
2236;2288;20250615;73;21;7;3;6;6,9;41,4;0,0;41,4;16,8;24,6;2026-09-30 11:28:38.427428
2237;2289;20260519;140;4;15;1;2;59,9;119,8;17,97;101,83;64,0;37,83;2026-09-30 11:28:38.427428
2238;2290;20260607;85;14;8;1;1;27,9;27,9;1,4;26,5;11,0;15,5;2026-09-30 11:28:38.427428
2239;2291;20250630;87;17;16;1;1;9,9;9,9;0,0;9,9;4,5;5,4;2026-09-30 11:28:38.427428
2240;2292;20251007;100;19;3;2;1;27,9;27,9;1,4;26,5;13,0;13,5;2026-09-30 11:28:38.427428
2241;2293;20250206;85;6;13;2;6;6,5;39,0;0,0;39,0;19,2;19,8;2026-09-30 11:28:38.427428
2242;2294;20250803;191;18;3;4;4;14,9;59,6;0,0;59,6;24,0;35,6;2026-09-30 11:28:38.427428
2243;2295;20260713;100;10;8;2;2;24,9;49,8;0,0;49,8;19,0;30,8;2026-09-30 11:28:38.427428
2244;2296;20250603;2;17;1;1;4;9,9;39,6;1,98;37,62;18,0;19,62;2026-09-30 11:28:38.427428
2245;2298;20250513;116;12;8;2;4;38,5;154,0;0,0;154,0;74,0;80,0;2026-09-30 11:28:38.427428
2246;2299;20260419;57;23;7;2;5;12,9;64,5;6,45;58,05;25,0;33,05;2026-09-30 11:28:38.427428
2247;2300;20250606;85;15;15;1;1;34,9;34,9;0,0;34,9;17,0;17,9;2026-09-30 11:28:38.427428
2248;2301;20250209;76;8;16;3;5;54,9;274,5;0,0;274,5;145,0;129,5;2026-09-30 11:28:38.427428
2249;2302;20260417;60;14;15;4;6;27,9;167,4;8,37;159,03;66,0;93,03;2026-09-30 11:28:38.427428
2250;2303;20260527;192;17;15;2;6;9,9;59,4;0,0;59,4;27,0;32,4;2026-09-30 11:28:38.427428
2251;2304;20260325;8;10;7;1;5;24,9;124,5;0,0;124,5;47,5;77,0;2026-09-30 11:28:38.427428
2252;2305;20250613;108;11;15;4;5;45,0;225,0;0,0;225,0;105,0;120,0;2026-09-30 11:28:38.427428
2253;2306;20250908;148;3;15;3;2;79,9;159,8;7,99;151,81;90,0;61,81;2026-09-30 11:28:38.427428
2254;2307;20251125;141;18;3;4;2;14,9;29,8;4,47;25,33;12,0;13,33;2026-09-30 11:28:38.427428
2255;2308;20250122;34;15;7;4;3;34,9;104,7;10,47;94,23;51,0;43,23;2026-09-30 11:28:38.427428
2256;2309;20260419;179;30;7;2;4;29,9;119,6;5,98;113,62;36,0;77,62;2026-09-30 11:28:38.427428
2257;2310;20250903;177;19;15;4;3;27,9;83,7;8,37;75,33;39,0;36,33;2026-09-30 11:28:38.427428
2258;2311;20250614;177;12;15;2;3;38,5;115,5;0,0;115,5;55,5;60,0;2026-09-30 11:28:38.427428
2259;2312;20250318;101;15;15;1;6;34,9;209,4;20,94;188,46;102,0;86,46;2026-09-30 11:28:38.427428
2260;2313;20250729;11;16;11;3;3;19,9;59,7;8,96;50,74;27,0;23,74;2026-09-30 11:28:38.427428
2261;2314;20250228;49;1;7;1;5;129,9;649,5;97,42;552,08;390,0;162,08;2026-09-30 11:28:38.427428
2262;2315;20250627;150;24;3;1;3;13,9;41,7;0,0;41,7;18,6;23,1;2026-09-30 11:28:38.427428
2263;2316;20260719;10;19;7;4;3;27,9;83,7;0,0;83,7;39,0;44,7;2026-09-30 11:28:38.427428
2264;2317;20250916;23;2;12;2;6;199,9;1199,4;0,0;1199,4;750,0;449,4;2026-09-30 11:28:38.427428
2265;2318;20250427;53;3;15;2;5;79,9;399,5;59,92;339,58;225,0;114,58;2026-09-30 11:28:38.427428
2266;2319;20260319;178;12;11;2;4;38,5;154,0;0,0;154,0;74,0;80,0;2026-09-30 11:28:38.427428
2267;2320;20250619;159;27;10;4;2;64,9;129,8;0,0;129,8;56,0;73,8;2026-09-30 11:28:38.427428
2268;2321;20250616;159;2;4;1;1;199,9;199,9;9,99;189,91;125,0;64,91;2026-09-30 11:28:38.427428
2269;2322;20260810;28;22;7;2;4;11,9;47,6;4,76;42,84;22,0;20,84;2026-09-30 11:28:38.427428
2270;2323;20250407;114;11;15;4;4;45,0;180,0;0,0;180,0;84,0;96,0;2026-09-30 11:28:38.427428
2271;2324;20250329;3;30;5;2;6;29,9;179,4;26,91;152,49;54,0;98,49;2026-09-30 11:28:38.427428
2272;2325;20250425;62;26;15;3;4;79,9;319,6;31,96;287,64;128,0;159,64;2026-09-30 11:28:38.427428
2273;2326;20250320;66;26;7;4;3;79,9;239,7;11,98;227,72;96,0;131,72;2026-09-30 11:28:38.427428
2274;2327;20250319;97;5;7;1;3;99,9;299,7;44,96;254,74;165,0;89,74;2026-09-30 11:28:38.427428
2275;2328;20250226;81;17;11;3;6;9,9;59,4;8,91;50,49;27,0;23,49;2026-09-30 11:28:38.427428
2276;2329;20260311;103;25;8;4;5;24,9;124,5;18,68;105,82;40,0;65,82;2026-09-30 11:28:38.427428
2277;2330;20250521;197;27;15;1;4;64,9;259,6;0,0;259,6;112,0;147,6;2026-09-30 11:28:38.427428
2278;2331;20250309;71;27;15;2;1;64,9;64,9;6,49;58,41;28,0;30,41;2026-09-30 11:28:38.427428
2279;2332;20251020;179;1;7;1;4;129,9;519,6;25,98;493,62;312,0;181,62;2026-09-30 11:28:38.427428
2280;2333;20250526;135;11;11;2;5;45,0;225,0;33,75;191,25;105,0;86,25;2026-09-30 11:28:38.427428
2281;2334;20250805;159;11;15;2;6;45,0;270,0;40,5;229,5;126,0;103,5;2026-09-30 11:28:38.427428
2282;2335;20260523;139;10;3;4;5;24,9;124,5;6,22;118,28;47,5;70,78;2026-09-30 11:28:38.427428
2283;2336;20250922;178;21;6;4;2;6,9;13,8;0,0;13,8;5,6;8,2;2026-09-30 11:28:38.427428
2284;2337;20250930;26;29;15;2;3;14,9;44,7;0,0;44,7;12,0;32,7;2026-09-30 11:28:38.427428
2285;2338;20250924;92;12;15;2;2;38,5;77,0;3,85;73,15;37,0;36,15;2026-09-30 11:28:38.427428
2286;2339;20260124;18;6;7;3;5;6,5;32,5;0,0;32,5;16,0;16,5;2026-09-30 11:28:38.427428
2287;2340;20250123;86;29;15;4;4;14,9;59,6;0,0;59,6;16,0;43,6;2026-09-30 11:28:38.427428
2288;2341;20250919;200;24;3;1;4;13,9;55,6;8,34;47,26;24,8;22,46;2026-09-30 11:28:38.427428
2289;2342;20251213;146;29;7;3;6;14,9;89,4;0,0;89,4;24,0;65,4;2026-09-30 11:28:38.427428
2290;2343;20260524;199;3;3;4;5;79,9;399,5;0,0;399,5;225,0;174,5;2026-09-30 11:28:38.427428
2291;2344;20260401;191;22;11;4;2;11,9;23,8;3,57;20,23;11,0;9,23;2026-09-30 11:28:38.427428
2292;2345;20260407;6;28;7;4;1;89,9;89,9;13,48;76,42;35,0;41,42;2026-09-30 11:28:38.427428
2293;2346;20250923;193;2;3;4;5;199,9;999,5;149,93;849,57;625,0;224,57;2026-09-30 11:28:38.427428
2294;2347;20260307;45;7;7;4;6;69,9;419,4;62,91;356,49;228,0;128,49;2026-09-30 11:28:38.427428
2295;2348;20251019;157;4;15;1;3;59,9;179,7;17,97;161,73;96,0;65,73;2026-09-30 11:28:38.427428
2296;2349;20260322;34;25;15;2;6;24,9;149,4;0,0;149,4;48,0;101,4;2026-09-30 11:28:38.427428
2297;2350;20251005;79;24;7;2;6;13,9;83,4;0,0;83,4;37,2;46,2;2026-09-30 11:28:38.427428
2298;2351;20250822;42;11;15;1;6;45,0;270,0;0,0;270,0;126,0;144,0;2026-09-30 11:28:38.427428
2299;2352;20250416;33;22;7;4;1;11,9;11,9;1,19;10,71;5,5;5,21;2026-09-30 11:28:38.427428
2300;2353;20260803;78;24;16;2;6;13,9;83,4;4,17;79,23;37,2;42,03;2026-09-30 11:28:38.427428
2301;2354;20260709;52;21;15;4;2;6,9;13,8;1,38;12,42;5,6;6,82;2026-09-30 11:28:38.427428
2302;2355;20250802;13;13;5;4;6;35,9;215,4;0,0;215,4;96,0;119,4;2026-09-30 11:28:38.427428
2303;2356;20250308;135;4;3;1;1;59,9;59,9;8,98;50,92;32,0;18,92;2026-09-30 11:28:38.427428
2304;2357;20250429;107;30;15;4;6;29,9;179,4;0,0;179,4;54,0;125,4;2026-09-30 11:28:38.427428
2305;2358;20260414;93;4;15;3;5;59,9;299,5;44,92;254,58;160,0;94,58;2026-09-30 11:28:38.427428
2306;2359;20251211;182;24;15;3;6;13,9;83,4;0,0;83,4;37,2;46,2;2026-09-30 11:28:38.427428
2307;2360;20260728;31;27;15;2;6;64,9;389,4;38,94;350,46;168,0;182,46;2026-09-30 11:28:38.427428
2308;2361;20260510;147;27;15;1;1;64,9;64,9;3,24;61,66;28,0;33,66;2026-09-30 11:28:38.427428
2309;2362;20260808;166;12;7;1;6;38,5;231,0;0,0;231,0;111,0;120,0;2026-09-30 11:28:38.427428
2310;2364;20260303;183;16;11;2;5;19,9;99,5;9,95;89,55;45,0;44,55;2026-09-30 11:28:38.427428
2311;2365;20260322;126;19;15;1;5;27,9;139,5;13,95;125,55;65,0;60,55;2026-09-30 11:28:38.427428
2312;2366;20251003;88;12;15;1;1;38,5;38,5;0,0;38,5;18,5;20,0;2026-09-30 11:28:38.427428
2313;2367;20260526;123;17;15;2;2;9,9;19,8;0,99;18,81;9,0;9,81;2026-09-30 11:28:38.427428
2314;2368;20250820;15;5;15;3;2;99,9;199,8;0,0;199,8;110,0;89,8;2026-09-30 11:28:38.427428
2315;2369;20250203;119;30;10;1;3;29,9;89,7;13,46;76,24;27,0;49,24;2026-09-30 11:28:38.427428
2316;2370;20250602;70;8;15;1;3;54,9;164,7;0,0;164,7;87,0;77,7;2026-09-30 11:28:38.427428
2317;2371;20260102;54;25;5;2;6;24,9;149,4;0,0;149,4;48,0;101,4;2026-09-30 11:28:38.427428
2318;2372;20251230;179;8;15;4;2;54,9;109,8;0,0;109,8;58,0;51,8;2026-09-30 11:28:38.427428
2319;2373;20260817;54;27;15;1;2;64,9;129,8;0,0;129,8;56,0;73,8;2026-09-30 11:28:38.427428
2320;2375;20260701;72;4;16;4;6;59,9;359,4;0,0;359,4;192,0;167,4;2026-09-30 11:28:38.427428
2321;2376;20260621;182;21;7;2;1;6,9;6,9;0,69;6,21;2,8;3,41;2026-09-30 11:28:38.427428
2322;2377;20260131;76;19;11;1;6;27,9;167,4;0,0;167,4;78,0;89,4;2026-09-30 11:28:38.427428
2323;2378;20250611;112;16;15;2;6;19,9;119,4;0,0;119,4;54,0;65,4;2026-09-30 11:28:38.427428
2324;2379;20250516;135;20;15;4;4;22,9;91,6;4,58;87,02;42,0;45,02;2026-09-30 11:28:38.427428
2325;2380;20250324;178;15;16;4;6;34,9;209,4;0,0;209,4;102,0;107,4;2026-09-30 11:28:38.427428
2326;2381;20250131;33;22;15;1;4;11,9;47,6;0,0;47,6;22,0;25,6;2026-09-30 11:28:38.427428
2327;2382;20251101;127;21;7;4;6;6,9;41,4;0,0;41,4;16,8;24,6;2026-09-30 11:28:38.427428
2328;2383;20250101;60;8;15;4;2;54,9;109,8;5,49;104,31;58,0;46,31;2026-09-30 11:28:38.427428
2329;2384;20260329;76;11;7;4;3;45,0;135,0;0,0;135,0;63,0;72,0;2026-09-30 11:28:38.427428
2330;2385;20251125;191;30;7;4;5;29,9;149,5;0,0;149,5;45,0;104,5;2026-09-30 11:28:38.427428
2331;2386;20250404;5;17;15;2;4;9,9;39,6;3,96;35,64;18,0;17,64;2026-09-30 11:28:38.427428
2332;2387;20260418;53;8;7;2;6;54,9;329,4;32,94;296,46;174,0;122,46;2026-09-30 11:28:38.427428
2333;2388;20260205;2;15;15;4;3;34,9;104,7;15,7;89,0;51,0;38,0;2026-09-30 11:28:38.427428
2334;2389;20250607;106;24;15;4;1;13,9;13,9;0,0;13,9;6,2;7,7;2026-09-30 11:28:38.427428
2335;2390;20251014;24;23;3;4;2;12,9;25,8;0,0;25,8;10,0;15,8;2026-09-30 11:28:38.427428
2336;2391;20260110;164;16;15;1;1;19,9;19,9;1,0;18,9;9,0;9,9;2026-09-30 11:28:38.427428
2337;2392;20260521;55;14;3;4;4;27,9;111,6;11,16;100,44;44,0;56,44;2026-09-30 11:28:38.427428
2338;2393;20260324;89;5;7;2;5;99,9;499,5;0,0;499,5;275,0;224,5;2026-09-30 11:28:38.427428
2339;2394;20260401;71;3;11;4;5;79,9;399,5;0,0;399,5;225,0;174,5;2026-09-30 11:28:38.427428
2340;2395;20250603;62;7;7;1;5;69,9;349,5;0,0;349,5;190,0;159,5;2026-09-30 11:28:38.427428
2341;2396;20251102;199;26;15;2;5;79,9;399,5;59,92;339,58;160,0;179,58;2026-09-30 11:28:38.427428
2342;2397;20260601;116;6;15;3;1;6,5;6,5;0,0;6,5;3,2;3,3;2026-09-30 11:28:38.427428
2343;2398;20250302;55;10;8;1;4;24,9;99,6;0,0;99,6;38,0;61,6;2026-09-30 11:28:38.427428
2344;2399;20250429;87;22;3;1;6;11,9;71,4;0,0;71,4;33,0;38,4;2026-09-30 11:28:38.427428
2345;2400;20250313;164;12;3;4;5;38,5;192,5;9,62;182,88;92,5;90,38;2026-09-30 11:28:38.427428
2346;2401;20260215;1;12;11;2;2;38,5;77,0;0,0;77,0;37,0;40,0;2026-09-30 11:28:38.427428
2347;2402;20260616;3;6;4;1;5;6,5;32,5;0,0;32,5;16,0;16,5;2026-09-30 11:28:38.427428
2348;2403;20250403;154;4;7;4;5;59,9;299,5;0,0;299,5;160,0;139,5;2026-09-30 11:28:38.427428
2349;2404;20260831;57;2;3;4;3;199,9;599,7;89,96;509,74;375,0;134,74;2026-09-30 11:28:38.427428
2350;2405;20250601;153;16;15;3;1;19,9;19,9;2,98;16,92;9,0;7,92;2026-09-30 11:28:38.427428
2351;2406;20260309;22;23;4;2;3;12,9;38,7;0,0;38,7;15,0;23,7;2026-09-30 11:28:38.427428
2352;2407;20250929;11;19;15;3;3;27,9;83,7;8,37;75,33;39,0;36,33;2026-09-30 11:28:38.427428
2353;2408;20260405;66;16;15;3;3;19,9;59,7;2,98;56,72;27,0;29,72;2026-09-30 11:28:38.427428
2354;2409;20260202;152;24;15;2;2;13,9;27,8;4,17;23,63;12,4;11,23;2026-09-30 11:28:38.427428
2355;2410;20250505;171;14;15;2;1;27,9;27,9;2,79;25,11;11,0;14,11;2026-09-30 11:28:38.427428
2356;2411;20260101;150;28;7;3;5;89,9;449,5;67,42;382,08;175,0;207,08;2026-09-30 11:28:38.427428
2357;2412;20260317;143;8;7;1;1;54,9;54,9;5,49;49,41;29,0;20,41;2026-09-30 11:28:38.427428
2358;2413;20260219;141;29;3;2;5;14,9;74,5;0,0;74,5;20,0;54,5;2026-09-30 11:28:38.427428
2359;2414;20251008;199;27;3;2;2;64,9;129,8;0,0;129,8;56,0;73,8;2026-09-30 11:28:38.427428
2360;2415;20260527;27;26;16;2;4;79,9;319,6;0,0;319,6;128,0;191,6;2026-09-30 11:28:38.427428
2361;2416;20250112;152;9;11;3;3;32,0;96,0;9,6;86,4;42,0;44,4;2026-09-30 11:28:38.427428
2362;2417;20250814;176;23;7;1;4;12,9;51,6;2,58;49,02;20,0;29,02;2026-09-30 11:28:38.427428
2363;2418;20250117;75;5;15;4;5;99,9;499,5;24,98;474,52;275,0;199,52;2026-09-30 11:28:38.427428
2364;2419;20260220;193;11;7;2;2;45,0;90,0;0,0;90,0;42,0;48,0;2026-09-30 11:28:38.427428
2365;2420;20251028;173;16;15;2;2;19,9;39,8;3,98;35,82;18,0;17,82;2026-09-30 11:28:38.427428
2366;2421;20250328;31;22;15;2;4;11,9;47,6;7,14;40,46;22,0;18,46;2026-09-30 11:28:38.427428
2367;2422;20260716;153;20;3;2;5;22,9;114,5;11,45;103,05;52,5;50,55;2026-09-30 11:28:38.427428
2368;2423;20251030;12;13;15;3;2;35,9;71,8;0,0;71,8;32,0;39,8;2026-09-30 11:28:38.427428
2369;2424;20251215;39;23;11;2;2;12,9;25,8;0,0;25,8;10,0;15,8;2026-09-30 11:28:38.427428
2370;2425;20250704;28;27;3;3;5;64,9;324,5;0,0;324,5;140,0;184,5;2026-09-30 11:28:38.427428
2371;2426;20251006;96;11;15;2;2;45,0;90,0;0,0;90,0;42,0;48,0;2026-09-30 11:28:38.427428
2372;2427;20250329;38;8;15;1;2;54,9;109,8;5,49;104,31;58,0;46,31;2026-09-30 11:28:38.427428
2373;2428;20260706;125;9;15;2;6;32,0;192,0;9,6;182,4;84,0;98,4;2026-09-30 11:28:38.427428
2374;2429;20251108;12;15;15;4;4;34,9;139,6;20,94;118,66;68,0;50,66;2026-09-30 11:28:38.427428
2375;2430;20260614;21;7;15;4;4;69,9;279,6;13,98;265,62;152,0;113,62;2026-09-30 11:28:38.427428
2376;2431;20260322;56;10;15;2;2;24,9;49,8;4,98;44,82;19,0;25,82;2026-09-30 11:28:38.427428
2377;2432;20260620;137;12;15;4;2;38,5;77,0;0,0;77,0;37,0;40,0;2026-09-30 11:28:38.427428
2378;2433;20250430;18;10;3;4;6;24,9;149,4;0,0;149,4;57,0;92,4;2026-09-30 11:28:38.427428
2379;2434;20250711;131;8;15;4;3;54,9;164,7;0,0;164,7;87,0;77,7;2026-09-30 11:28:38.427428
2380;2435;20260523;77;13;7;1;6;35,9;215,4;0,0;215,4;96,0;119,4;2026-09-30 11:28:38.427428
2381;2436;20260204;143;11;7;2;2;45,0;90,0;0,0;90,0;42,0;48,0;2026-09-30 11:28:38.427428
2382;2437;20250927;57;16;5;4;3;19,9;59,7;0,0;59,7;27,0;32,7;2026-09-30 11:28:38.427428
2383;2438;20251116;70;28;15;4;5;89,9;449,5;0,0;449,5;175,0;274,5;2026-09-30 11:28:38.427428
2384;2439;20260818;116;22;7;2;3;11,9;35,7;0,0;35,7;16,5;19,2;2026-09-30 11:28:38.427428
2385;2440;20260524;94;24;7;1;2;13,9;27,8;2,78;25,02;12,4;12,62;2026-09-30 11:28:38.427428
2386;2441;20260609;104;24;3;2;5;13,9;69,5;0,0;69,5;31,0;38,5;2026-09-30 11:28:38.427428
2387;2442;20250813;132;19;7;3;2;27,9;55,8;0,0;55,8;26,0;29,8;2026-09-30 11:28:38.427428
2388;2443;20250928;143;4;3;2;2;59,9;119,8;0,0;119,8;64,0;55,8;2026-09-30 11:28:38.427428
2389;2444;20260723;119;24;7;2;6;13,9;83,4;0,0;83,4;37,2;46,2;2026-09-30 11:28:38.427428
2390;2445;20250113;1;13;1;2;4;35,9;143,6;14,36;129,24;64,0;65,24;2026-09-30 11:28:38.427428
2391;2446;20260706;33;28;5;4;2;89,9;179,8;0,0;179,8;70,0;109,8;2026-09-30 11:28:38.427428
2392;2447;20250517;110;18;7;3;2;14,9;29,8;0,0;29,8;12,0;17,8;2026-09-30 11:28:38.427428
2393;2448;20250620;170;24;13;4;3;13,9;41,7;6,26;35,44;18,6;16,84;2026-09-30 11:28:38.427428
2394;2449;20250928;53;18;7;3;3;14,9;44,7;0,0;44,7;18,0;26,7;2026-09-30 11:28:38.427428
2395;2450;20250607;67;22;15;4;3;11,9;35,7;0,0;35,7;16,5;19,2;2026-09-30 11:28:38.427428
2396;2451;20250819;97;16;7;1;6;19,9;119,4;0,0;119,4;54,0;65,4;2026-09-30 11:28:38.427428
2397;2452;20260117;147;30;15;1;3;29,9;89,7;0,0;89,7;27,0;62,7;2026-09-30 11:28:38.427428
2398;2453;20260524;46;7;15;4;4;69,9;279,6;0,0;279,6;152,0;127,6;2026-09-30 11:28:38.427428
2399;2454;20250402;125;12;3;1;5;38,5;192,5;0,0;192,5;92,5;100,0;2026-09-30 11:28:38.427428
2400;2455;20260519;34;18;15;4;6;14,9;89,4;0,0;89,4;36,0;53,4;2026-09-30 11:28:38.427428
2401;2456;20250419;86;12;7;2;1;38,5;38,5;0,0;38,5;18,5;20,0;2026-09-30 11:28:38.427428
2402;2457;20250114;23;16;11;1;5;19,9;99,5;0,0;99,5;45,0;54,5;2026-09-30 11:28:38.427428
2403;2458;20260808;23;27;2;4;3;64,9;194,7;0,0;194,7;84,0;110,7;2026-09-30 11:28:38.427428
2404;2459;20250825;100;13;15;1;4;35,9;143,6;0,0;143,6;64,0;79,6;2026-09-30 11:28:38.427428
2405;2460;20260201;146;14;7;4;3;27,9;83,7;4,18;79,52;33,0;46,52;2026-09-30 11:28:38.427428
2406;2461;20260331;159;4;15;2;6;59,9;359,4;0,0;359,4;192,0;167,4;2026-09-30 11:28:38.427428
2407;2462;20260527;53;10;11;2;6;24,9;149,4;14,94;134,46;57,0;77,46;2026-09-30 11:28:38.427428
2408;2463;20260718;108;14;15;1;5;27,9;139,5;20,92;118,58;55,0;63,58;2026-09-30 11:28:38.427428
2409;2464;20260829;76;12;13;3;5;38,5;192,5;28,88;163,62;92,5;71,12;2026-09-30 11:28:38.427428
2410;2465;20260210;127;29;7;4;4;14,9;59,6;5,96;53,64;16,0;37,64;2026-09-30 11:28:38.427428
2411;2466;20260201;99;26;15;4;3;79,9;239,7;11,98;227,72;96,0;131,72;2026-09-30 11:28:38.427428
2412;2467;20250916;82;27;15;1;6;64,9;389,4;38,94;350,46;168,0;182,46;2026-09-30 11:28:38.427428
2413;2468;20260621;157;16;15;2;2;19,9;39,8;0,0;39,8;18,0;21,8;2026-09-30 11:28:38.427428
2414;2469;20260509;135;26;16;4;3;79,9;239,7;0,0;239,7;96,0;143,7;2026-09-30 11:28:38.427428
2415;2470;20260124;78;19;7;1;2;27,9;55,8;5,58;50,22;26,0;24,22;2026-09-30 11:28:38.427428
2416;2471;20251227;1;15;11;1;2;34,9;69,8;6,98;62,82;34,0;28,82;2026-09-30 11:28:38.427428
2417;2472;20260105;133;11;11;2;1;45,0;45,0;0,0;45,0;21,0;24,0;2026-09-30 11:28:38.427428
2418;2473;20260208;111;30;15;2;4;29,9;119,6;11,96;107,64;36,0;71,64;2026-09-30 11:28:38.427428
2419;2474;20250531;14;27;3;2;5;64,9;324,5;32,45;292,05;140,0;152,05;2026-09-30 11:28:38.427428
2420;2475;20260701;29;1;11;3;2;129,9;259,8;25,98;233,82;156,0;77,82;2026-09-30 11:28:38.427428
2421;2476;20250721;61;29;11;2;4;14,9;59,6;8,94;50,66;16,0;34,66;2026-09-30 11:28:38.427428
2422;2477;20260828;54;28;15;1;6;89,9;539,4;80,91;458,49;210,0;248,49;2026-09-30 11:28:38.427428
2423;2478;20260218;136;22;15;4;2;11,9;23,8;0,0;23,8;11,0;12,8;2026-09-30 11:28:38.427428
2424;2479;20250902;185;18;1;2;6;14,9;89,4;0,0;89,4;36,0;53,4;2026-09-30 11:28:38.427428
2425;2480;20250415;180;9;3;4;3;32,0;96,0;9,6;86,4;42,0;44,4;2026-09-30 11:28:38.427428
2426;2481;20260517;149;1;11;1;3;129,9;389,7;0,0;389,7;234,0;155,7;2026-09-30 11:28:38.427428
2427;2482;20260411;136;29;11;4;1;14,9;14,9;0,0;14,9;4,0;10,9;2026-09-30 11:28:38.427428
2428;2483;20260419;55;7;3;1;1;69,9;69,9;0,0;69,9;38,0;31,9;2026-09-30 11:28:38.427428
2429;2484;20250111;49;29;11;2;3;14,9;44,7;0,0;44,7;12,0;32,7;2026-09-30 11:28:38.427428
2430;2485;20260616;84;13;5;3;3;35,9;107,7;10,77;96,93;48,0;48,93;2026-09-30 11:28:38.427428
2431;2486;20260825;56;18;16;4;5;14,9;74,5;0,0;74,5;30,0;44,5;2026-09-30 11:28:38.427428
2432;2487;20250225;32;14;15;2;1;27,9;27,9;2,79;25,11;11,0;14,11;2026-09-30 11:28:38.427428
2433;2488;20250619;63;22;10;2;5;11,9;59,5;0,0;59,5;27,5;32,0;2026-09-30 11:28:38.427428
2434;2489;20251009;16;1;15;2;4;129,9;519,6;77,94;441,66;312,0;129,66;2026-09-30 11:28:38.427428
2435;2490;20250123;75;12;13;1;2;38,5;77,0;0,0;77,0;37,0;40,0;2026-09-30 11:28:38.427428
2436;2491;20251105;136;23;15;3;4;12,9;51,6;7,74;43,86;20,0;23,86;2026-09-30 11:28:38.427428
2437;2492;20260103;114;10;11;4;5;24,9;124,5;18,68;105,82;47,5;58,32;2026-09-30 11:28:38.427428
2438;2493;20251202;61;24;11;4;2;13,9;27,8;1,39;26,41;12,4;14,01;2026-09-30 11:28:38.427428
2439;2494;20250515;151;7;11;4;5;69,9;349,5;0,0;349,5;190,0;159,5;2026-09-30 11:28:38.427428
2440;2495;20250323;87;22;7;2;4;11,9;47,6;0,0;47,6;22,0;25,6;2026-09-30 11:28:38.427428
2441;2496;20260410;100;24;7;1;5;13,9;69,5;0,0;69,5;31,0;38,5;2026-09-30 11:28:38.427428
2442;2497;20250201;131;10;16;2;5;24,9;124,5;6,22;118,28;47,5;70,78;2026-09-30 11:28:38.427428
2443;2498;20260105;89;11;16;2;1;45,0;45,0;6,75;38,25;21,0;17,25;2026-09-30 11:28:38.427428
2444;2499;20250518;170;17;7;1;5;9,9;49,5;0,0;49,5;22,5;27,0;2026-09-30 11:28:38.427428
2445;2500;20251018;182;16;15;1;4;19,9;79,6;0,0;79,6;36,0;43,6;2026-09-30 11:28:38.427428
2446;2501;20250305;182;8;10;4;4;54,9;219,6;0,0;219,6;116,0;103,6;2026-09-30 11:28:38.427428
2447;2502;20250929;185;27;11;2;3;64,9;194,7;29,2;165,5;84,0;81,5;2026-09-30 11:28:38.427428
2448;2503;20251218;8;28;11;1;4;89,9;359,6;0,0;359,6;140,0;219,6;2026-09-30 11:28:38.427428
2449;2504;20260510;102;4;13;3;2;59,9;119,8;0,0;119,8;64,0;55,8;2026-09-30 11:28:38.427428
2450;2505;20250220;15;7;16;1;3;69,9;209,7;0,0;209,7;114,0;95,7;2026-09-30 11:28:38.427428
2451;2506;20250711;32;20;3;2;3;22,9;68,7;0,0;68,7;31,5;37,2;2026-09-30 11:28:38.427428
2452;2507;20260301;131;30;5;2;6;29,9;179,4;0,0;179,4;54,0;125,4;2026-09-30 11:28:38.427428
2453;2508;20250222;76;24;15;4;5;13,9;69,5;0,0;69,5;31,0;38,5;2026-09-30 11:28:38.427428
2454;2509;20260205;143;3;11;3;6;79,9;479,4;0,0;479,4;270,0;209,4;2026-09-30 11:28:38.427428
2455;2510;20260615;130;22;15;2;6;11,9;71,4;3,57;67,83;33,0;34,83;2026-09-30 11:28:38.427428
2456;2511;20250729;45;25;15;1;5;24,9;124,5;0,0;124,5;40,0;84,5;2026-09-30 11:28:38.427428
2457;2512;20250213;48;23;7;4;2;12,9;25,8;0,0;25,8;10,0;15,8;2026-09-30 11:28:38.427428
2458;2513;20251018;116;21;15;4;1;6,9;6,9;0,34;6,56;2,8;3,76;2026-09-30 11:28:38.427428
2459;2514;20260711;60;29;7;1;3;14,9;44,7;0,0;44,7;12,0;32,7;2026-09-30 11:28:38.427428
2460;2515;20250131;66;16;7;2;3;19,9;59,7;0,0;59,7;27,0;32,7;2026-09-30 11:28:38.427428
2461;2516;20251202;133;27;7;3;4;64,9;259,6;0,0;259,6;112,0;147,6;2026-09-30 11:28:38.427428
2462;2517;20251110;66;19;11;4;2;27,9;55,8;0,0;55,8;26,0;29,8;2026-09-30 11:28:38.427428
2463;2518;20250528;51;3;15;1;3;79,9;239,7;11,98;227,72;135,0;92,72;2026-09-30 11:28:38.427428
2464;2519;20260827;100;1;7;3;5;129,9;649,5;0,0;649,5;390,0;259,5;2026-09-30 11:28:38.427428
2465;2520;20250520;69;6;7;2;2;6,5;13,0;0,0;13,0;6,4;6,6;2026-09-30 11:28:38.427428
2466;2521;20250728;132;18;7;4;3;14,9;44,7;0,0;44,7;18,0;26,7;2026-09-30 11:28:38.427428
2467;2522;20260822;99;17;11;4;2;9,9;19,8;1,98;17,82;9,0;8,82;2026-09-30 11:28:38.427428
2468;2523;20260417;129;27;5;1;6;64,9;389,4;0,0;389,4;168,0;221,4;2026-09-30 11:28:38.427428
2469;2524;20250928;55;21;3;2;6;6,9;41,4;0,0;41,4;16,8;24,6;2026-09-30 11:28:38.427428
2470;2525;20250304;75;12;15;2;2;38,5;77,0;0,0;77,0;37,0;40,0;2026-09-30 11:28:38.427428
2471;2526;20260812;24;28;3;2;3;89,9;269,7;13,48;256,22;105,0;151,22;2026-09-30 11:28:38.427428
2472;2527;20260715;82;12;7;3;6;38,5;231,0;0,0;231,0;111,0;120,0;2026-09-30 11:28:38.427428
2473;2528;20260225;182;23;16;1;5;12,9;64,5;0,0;64,5;25,0;39,5;2026-09-30 11:28:38.427428
2474;2529;20260602;158;5;7;2;2;99,9;199,8;0,0;199,8;110,0;89,8;2026-09-30 11:28:38.427428
2475;2530;20251030;149;12;11;2;4;38,5;154,0;23,1;130,9;74,0;56,9;2026-09-30 11:28:38.427428
2476;2531;20250426;75;23;15;2;2;12,9;25,8;0,0;25,8;10,0;15,8;2026-09-30 11:28:38.427428
2477;2532;20260111;32;1;15;3;6;129,9;779,4;0,0;779,4;468,0;311,4;2026-09-30 11:28:38.427428
2478;2533;20250725;118;4;15;2;4;59,9;239,6;0,0;239,6;128,0;111,6;2026-09-30 11:28:38.427428
2479;2534;20250703;106;3;7;2;5;79,9;399,5;0,0;399,5;225,0;174,5;2026-09-30 11:28:38.427428
2480;2535;20260410;84;12;15;3;3;38,5;115,5;0,0;115,5;55,5;60,0;2026-09-30 11:28:38.427428
2481;2536;20251118;29;13;15;1;6;35,9;215,4;0,0;215,4;96,0;119,4;2026-09-30 11:28:38.427428
2482;2537;20251123;119;30;11;2;4;29,9;119,6;0,0;119,6;36,0;83,6;2026-09-30 11:28:38.427428
2483;2538;20260109;49;28;11;2;6;89,9;539,4;26,97;512,43;210,0;302,43;2026-09-30 11:28:38.427428
2484;2539;20250325;108;9;7;2;5;32,0;160,0;0,0;160,0;70,0;90,0;2026-09-30 11:28:38.427428
2485;2540;20250929;106;23;7;2;5;12,9;64,5;6,45;58,05;25,0;33,05;2026-09-30 11:28:38.427428
2486;2541;20250308;83;5;15;2;6;99,9;599,4;59,94;539,46;330,0;209,46;2026-09-30 11:28:38.427428
2487;2542;20260303;52;7;15;4;3;69,9;209,7;31,46;178,24;114,0;64,24;2026-09-30 11:28:38.427428
2488;2543;20251016;31;15;11;4;6;34,9;209,4;0,0;209,4;102,0;107,4;2026-09-30 11:28:38.427428
2489;2544;20251004;113;5;15;3;1;99,9;99,9;0,0;99,9;55,0;44,9;2026-09-30 11:28:38.427428
2490;2545;20260802;191;29;15;4;6;14,9;89,4;0,0;89,4;24,0;65,4;2026-09-30 11:28:38.427428
2491;2546;20250407;127;15;15;2;4;34,9;139,6;13,96;125,64;68,0;57,64;2026-09-30 11:28:38.427428
2492;2547;20250327;199;2;7;1;6;199,9;1199,4;0,0;1199,4;750,0;449,4;2026-09-30 11:28:38.427428
2493;2548;20250921;186;7;15;4;4;69,9;279,6;0,0;279,6;152,0;127,6;2026-09-30 11:28:38.427428
2494;2549;20250727;95;28;13;4;3;89,9;269,7;0,0;269,7;105,0;164,7;2026-09-30 11:28:38.427428
2495;2550;20251125;109;19;8;4;3;27,9;83,7;0,0;83,7;39,0;44,7;2026-09-30 11:28:38.427428
2496;2551;20260128;190;14;1;3;1;27,9;27,9;4,18;23,72;11,0;12,72;2026-09-30 11:28:38.427428
2497;2552;20250104;151;1;15;1;5;129,9;649,5;64,95;584,55;390,0;194,55;2026-09-30 11:28:38.427428
2498;2553;20260220;171;2;5;1;1;199,9;199,9;0,0;199,9;125,0;74,9;2026-09-30 11:28:38.427428
2499;2554;20250328;72;15;8;3;4;34,9;139,6;13,96;125,64;68,0;57,64;2026-09-30 11:28:38.427428
2500;2555;20260215;79;11;15;2;4;45,0;180,0;0,0;180,0;84,0;96,0;2026-09-30 11:28:38.427428
2501;2556;20250621;39;13;15;3;6;35,9;215,4;0,0;215,4;96,0;119,4;2026-09-30 11:28:38.427428
2502;2557;20251017;188;8;9;2;6;54,9;329,4;16,47;312,93;174,0;138,93;2026-09-30 11:28:38.427428
2503;2558;20260303;164;14;16;1;4;27,9;111,6;0,0;111,6;44,0;67,6;2026-09-30 11:28:38.427428
2504;2559;20260407;156;16;13;1;3;19,9;59,7;0,0;59,7;27,0;32,7;2026-09-30 11:28:38.427428
2505;2560;20260816;152;21;11;1;5;6,9;34,5;0,0;34,5;14,0;20,5;2026-09-30 11:28:38.427428
2506;2561;20250507;39;2;11;3;6;199,9;1199,4;0,0;1199,4;750,0;449,4;2026-09-30 11:28:38.427428
2507;2562;20250909;196;7;7;4;3;69,9;209,7;10,48;199,22;114,0;85,22;2026-09-30 11:28:38.427428
2508;2563;20250625;14;12;7;4;2;38,5;77,0;0,0;77,0;37,0;40,0;2026-09-30 11:28:38.427428
2509;2564;20260827;51;4;7;2;1;59,9;59,9;0,0;59,9;32,0;27,9;2026-09-30 11:28:38.427428
2510;2565;20250109;63;8;7;4;1;54,9;54,9;2,74;52,16;29,0;23,16;2026-09-30 11:28:38.427428
2511;2566;20260522;186;21;11;2;6;6,9;41,4;0,0;41,4;16,8;24,6;2026-09-30 11:28:38.427428
2512;2567;20250911;129;22;15;2;3;11,9;35,7;3,57;32,13;16,5;15,63;2026-09-30 11:28:38.427428
2513;2568;20250712;98;29;7;3;4;14,9;59,6;2,98;56,62;16,0;40,62;2026-09-30 11:28:38.427428
2514;2569;20260122;118;20;11;4;3;22,9;68,7;0,0;68,7;31,5;37,2;2026-09-30 11:28:38.427428
2515;2570;20250303;184;8;15;4;5;54,9;274,5;0,0;274,5;145,0;129,5;2026-09-30 11:28:38.427428
2516;2571;20250102;28;7;7;4;3;69,9;209,7;31,46;178,24;114,0;64,24;2026-09-30 11:28:38.427428
2517;2572;20260824;63;20;5;2;6;22,9;137,4;0,0;137,4;63,0;74,4;2026-09-30 11:28:38.427428
2518;2573;20250713;77;21;15;1;1;6,9;6,9;0,0;6,9;2,8;4,1;2026-09-30 11:28:38.427428
2519;2574;20251209;83;30;7;3;6;29,9;179,4;0,0;179,4;54,0;125,4;2026-09-30 11:28:38.427428
2520;2575;20250623;37;11;15;3;6;45,0;270,0;27,0;243,0;126,0;117,0;2026-09-30 11:28:38.427428
2521;2576;20250305;160;8;11;1;6;54,9;329,4;0,0;329,4;174,0;155,4;2026-09-30 11:28:38.427428
2522;2577;20250222;114;26;3;2;2;79,9;159,8;7,99;151,81;64,0;87,81;2026-09-30 11:28:38.427428
2523;2579;20250505;50;27;5;1;1;64,9;64,9;0,0;64,9;28,0;36,9;2026-09-30 11:28:38.427428
2524;2580;20251124;142;20;7;1;1;22,9;22,9;0,0;22,9;10,5;12,4;2026-09-30 11:28:38.427428
2525;2581;20260830;46;19;15;1;1;27,9;27,9;0,0;27,9;13,0;14,9;2026-09-30 11:28:38.427428
2526;2582;20250108;193;19;15;1;5;27,9;139,5;0,0;139,5;65,0;74,5;2026-09-30 11:28:38.427428
2527;2583;20251126;40;19;3;2;2;27,9;55,8;0,0;55,8;26,0;29,8;2026-09-30 11:28:38.427428
2528;2584;20251106;180;29;7;4;1;14,9;14,9;0,0;14,9;4,0;10,9;2026-09-30 11:28:38.427428
2529;2585;20250711;154;20;15;2;3;22,9;68,7;0,0;68,7;31,5;37,2;2026-09-30 11:28:38.427428
2530;2586;20250507;81;4;11;2;4;59,9;239,6;0,0;239,6;128,0;111,6;2026-09-30 11:28:38.427428
2531;2587;20260217;137;2;15;4;5;199,9;999,5;149,93;849,57;625,0;224,57;2026-09-30 11:28:38.427428
2532;2588;20250915;102;1;4;3;6;129,9;779,4;0,0;779,4;468,0;311,4;2026-09-30 11:28:38.427428
2533;2589;20250917;41;5;7;4;3;99,9;299,7;0,0;299,7;165,0;134,7;2026-09-30 11:28:38.427428
2534;2590;20260828;193;20;5;1;6;22,9;137,4;6,87;130,53;63,0;67,53;2026-09-30 11:28:38.427428
2535;2591;20260527;125;10;15;2;1;24,9;24,9;3,74;21,16;9,5;11,66;2026-09-30 11:28:38.427428
2536;2592;20260115;19;1;7;1;2;129,9;259,8;0,0;259,8;156,0;103,8;2026-09-30 11:28:38.427428
2537;2593;20251219;71;30;7;4;2;29,9;59,8;0,0;59,8;18,0;41,8;2026-09-30 11:28:38.427428
2538;2594;20250828;149;6;15;2;4;6,5;26,0;1,3;24,7;12,8;11,9;2026-09-30 11:28:38.427428
2539;2595;20250620;199;26;8;4;5;79,9;399,5;59,92;339,58;160,0;179,58;2026-09-30 11:28:38.427428
2540;2596;20260413;198;30;15;4;1;29,9;29,9;2,99;26,91;9,0;17,91;2026-09-30 11:28:38.427428
2541;2597;20250715;82;24;15;1;4;13,9;55,6;0,0;55,6;24,8;30,8;2026-09-30 11:28:38.427428
2542;2598;20260719;199;21;7;1;1;6,9;6,9;0,0;6,9;2,8;4,1;2026-09-30 11:28:38.427428
2543;2599;20260301;33;26;15;3;3;79,9;239,7;35,96;203,74;96,0;107,74;2026-09-30 11:28:38.427428
2544;2600;20250625;42;20;7;1;3;22,9;68,7;0,0;68,7;31,5;37,2;2026-09-30 11:28:38.427428
2545;2601;20260819;106;2;7;1;6;199,9;1199,4;0,0;1199,4;750,0;449,4;2026-09-30 11:28:38.427428
2546;2602;20250824;110;1;7;3;5;129,9;649,5;0,0;649,5;390,0;259,5;2026-09-30 11:28:38.427428
2547;2603;20250526;37;1;15;1;3;129,9;389,7;0,0;389,7;234,0;155,7;2026-09-30 11:28:38.427428
2548;2604;20250626;56;15;11;3;1;34,9;34,9;3,49;31,41;17,0;14,41;2026-09-30 11:28:38.427428
2549;2605;20251111;173;27;7;2;5;64,9;324,5;0,0;324,5;140,0;184,5;2026-09-30 11:28:38.427428
2550;2606;20250908;194;3;7;4;2;79,9;159,8;23,97;135,83;90,0;45,83;2026-09-30 11:28:38.427428
2551;2607;20250615;62;8;9;3;1;54,9;54,9;0,0;54,9;29,0;25,9;2026-09-30 11:28:38.427428
2552;2608;20260606;5;22;7;1;1;11,9;11,9;0,0;11,9;5,5;6,4;2026-09-30 11:28:38.427428
2553;2609;20250916;7;30;15;4;1;29,9;29,9;1,5;28,4;9,0;19,4;2026-09-30 11:28:38.427428
2554;2610;20250708;195;18;15;3;4;14,9;59,6;0,0;59,6;24,0;35,6;2026-09-30 11:28:38.427428
2555;2611;20250807;186;1;15;2;3;129,9;389,7;0,0;389,7;234,0;155,7;2026-09-30 11:28:38.427428
2556;2613;20260101;109;25;11;4;2;24,9;49,8;7,47;42,33;16,0;26,33;2026-09-30 11:28:38.427428
2557;2614;20260727;150;3;7;4;6;79,9;479,4;23,97;455,43;270,0;185,43;2026-09-30 11:28:38.427428
2558;2615;20260507;119;24;16;2;4;13,9;55,6;5,56;50,04;24,8;25,24;2026-09-30 11:28:38.427428
2559;2616;20251012;130;8;15;2;5;54,9;274,5;0,0;274,5;145,0;129,5;2026-09-30 11:28:38.427428
2560;2617;20260413;186;14;15;2;5;27,9;139,5;0,0;139,5;55,0;84,5;2026-09-30 11:28:38.427428
2561;2618;20250911;161;19;11;2;6;27,9;167,4;16,74;150,66;78,0;72,66;2026-09-30 11:28:38.427428
2562;2619;20250902;170;7;5;4;5;69,9;349,5;0,0;349,5;190,0;159,5;2026-09-30 11:28:38.427428
2563;2620;20250201;106;19;7;2;2;27,9;55,8;0,0;55,8;26,0;29,8;2026-09-30 11:28:38.427428
2564;2621;20260415;144;24;15;4;4;13,9;55,6;5,56;50,04;24,8;25,24;2026-09-30 11:28:38.427428
2565;2622;20250206;116;25;3;4;2;24,9;49,8;7,47;42,33;16,0;26,33;2026-09-30 11:28:38.427428
2566;2623;20250618;165;17;11;2;5;9,9;49,5;4,95;44,55;22,5;22,05;2026-09-30 11:28:38.427428
2567;2625;20251014;25;12;3;4;6;38,5;231,0;0,0;231,0;111,0;120,0;2026-09-30 11:28:38.427428
2568;2626;20251104;128;9;7;2;3;32,0;96,0;0,0;96,0;42,0;54,0;2026-09-30 11:28:38.427428
2569;2627;20250610;84;4;11;2;5;59,9;299,5;0,0;299,5;160,0;139,5;2026-09-30 11:28:38.427428
2570;2628;20260627;145;15;11;1;2;34,9;69,8;3,49;66,31;34,0;32,31;2026-09-30 11:28:38.427428
2571;2629;20250822;132;25;11;1;2;24,9;49,8;0,0;49,8;16,0;33,8;2026-09-30 11:28:38.427428
2572;2630;20260424;6;19;11;4;2;27,9;55,8;0,0;55,8;26,0;29,8;2026-09-30 11:28:38.427428
2573;2631;20260124;96;8;7;2;2;54,9;109,8;0,0;109,8;58,0;51,8;2026-09-30 11:28:38.427428
2574;2632;20251005;51;2;11;1;1;199,9;199,9;19,99;179,91;125,0;54,91;2026-09-30 11:28:38.427428
2575;2633;20250608;53;27;15;2;6;64,9;389,4;0,0;389,4;168,0;221,4;2026-09-30 11:28:38.427428
2576;2634;20250415;64;29;6;2;1;14,9;14,9;1,49;13,41;4,0;9,41;2026-09-30 11:28:38.427428
2577;2635;20260311;113;6;3;1;1;6,5;6,5;0,65;5,85;3,2;2,65;2026-09-30 11:28:38.427428
2578;2636;20260224;28;22;15;4;2;11,9;23,8;2,38;21,42;11,0;10,42;2026-09-30 11:28:38.427428
2579;2637;20251204;81;5;7;4;4;99,9;399,6;0,0;399,6;220,0;179,6;2026-09-30 11:28:38.427428
2580;2638;20250420;70;17;7;3;2;9,9;19,8;2,97;16,83;9,0;7,83;2026-09-30 11:28:38.427428
2581;2639;20251223;131;7;7;4;2;69,9;139,8;0,0;139,8;76,0;63,8;2026-09-30 11:28:38.427428
2582;2640;20260523;81;6;11;4;5;6,5;32,5;0,0;32,5;16,0;16,5;2026-09-30 11:28:38.427428
2583;2641;20251029;34;21;15;4;4;6,9;27,6;0,0;27,6;11,2;16,4;2026-09-30 11:28:38.427428
2584;2642;20250204;79;25;15;4;3;24,9;74,7;0,0;74,7;24,0;50,7;2026-09-30 11:28:38.427428
2585;2643;20260414;94;5;15;2;4;99,9;399,6;59,94;339,66;220,0;119,66;2026-09-30 11:28:38.427428
2586;2644;20260124;6;18;16;3;3;14,9;44,7;2,24;42,46;18,0;24,46;2026-09-30 11:28:38.427428
2587;2645;20260321;16;12;11;2;6;38,5;231,0;11,55;219,45;111,0;108,45;2026-09-30 11:28:38.427428
2588;2646;20250520;93;24;3;2;3;13,9;41,7;4,17;37,53;18,6;18,93;2026-09-30 11:28:38.427428
2589;2647;20250825;192;25;3;1;1;24,9;24,9;2,49;22,41;8,0;14,41;2026-09-30 11:28:38.427428
2590;2648;20260725;147;30;15;1;5;29,9;149,5;0,0;149,5;45,0;104,5;2026-09-30 11:28:38.427428
2591;2649;20251110;155;30;7;1;3;29,9;89,7;8,97;80,73;27,0;53,73;2026-09-30 11:28:38.427428
2592;2650;20260520;182;29;15;2;1;14,9;14,9;2,24;12,66;4,0;8,66;2026-09-30 11:28:38.427428
2593;2651;20250125;42;17;7;3;2;9,9;19,8;0,0;19,8;9,0;10,8;2026-09-30 11:28:38.427428
2594;2652;20251011;11;4;7;2;4;59,9;239,6;0,0;239,6;128,0;111,6;2026-09-30 11:28:38.427428
2595;2653;20251225;2;13;5;4;2;35,9;71,8;0,0;71,8;32,0;39,8;2026-09-30 11:28:38.427428
2596;2654;20260623;184;22;7;4;6;11,9;71,4;0,0;71,4;33,0;38,4;2026-09-30 11:28:38.427428
2597;2655;20250823;164;7;15;4;5;69,9;349,5;0,0;349,5;190,0;159,5;2026-09-30 11:28:38.427428
2598;2656;20250503;11;14;15;2;6;27,9;167,4;0,0;167,4;66,0;101,4;2026-09-30 11:28:38.427428
2599;2657;20260806;171;21;13;2;6;6,9;41,4;6,21;35,19;16,8;18,39;2026-09-30 11:28:38.427428
2600;2658;20250705;2;12;6;4;3;38,5;115,5;5,78;109,72;55,5;54,22;2026-09-30 11:28:38.427428
2601;2659;20250827;120;22;11;4;5;11,9;59,5;0,0;59,5;27,5;32,0;2026-09-30 11:28:38.427428
2602;2660;20250222;197;29;7;4;3;14,9;44,7;0,0;44,7;12,0;32,7;2026-09-30 11:28:38.427428
2603;2661;20250119;1;29;15;2;6;14,9;89,4;4,47;84,93;24,0;60,93;2026-09-30 11:28:38.427428
2604;2662;20251222;47;25;7;4;1;24,9;24,9;0,0;24,9;8,0;16,9;2026-09-30 11:28:38.427428
2605;2663;20260613;185;7;3;4;1;69,9;69,9;0,0;69,9;38,0;31,9;2026-09-30 11:28:38.427428
2606;2664;20260321;1;7;15;2;1;69,9;69,9;3,5;66,4;38,0;28,4;2026-09-30 11:28:38.427428
2607;2666;20251031;159;19;3;4;3;27,9;83,7;12,56;71,14;39,0;32,14;2026-09-30 11:28:38.427428
2608;2667;20250417;139;13;15;1;2;35,9;71,8;0,0;71,8;32,0;39,8;2026-09-30 11:28:38.427428
2609;2668;20260215;38;22;7;3;3;11,9;35,7;0,0;35,7;16,5;19,2;2026-09-30 11:28:38.427428
2610;2669;20260122;115;7;3;4;5;69,9;349,5;0,0;349,5;190,0;159,5;2026-09-30 11:28:38.427428
2611;2670;20260104;137;14;7;2;5;27,9;139,5;0,0;139,5;55,0;84,5;2026-09-30 11:28:38.427428
2612;2671;20250404;130;26;7;4;4;79,9;319,6;0,0;319,6;128,0;191,6;2026-09-30 11:28:38.427428
2613;2672;20250806;29;15;5;4;4;34,9;139,6;0,0;139,6;68,0;71,6;2026-09-30 11:28:38.427428
2614;2673;20250210;124;8;6;2;4;54,9;219,6;21,96;197,64;116,0;81,64;2026-09-30 11:28:38.427428
2615;2674;20260827;36;15;15;3;3;34,9;104,7;15,7;89,0;51,0;38,0;2026-09-30 11:28:38.427428
2616;2675;20260524;31;24;15;3;2;13,9;27,8;0,0;27,8;12,4;15,4;2026-09-30 11:28:38.427428
2617;2676;20260603;148;8;11;2;1;54,9;54,9;0,0;54,9;29,0;25,9;2026-09-30 11:28:38.427428
2618;2678;20260220;87;30;16;1;3;29,9;89,7;8,97;80,73;27,0;53,73;2026-09-30 11:28:38.427428
2619;2679;20260328;8;20;8;3;6;22,9;137,4;13,74;123,66;63,0;60,66;2026-09-30 11:28:38.427428
2620;2680;20251012;188;26;15;2;2;79,9;159,8;7,99;151,81;64,0;87,81;2026-09-30 11:28:38.427428
2621;2681;20260126;62;7;3;2;4;69,9;279,6;13,98;265,62;152,0;113,62;2026-09-30 11:28:38.427428
2622;2682;20251129;66;16;10;2;6;19,9;119,4;0,0;119,4;54,0;65,4;2026-09-30 11:28:38.427428
2623;2683;20260106;60;24;15;4;4;13,9;55,6;5,56;50,04;24,8;25,24;2026-09-30 11:28:38.427428
2624;2684;20250520;53;23;15;4;3;12,9;38,7;3,87;34,83;15,0;19,83;2026-09-30 11:28:38.427428
2625;2685;20260418;179;30;14;2;2;29,9;59,8;8,97;50,83;18,0;32,83;2026-09-30 11:28:38.427428
2626;2686;20251226;108;10;3;1;6;24,9;149,4;0,0;149,4;57,0;92,4;2026-09-30 11:28:38.427428
2627;2687;20251120;107;24;6;2;4;13,9;55,6;2,78;52,82;24,8;28,02;2026-09-30 11:28:38.427428
2628;2688;20260406;193;12;15;4;4;38,5;154,0;23,1;130,9;74,0;56,9;2026-09-30 11:28:38.427428
2629;2689;20250109;129;9;7;4;4;32,0;128,0;12,8;115,2;56,0;59,2;2026-09-30 11:28:38.427428
2630;2690;20251022;147;29;7;4;3;14,9;44,7;2,24;42,46;12,0;30,46;2026-09-30 11:28:38.427428
2631;2691;20260318;20;15;7;2;3;34,9;104,7;10,47;94,23;51,0;43,23;2026-09-30 11:28:38.427428
2632;2692;20251010;9;15;15;3;6;34,9;209,4;0,0;209,4;102,0;107,4;2026-09-30 11:28:38.427428
2633;2693;20250911;15;19;15;1;1;27,9;27,9;0,0;27,9;13,0;14,9;2026-09-30 11:28:38.427428
2634;2694;20260605;68;27;15;2;1;64,9;64,9;6,49;58,41;28,0;30,41;2026-09-30 11:28:38.427428
2635;2695;20260207;27;11;15;3;3;45,0;135,0;0,0;135,0;63,0;72,0;2026-09-30 11:28:38.427428
2636;2696;20260809;140;23;7;1;5;12,9;64,5;0,0;64,5;25,0;39,5;2026-09-30 11:28:38.427428
2637;2697;20250728;139;13;11;4;4;35,9;143,6;14,36;129,24;64,0;65,24;2026-09-30 11:28:38.427428
2638;2698;20260201;12;3;16;2;4;79,9;319,6;31,96;287,64;180,0;107,64;2026-09-30 11:28:38.427428
2639;2699;20251110;163;24;8;4;4;13,9;55,6;0,0;55,6;24,8;30,8;2026-09-30 11:28:38.427428
2640;2700;20250430;125;30;7;1;5;29,9;149,5;7,48;142,02;45,0;97,02;2026-09-30 11:28:38.427428
2641;2701;20260522;20;2;11;2;1;199,9;199,9;9,99;189,91;125,0;64,91;2026-09-30 11:28:38.427428
2642;2702;20260411;41;22;3;4;2;11,9;23,8;0,0;23,8;11,0;12,8;2026-09-30 11:28:38.427428
2643;2703;20251005;107;29;15;4;3;14,9;44,7;4,47;40,23;12,0;28,23;2026-09-30 11:28:38.427428
2644;2704;20250609;74;8;7;1;5;54,9;274,5;0,0;274,5;145,0;129,5;2026-09-30 11:28:38.427428
2645;2705;20260624;73;1;7;4;2;129,9;259,8;0,0;259,8;156,0;103,8;2026-09-30 11:28:38.427428
2646;2706;20250806;189;12;15;4;1;38,5;38,5;5,78;32,72;18,5;14,22;2026-09-30 11:28:38.427428
2647;2707;20250727;23;20;2;2;4;22,9;91,6;0,0;91,6;42,0;49,6;2026-09-30 11:28:38.427428
2648;2708;20250513;194;8;7;4;6;54,9;329,4;49,41;279,99;174,0;105,99;2026-09-30 11:28:38.427428
2649;2709;20250819;87;15;15;3;4;34,9;139,6;0,0;139,6;68,0;71,6;2026-09-30 11:28:38.427428
2650;2710;20260818;56;13;11;2;4;35,9;143,6;21,54;122,06;64,0;58,06;2026-09-30 11:28:38.427428
2651;2711;20250411;54;27;11;2;2;64,9;129,8;0,0;129,8;56,0;73,8;2026-09-30 11:28:38.427428
2652;2712;20260601;47;20;11;3;6;22,9;137,4;0,0;137,4;63,0;74,4;2026-09-30 11:28:38.427428
2653;2713;20260406;29;27;7;2;2;64,9;129,8;12,98;116,82;56,0;60,82;2026-09-30 11:28:38.427428
2654;2714;20250705;22;12;8;3;3;38,5;115,5;17,32;98,18;55,5;42,68;2026-09-30 11:28:38.427428
2655;2715;20250104;184;28;11;2;6;89,9;539,4;0,0;539,4;210,0;329,4;2026-09-30 11:28:38.427428
2656;2716;20260305;151;9;15;3;2;32,0;64,0;0,0;64,0;28,0;36,0;2026-09-30 11:28:38.427428
2657;2717;20260212;184;15;16;1;6;34,9;209,4;10,47;198,93;102,0;96,93;2026-09-30 11:28:38.427428
2658;2718;20250227;155;29;15;2;4;14,9;59,6;0,0;59,6;16,0;43,6;2026-09-30 11:28:38.427428
2659;2719;20251217;132;29;11;4;1;14,9;14,9;1,49;13,41;4,0;9,41;2026-09-30 11:28:38.427428
2660;2720;20251113;119;13;15;4;3;35,9;107,7;10,77;96,93;48,0;48,93;2026-09-30 11:28:38.427428
2661;2721;20260228;136;23;3;1;3;12,9;38,7;0,0;38,7;15,0;23,7;2026-09-30 11:28:38.427428
2662;2722;20250311;132;11;15;4;1;45,0;45,0;0,0;45,0;21,0;24,0;2026-09-30 11:28:38.427428
2663;2723;20251202;106;12;15;3;6;38,5;231,0;0,0;231,0;111,0;120,0;2026-09-30 11:28:38.427428
2664;2724;20260209;189;8;7;2;4;54,9;219,6;0,0;219,6;116,0;103,6;2026-09-30 11:28:38.427428
2665;2725;20260825;163;5;11;2;3;99,9;299,7;0,0;299,7;165,0;134,7;2026-09-30 11:28:38.427428
2666;2726;20250808;15;2;7;2;3;199,9;599,7;0,0;599,7;375,0;224,7;2026-09-30 11:28:38.427428
2667;2727;20250725;93;6;11;2;5;6,5;32,5;3,25;29,25;16,0;13,25;2026-09-30 11:28:38.427428
2668;2728;20251109;146;20;11;1;6;22,9;137,4;0,0;137,4;63,0;74,4;2026-09-30 11:28:38.427428
2669;2729;20260706;55;26;3;4;3;79,9;239,7;23,97;215,73;96,0;119,73;2026-09-30 11:28:38.427428
2670;2730;20260206;97;2;15;1;4;199,9;799,6;39,98;759,62;500,0;259,62;2026-09-30 11:28:38.427428
2671;2731;20251231;187;21;7;1;3;6,9;20,7;0,0;20,7;8,4;12,3;2026-09-30 11:28:38.427428
2672;2732;20250530;54;19;3;2;4;27,9;111,6;16,74;94,86;52,0;42,86;2026-09-30 11:28:38.427428
2673;2733;20250619;122;10;7;1;6;24,9;149,4;0,0;149,4;57,0;92,4;2026-09-30 11:28:38.427428
2674;2734;20260212;27;9;16;1;6;32,0;192,0;0,0;192,0;84,0;108,0;2026-09-30 11:28:38.427428
2675;2735;20260530;141;18;12;3;1;14,9;14,9;0,0;14,9;6,0;8,9;2026-09-30 11:28:38.427428
2676;2736;20250918;5;20;15;1;2;22,9;45,8;6,87;38,93;21,0;17,93;2026-09-30 11:28:38.427428
2677;2737;20250330;59;3;15;2;5;79,9;399,5;39,95;359,55;225,0;134,55;2026-09-30 11:28:38.427428
2678;2738;20260817;190;28;15;4;1;89,9;89,9;0,0;89,9;35,0;54,9;2026-09-30 11:28:38.427428
2679;2739;20260719;1;7;11;1;4;69,9;279,6;0,0;279,6;152,0;127,6;2026-09-30 11:28:38.427428
2680;2740;20250606;62;4;14;2;5;59,9;299,5;14,98;284,52;160,0;124,52;2026-09-30 11:28:38.427428
2681;2741;20251026;197;27;7;2;4;64,9;259,6;0,0;259,6;112,0;147,6;2026-09-30 11:28:38.427428
2682;2742;20250426;47;18;15;4;5;14,9;74,5;3,72;70,78;30,0;40,78;2026-09-30 11:28:38.427428
2683;2743;20250418;168;29;7;4;5;14,9;74,5;3,72;70,78;20,0;50,78;2026-09-30 11:28:38.427428
2684;2744;20251113;136;29;15;3;2;14,9;29,8;0,0;29,8;8,0;21,8;2026-09-30 11:28:38.427428
2685;2745;20250429;30;12;3;2;1;38,5;38,5;0,0;38,5;18,5;20,0;2026-09-30 11:28:38.427428
2686;2746;20260617;3;29;11;4;1;14,9;14,9;2,24;12,66;4,0;8,66;2026-09-30 11:28:38.427428
2687;2747;20250113;7;4;11;2;2;59,9;119,8;0,0;119,8;64,0;55,8;2026-09-30 11:28:38.427428
2688;2748;20260129;42;5;15;2;6;99,9;599,4;0,0;599,4;330,0;269,4;2026-09-30 11:28:38.427428
2689;2749;20250809;43;15;7;4;5;34,9;174,5;0,0;174,5;85,0;89,5;2026-09-30 11:28:38.427428
2690;2750;20250519;154;30;15;3;4;29,9;119,6;0,0;119,6;36,0;83,6;2026-09-30 11:28:38.427428
2691;2751;20260811;77;14;7;2;4;27,9;111,6;0,0;111,6;44,0;67,6;2026-09-30 11:28:38.427428
2692;2753;20250305;60;11;7;4;2;45,0;90,0;13,5;76,5;42,0;34,5;2026-09-30 11:28:38.427428
2693;2754;20260207;70;18;13;2;6;14,9;89,4;8,94;80,46;36,0;44,46;2026-09-30 11:28:38.427428
2694;2755;20260330;63;3;15;3;4;79,9;319,6;31,96;287,64;180,0;107,64;2026-09-30 11:28:38.427428
2695;2756;20250129;110;4;11;4;1;59,9;59,9;0,0;59,9;32,0;27,9;2026-09-30 11:28:38.427428
2696;2757;20260426;164;6;11;2;3;6,5;19,5;1,95;17,55;9,6;7,95;2026-09-30 11:28:38.427428
2697;2758;20260327;146;22;3;4;4;11,9;47,6;0,0;47,6;22,0;25,6;2026-09-30 11:28:38.427428
2698;2759;20251101;140;27;14;3;1;64,9;64,9;6,49;58,41;28,0;30,41;2026-09-30 11:28:38.427428
2699;2760;20251008;86;19;7;4;1;27,9;27,9;2,79;25,11;13,0;12,11;2026-09-30 11:28:38.427428
2700;2761;20250409;124;19;7;2;3;27,9;83,7;0,0;83,7;39,0;44,7;2026-09-30 11:28:38.427428
2701;2762;20250730;143;28;15;2;4;89,9;359,6;0,0;359,6;140,0;219,6;2026-09-30 11:28:38.427428
2702;2763;20250602;16;6;3;2;4;6,5;26,0;1,3;24,7;12,8;11,9;2026-09-30 11:28:38.427428
2703;2764;20260526;45;19;3;2;5;27,9;139,5;0,0;139,5;65,0;74,5;2026-09-30 11:28:38.427428
2704;2765;20250919;8;11;6;4;6;45,0;270,0;40,5;229,5;126,0;103,5;2026-09-30 11:28:38.427428
2705;2766;20260701;74;23;15;2;5;12,9;64,5;0,0;64,5;25,0;39,5;2026-09-30 11:28:38.427428
2706;2767;20260721;188;13;7;3;6;35,9;215,4;10,77;204,63;96,0;108,63;2026-09-30 11:28:38.427428
2707;2768;20260204;162;11;16;2;2;45,0;90,0;0,0;90,0;42,0;48,0;2026-09-30 11:28:38.427428
2708;2769;20251218;46;23;7;4;2;12,9;25,8;3,87;21,93;10,0;11,93;2026-09-30 11:28:38.427428
2709;2770;20250930;94;29;11;3;2;14,9;29,8;0,0;29,8;8,0;21,8;2026-09-30 11:28:38.427428
2710;2771;20250929;76;3;15;1;1;79,9;79,9;4,0;75,9;45,0;30,9;2026-09-30 11:28:38.427428
2711;2772;20260123;61;18;16;2;6;14,9;89,4;4,47;84,93;36,0;48,93;2026-09-30 11:28:38.427428
2712;2773;20250915;170;14;15;3;3;27,9;83,7;0,0;83,7;33,0;50,7;2026-09-30 11:28:38.427428
2713;2774;20260625;127;15;11;3;6;34,9;209,4;0,0;209,4;102,0;107,4;2026-09-30 11:28:38.427428
2714;2775;20260626;57;26;13;1;1;79,9;79,9;11,98;67,92;32,0;35,92;2026-09-30 11:28:38.427428
2715;2777;20250622;79;24;7;3;4;13,9;55,6;0,0;55,6;24,8;30,8;2026-09-30 11:28:38.427428
2716;2778;20250128;97;1;11;4;4;129,9;519,6;77,94;441,66;312,0;129,66;2026-09-30 11:28:38.427428
2717;2779;20260518;154;4;7;1;2;59,9;119,8;11,98;107,82;64,0;43,82;2026-09-30 11:28:38.427428
2718;2780;20251123;1;3;7;2;3;79,9;239,7;0,0;239,7;135,0;104,7;2026-09-30 11:28:38.427428
2719;2781;20260709;107;2;3;4;2;199,9;399,8;59,97;339,83;250,0;89,83;2026-09-30 11:28:38.427428
2720;2782;20260716;76;2;15;1;5;199,9;999,5;0,0;999,5;625,0;374,5;2026-09-30 11:28:38.427428
2721;2783;20250617;9;27;7;2;6;64,9;389,4;0,0;389,4;168,0;221,4;2026-09-30 11:28:38.427428
2722;2784;20260701;109;1;7;4;6;129,9;779,4;0,0;779,4;468,0;311,4;2026-09-30 11:28:38.427428
2723;2785;20251128;169;11;8;4;6;45,0;270,0;0,0;270,0;126,0;144,0;2026-09-30 11:28:38.427428
2724;2786;20260505;148;17;7;1;2;9,9;19,8;0,0;19,8;9,0;10,8;2026-09-30 11:28:38.427428
2725;2787;20260113;151;14;7;2;1;27,9;27,9;0,0;27,9;11,0;16,9;2026-09-30 11:28:38.427428
2726;2788;20260321;190;27;9;4;2;64,9;129,8;0,0;129,8;56,0;73,8;2026-09-30 11:28:38.427428
2727;2789;20260101;79;13;8;2;4;35,9;143,6;14,36;129,24;64,0;65,24;2026-09-30 11:28:38.427428
2728;2790;20250521;98;3;11;3;1;79,9;79,9;0,0;79,9;45,0;34,9;2026-09-30 11:28:38.427428
2729;2791;20250828;83;12;15;4;5;38,5;192,5;0,0;192,5;92,5;100,0;2026-09-30 11:28:38.427428
2730;2792;20260304;175;15;11;4;6;34,9;209,4;0,0;209,4;102,0;107,4;2026-09-30 11:28:38.427428
2731;2793;20250608;85;18;15;1;6;14,9;89,4;0,0;89,4;36,0;53,4;2026-09-30 11:28:38.427428
2732;2794;20260519;84;14;15;1;4;27,9;111,6;16,74;94,86;44,0;50,86;2026-09-30 11:28:38.427428
2733;2795;20251202;42;20;11;3;3;22,9;68,7;0,0;68,7;31,5;37,2;2026-09-30 11:28:38.427428
2734;2796;20260614;87;19;15;2;5;27,9;139,5;0,0;139,5;65,0;74,5;2026-09-30 11:28:38.427428
2735;2797;20260427;82;3;11;1;2;79,9;159,8;0,0;159,8;90,0;69,8;2026-09-30 11:28:38.427428
2736;2798;20260304;19;16;15;2;4;19,9;79,6;0,0;79,6;36,0;43,6;2026-09-30 11:28:38.427428
2737;2799;20260222;20;5;7;4;1;99,9;99,9;0,0;99,9;55,0;44,9;2026-09-30 11:28:38.427428
2738;2800;20250713;169;21;5;4;4;6,9;27,6;0,0;27,6;11,2;16,4;2026-09-30 11:28:38.427428
2739;2801;20250825;16;26;11;2;4;79,9;319,6;15,98;303,62;128,0;175,62;2026-09-30 11:28:38.427428
2740;2802;20250723;23;28;6;2;4;89,9;359,6;0,0;359,6;140,0;219,6;2026-09-30 11:28:38.427428
2741;2803;20260228;128;30;11;2;1;29,9;29,9;0,0;29,9;9,0;20,9;2026-09-30 11:28:38.427428
2742;2804;20250301;54;13;11;1;3;35,9;107,7;0,0;107,7;48,0;59,7;2026-09-30 11:28:38.427428
2743;2805;20250221;36;7;7;2;3;69,9;209,7;0,0;209,7;114,0;95,7;2026-09-30 11:28:38.427428
2744;2806;20250326;53;24;7;1;2;13,9;27,8;0,0;27,8;12,4;15,4;2026-09-30 11:28:38.427428
2745;2807;20260319;36;24;11;2;1;13,9;13,9;2,08;11,82;6,2;5,62;2026-09-30 11:28:38.427428
2746;2808;20260324;41;4;3;2;6;59,9;359,4;0,0;359,4;192,0;167,4;2026-09-30 11:28:38.427428
2747;2809;20260816;117;24;15;2;3;13,9;41,7;0,0;41,7;18,6;23,1;2026-09-30 11:28:38.427428
2748;2810;20260105;130;6;15;4;3;6,5;19,5;0,98;18,52;9,6;8,92;2026-09-30 11:28:38.427428
2749;2811;20260827;77;17;7;1;5;9,9;49,5;7,42;42,08;22,5;19,58;2026-09-30 11:28:38.427428
2750;2812;20260208;169;3;3;2;6;79,9;479,4;0,0;479,4;270,0;209,4;2026-09-30 11:28:38.427428
2751;2813;20250609;189;1;13;4;1;129,9;129,9;6,5;123,4;78,0;45,4;2026-09-30 11:28:38.427428
2752;2814;20250216;32;17;15;1;5;9,9;49,5;4,95;44,55;22,5;22,05;2026-09-30 11:28:38.427428
2753;2815;20250512;129;16;13;2;2;19,9;39,8;3,98;35,82;18,0;17,82;2026-09-30 11:28:38.427428
2754;2816;20260310;11;23;15;2;1;12,9;12,9;1,29;11,61;5,0;6,61;2026-09-30 11:28:38.427428
2755;2817;20251002;90;19;15;4;5;27,9;139,5;0,0;139,5;65,0;74,5;2026-09-30 11:28:38.427428
2756;2818;20260214;126;23;12;1;6;12,9;77,4;7,74;69,66;30,0;39,66;2026-09-30 11:28:38.427428
2757;2819;20260425;29;29;15;2;4;14,9;59,6;5,96;53,64;16,0;37,64;2026-09-30 11:28:38.427428
2758;2820;20260307;192;18;13;3;5;14,9;74,5;0,0;74,5;30,0;44,5;2026-09-30 11:28:38.427428
2759;2821;20260825;86;23;4;4;4;12,9;51,6;0,0;51,6;20,0;31,6;2026-09-30 11:28:38.427428
2760;2822;20250529;165;12;7;3;4;38,5;154,0;15,4;138,6;74,0;64,6;2026-09-30 11:28:38.427428
2761;2823;20260623;124;25;11;4;6;24,9;149,4;7,47;141,93;48,0;93,93;2026-09-30 11:28:38.427428
2762;2824;20250222;67;19;15;2;4;27,9;111,6;11,16;100,44;52,0;48,44;2026-09-30 11:28:38.427428
2763;2825;20250105;31;27;7;1;5;64,9;324,5;0,0;324,5;140,0;184,5;2026-09-30 11:28:38.427428
2764;2826;20260312;63;7;3;4;1;69,9;69,9;0,0;69,9;38,0;31,9;2026-09-30 11:28:38.427428
2765;2828;20251113;17;13;11;1;5;35,9;179,5;0,0;179,5;80,0;99,5;2026-09-30 11:28:38.427428
2766;2829;20251112;197;24;15;3;2;13,9;27,8;1,39;26,41;12,4;14,01;2026-09-30 11:28:38.427428
2767;2830;20260228;21;26;7;3;3;79,9;239,7;0,0;239,7;96,0;143,7;2026-09-30 11:28:38.427428
2768;2831;20260820;85;18;7;4;1;14,9;14,9;0,74;14,16;6,0;8,16;2026-09-30 11:28:38.427428
2769;2832;20250617;129;21;15;1;6;6,9;41,4;6,21;35,19;16,8;18,39;2026-09-30 11:28:38.427428
2770;2833;20251108;123;13;7;3;4;35,9;143,6;0,0;143,6;64,0;79,6;2026-09-30 11:28:38.427428
2771;2834;20260519;157;17;7;3;3;9,9;29,7;0,0;29,7;13,5;16,2;2026-09-30 11:28:38.427428
2772;2835;20250421;169;16;15;1;3;19,9;59,7;0,0;59,7;27,0;32,7;2026-09-30 11:28:38.427428
2773;2836;20251217;13;23;11;4;3;12,9;38,7;5,8;32,9;15,0;17,9;2026-09-30 11:28:38.427428
2774;2837;20260212;85;18;15;4;1;14,9;14,9;0,0;14,9;6,0;8,9;2026-09-30 11:28:38.427428
2775;2838;20250623;2;6;15;4;6;6,5;39,0;3,9;35,1;19,2;15,9;2026-09-30 11:28:38.427428
2776;2839;20260328;106;3;15;3;2;79,9;159,8;23,97;135,83;90,0;45,83;2026-09-30 11:28:38.427428
2777;2840;20251003;182;26;7;4;4;79,9;319,6;15,98;303,62;128,0;175,62;2026-09-30 11:28:38.427428
2778;2841;20251124;118;25;12;2;3;24,9;74,7;0,0;74,7;24,0;50,7;2026-09-30 11:28:38.427428
2779;2842;20250117;199;30;3;4;5;29,9;149,5;14,95;134,55;45,0;89,55;2026-09-30 11:28:38.427428
2780;2843;20250526;54;20;7;4;3;22,9;68,7;3,44;65,26;31,5;33,76;2026-09-30 11:28:38.427428
2781;2844;20251019;23;19;7;1;2;27,9;55,8;0,0;55,8;26,0;29,8;2026-09-30 11:28:38.427428
2782;2845;20250520;1;23;15;3;5;12,9;64,5;6,45;58,05;25,0;33,05;2026-09-30 11:28:38.427428
2783;2846;20260815;159;18;14;3;5;14,9;74,5;0,0;74,5;30,0;44,5;2026-09-30 11:28:38.427428
2784;2847;20260531;58;1;15;2;2;129,9;259,8;0,0;259,8;156,0;103,8;2026-09-30 11:28:38.427428
2785;2848;20251021;50;1;8;4;3;129,9;389,7;19,48;370,22;234,0;136,22;2026-09-30 11:28:38.427428
2786;2849;20260828;191;20;15;4;2;22,9;45,8;0,0;45,8;21,0;24,8;2026-09-30 11:28:38.427428
2787;2850;20260530;110;8;15;3;6;54,9;329,4;16,47;312,93;174,0;138,93;2026-09-30 11:28:38.427428
2788;2851;20251006;127;26;8;4;2;79,9;159,8;23,97;135,83;64,0;71,83;2026-09-30 11:28:38.427428
2789;2852;20260424;197;28;15;3;1;89,9;89,9;8,99;80,91;35,0;45,91;2026-09-30 11:28:38.427428
2790;2853;20260328;195;15;13;2;2;34,9;69,8;6,98;62,82;34,0;28,82;2026-09-30 11:28:38.427428
2791;2854;20251010;27;19;15;4;2;27,9;55,8;0,0;55,8;26,0;29,8;2026-09-30 11:28:38.427428
2792;2855;20260709;164;5;7;2;1;99,9;99,9;0,0;99,9;55,0;44,9;2026-09-30 11:28:38.427428
2793;2856;20250115;148;21;15;2;1;6,9;6,9;0,0;6,9;2,8;4,1;2026-09-30 11:28:38.427428
2794;2857;20250523;64;20;7;4;6;22,9;137,4;6,87;130,53;63,0;67,53;2026-09-30 11:28:38.427428
2795;2858;20260815;82;2;15;2;6;199,9;1199,4;179,91;1019,49;750,0;269,49;2026-09-30 11:28:38.427428
2796;2859;20260418;74;19;7;4;5;27,9;139,5;0,0;139,5;65,0;74,5;2026-09-30 11:28:38.427428
2797;2860;20260404;181;6;15;2;6;6,5;39,0;0,0;39,0;19,2;19,8;2026-09-30 11:28:38.427428
2798;2861;20250817;27;12;11;1;3;38,5;115,5;0,0;115,5;55,5;60,0;2026-09-30 11:28:38.427428
2799;2862;20260727;142;15;15;4;4;34,9;139,6;6,98;132,62;68,0;64,62;2026-09-30 11:28:38.427428
2800;2863;20250710;61;15;11;4;3;34,9;104,7;10,47;94,23;51,0;43,23;2026-09-30 11:28:38.427428
2801;2864;20250629;97;20;15;2;6;22,9;137,4;0,0;137,4;63,0;74,4;2026-09-30 11:28:38.427428
2802;2865;20251120;59;16;15;2;3;19,9;59,7;0,0;59,7;27,0;32,7;2026-09-30 11:28:38.427428
2803;2866;20260306;168;22;1;1;5;11,9;59,5;8,93;50,57;27,5;23,07;2026-09-30 11:28:38.427428
2804;2867;20250913;60;4;11;1;1;59,9;59,9;3,0;56,9;32,0;24,9;2026-09-30 11:28:38.427428
2805;2868;20260629;3;2;7;2;6;199,9;1199,4;59,97;1139,43;750,0;389,43;2026-09-30 11:28:38.427428
2806;2869;20251124;131;9;15;1;4;32,0;128,0;0,0;128,0;56,0;72,0;2026-09-30 11:28:38.427428
2807;2870;20250604;63;7;7;4;6;69,9;419,4;0,0;419,4;228,0;191,4;2026-09-30 11:28:38.427428
2808;2871;20250517;104;11;8;3;3;45,0;135,0;0,0;135,0;63,0;72,0;2026-09-30 11:28:38.427428
2809;2872;20260204;198;24;7;4;2;13,9;27,8;0,0;27,8;12,4;15,4;2026-09-30 11:28:38.427428
2810;2873;20250809;162;24;15;3;3;13,9;41,7;0,0;41,7;18,6;23,1;2026-09-30 11:28:38.427428
2811;2874;20250409;147;25;15;1;4;24,9;99,6;14,94;84,66;32,0;52,66;2026-09-30 11:28:38.427428
2812;2875;20250523;131;3;5;3;6;79,9;479,4;71,91;407,49;270,0;137,49;2026-09-30 11:28:38.427428
2813;2876;20260529;93;8;16;4;6;54,9;329,4;0,0;329,4;174,0;155,4;2026-09-30 11:28:38.427428
2814;2877;20250104;14;29;16;3;5;14,9;74,5;0,0;74,5;20,0;54,5;2026-09-30 11:28:38.427428
2815;2878;20250110;79;14;7;4;4;27,9;111,6;0,0;111,6;44,0;67,6;2026-09-30 11:28:38.427428
2816;2879;20260111;16;19;7;4;6;27,9;167,4;8,37;159,03;78,0;81,03;2026-09-30 11:28:38.427428
2817;2880;20260621;138;21;15;4;2;6,9;13,8;0,0;13,8;5,6;8,2;2026-09-30 11:28:38.427428
2818;2881;20250807;101;20;15;2;6;22,9;137,4;0,0;137,4;63,0;74,4;2026-09-30 11:28:38.427428
2819;2882;20250115;61;6;8;4;6;6,5;39,0;0,0;39,0;19,2;19,8;2026-09-30 11:28:38.427428
2820;2883;20260320;62;26;11;1;6;79,9;479,4;0,0;479,4;192,0;287,4;2026-09-30 11:28:38.427428
2821;2884;20250829;197;4;7;4;1;59,9;59,9;0,0;59,9;32,0;27,9;2026-09-30 11:28:38.427428
2822;2885;20251206;117;11;3;2;3;45,0;135,0;6,75;128,25;63,0;65,25;2026-09-30 11:28:38.427428
2823;2886;20250323;10;3;7;1;1;79,9;79,9;0,0;79,9;45,0;34,9;2026-09-30 11:28:38.427428
2824;2887;20250417;114;6;7;4;4;6,5;26,0;0,0;26,0;12,8;13,2;2026-09-30 11:28:38.427428
2825;2888;20260303;100;29;7;4;2;14,9;29,8;2,98;26,82;8,0;18,82;2026-09-30 11:28:38.427428
2826;2889;20250701;175;28;15;2;2;89,9;179,8;0,0;179,8;70,0;109,8;2026-09-30 11:28:38.427428
2827;2890;20250116;176;9;11;2;1;32,0;32,0;0,0;32,0;14,0;18,0;2026-09-30 11:28:38.427428
2828;2891;20260321;114;1;15;1;3;129,9;389,7;0,0;389,7;234,0;155,7;2026-09-30 11:28:38.427428
2829;2892;20250919;189;16;15;4;1;19,9;19,9;2,98;16,92;9,0;7,92;2026-09-30 11:28:38.427428
2830;2893;20260604;172;25;15;4;5;24,9;124,5;6,22;118,28;40,0;78,28;2026-09-30 11:28:38.427428
2831;2894;20260715;1;22;3;2;3;11,9;35,7;0,0;35,7;16,5;19,2;2026-09-30 11:28:38.427428
2832;2895;20250520;72;28;3;2;3;89,9;269,7;26,97;242,73;105,0;137,73;2026-09-30 11:28:38.427428
2833;2896;20250914;154;23;11;2;2;12,9;25,8;0,0;25,8;10,0;15,8;2026-09-30 11:28:38.427428
2834;2897;20250826;124;10;13;4;1;24,9;24,9;2,49;22,41;9,5;12,91;2026-09-30 11:28:38.427428
2835;2898;20250819;7;24;6;2;5;13,9;69,5;3,48;66,02;31,0;35,02;2026-09-30 11:28:38.427428
2836;2899;20251123;6;21;3;1;2;6,9;13,8;0,0;13,8;5,6;8,2;2026-09-30 11:28:38.427428
2837;2900;20260725;33;22;7;4;1;11,9;11,9;0,0;11,9;5,5;6,4;2026-09-30 11:28:38.427428
2838;2901;20260428;32;16;3;1;5;19,9;99,5;0,0;99,5;45,0;54,5;2026-09-30 11:28:38.427428
2839;2902;20260627;102;17;7;2;6;9,9;59,4;0,0;59,4;27,0;32,4;2026-09-30 11:28:38.427428
2840;2903;20260208;97;13;15;4;4;35,9;143,6;14,36;129,24;64,0;65,24;2026-09-30 11:28:38.427428
2841;2904;20250804;129;18;15;1;1;14,9;14,9;1,49;13,41;6,0;7,41;2026-09-30 11:28:38.427428
2842;2905;20250430;103;10;15;4;1;24,9;24,9;0,0;24,9;9,5;15,4;2026-09-30 11:28:38.427428
2843;2906;20260727;14;5;7;4;6;99,9;599,4;0,0;599,4;330,0;269,4;2026-09-30 11:28:38.427428
2844;2907;20250907;125;5;11;3;3;99,9;299,7;0,0;299,7;165,0;134,7;2026-09-30 11:28:38.427428
2845;2909;20250918;159;15;8;3;2;34,9;69,8;10,47;59,33;34,0;25,33;2026-09-30 11:28:38.427428
2846;2910;20250207;71;16;7;4;2;19,9;39,8;5,97;33,83;18,0;15,83;2026-09-30 11:28:38.427428
2847;2911;20251211;148;20;3;1;3;22,9;68,7;0,0;68,7;31,5;37,2;2026-09-30 11:28:38.427428
2848;2912;20260216;139;25;7;1;6;24,9;149,4;22,41;126,99;48,0;78,99;2026-09-30 11:28:38.427428
2849;2913;20251012;55;4;5;2;6;59,9;359,4;0,0;359,4;192,0;167,4;2026-09-30 11:28:38.427428
2850;2914;20260311;148;22;15;2;5;11,9;59,5;2,98;56,52;27,5;29,02;2026-09-30 11:28:38.427428
2851;2915;20260327;143;25;7;4;1;24,9;24,9;2,49;22,41;8,0;14,41;2026-09-30 11:28:38.427428
2852;2916;20260824;31;23;11;1;2;12,9;25,8;0,0;25,8;10,0;15,8;2026-09-30 11:28:38.427428
2853;2917;20250307;160;30;15;1;6;29,9;179,4;0,0;179,4;54,0;125,4;2026-09-30 11:28:38.427428
2854;2918;20251012;55;11;11;4;3;45,0;135,0;0,0;135,0;63,0;72,0;2026-09-30 11:28:38.427428
2855;2919;20250919;66;16;7;2;1;19,9;19,9;1,0;18,9;9,0;9,9;2026-09-30 11:28:38.427428
2856;2920;20250506;14;2;7;4;4;199,9;799,6;79,96;719,64;500,0;219,64;2026-09-30 11:28:38.427428
2857;2921;20251205;192;17;15;2;6;9,9;59,4;8,91;50,49;27,0;23,49;2026-09-30 11:28:38.427428
2858;2922;20260119;30;23;11;2;4;12,9;51,6;7,74;43,86;20,0;23,86;2026-09-30 11:28:38.427428
2859;2923;20260605;119;21;7;1;3;6,9;20,7;3,1;17,6;8,4;9,2;2026-09-30 11:28:38.427428
2860;2924;20260825;191;16;15;1;1;19,9;19,9;1,99;17,91;9,0;8,91;2026-09-30 11:28:38.427428
2861;2925;20250103;197;16;15;2;4;19,9;79,6;7,96;71,64;36,0;35,64;2026-09-30 11:28:38.427428
2862;2926;20250725;26;12;7;2;4;38,5;154,0;0,0;154,0;74,0;80,0;2026-09-30 11:28:38.427428
2863;2927;20260425;27;1;7;4;4;129,9;519,6;0,0;519,6;312,0;207,6;2026-09-30 11:28:38.427428
2864;2928;20250125;177;10;15;4;2;24,9;49,8;0,0;49,8;19,0;30,8;2026-09-30 11:28:38.427428
2865;2929;20250315;102;28;3;2;4;89,9;359,6;35,96;323,64;140,0;183,64;2026-09-30 11:28:38.427428
2866;2930;20260129;120;29;15;4;4;14,9;59,6;2,98;56,62;16,0;40,62;2026-09-30 11:28:38.427428
2867;2931;20250709;101;11;15;4;6;45,0;270,0;0,0;270,0;126,0;144,0;2026-09-30 11:28:38.427428
2868;2932;20260326;112;5;3;1;6;99,9;599,4;0,0;599,4;330,0;269,4;2026-09-30 11:28:38.427428
2869;2933;20260802;72;6;15;4;6;6,5;39,0;0,0;39,0;19,2;19,8;2026-09-30 11:28:38.427428
2870;2934;20250311;62;3;15;2;4;79,9;319,6;15,98;303,62;180,0;123,62;2026-09-30 11:28:38.427428
2871;2935;20260728;99;26;15;2;4;79,9;319,6;0,0;319,6;128,0;191,6;2026-09-30 11:28:38.427428
2872;2936;20250610;160;24;14;4;3;13,9;41,7;0,0;41,7;18,6;23,1;2026-09-30 11:28:38.427428
2873;2937;20260824;150;10;11;1;1;24,9;24,9;3,74;21,16;9,5;11,66;2026-09-30 11:28:38.427428
2874;2938;20251118;111;11;15;2;5;45,0;225,0;0,0;225,0;105,0;120,0;2026-09-30 11:28:38.427428
2875;2939;20250319;150;16;7;2;5;19,9;99,5;0,0;99,5;45,0;54,5;2026-09-30 11:28:38.427428
2876;2940;20251209;136;6;15;2;4;6,5;26,0;2,6;23,4;12,8;10,6;2026-09-30 11:28:38.427428
2877;2941;20250320;82;9;3;2;4;32,0;128,0;0,0;128,0;56,0;72,0;2026-09-30 11:28:38.427428
2878;2942;20260406;11;5;7;1;2;99,9;199,8;19,98;179,82;110,0;69,82;2026-09-30 11:28:38.427428
2879;2943;20260723;154;24;15;2;4;13,9;55,6;5,56;50,04;24,8;25,24;2026-09-30 11:28:38.427428
2880;2944;20250520;103;30;15;2;6;29,9;179,4;8,97;170,43;54,0;116,43;2026-09-30 11:28:38.427428
2881;2945;20251204;168;11;15;2;5;45,0;225,0;11,25;213,75;105,0;108,75;2026-09-30 11:28:38.427428
2882;2946;20250219;87;11;3;4;1;45,0;45,0;0,0;45,0;21,0;24,0;2026-09-30 11:28:38.427428
2883;2947;20250708;28;22;15;4;4;11,9;47,6;7,14;40,46;22,0;18,46;2026-09-30 11:28:38.427428
2884;2948;20251025;111;29;11;2;2;14,9;29,8;0,0;29,8;8,0;21,8;2026-09-30 11:28:38.427428
2885;2949;20250612;14;24;12;4;3;13,9;41,7;0,0;41,7;18,6;23,1;2026-09-30 11:28:38.427428
2886;2950;20260203;2;19;7;1;6;27,9;167,4;25,11;142,29;78,0;64,29;2026-09-30 11:28:38.427428
2887;2951;20260306;101;22;8;2;3;11,9;35,7;0,0;35,7;16,5;19,2;2026-09-30 11:28:38.427428
2888;2952;20260807;173;20;15;4;3;22,9;68,7;10,3;58,4;31,5;26,9;2026-09-30 11:28:38.427428
2889;2953;20250514;197;5;11;3;6;99,9;599,4;0,0;599,4;330,0;269,4;2026-09-30 11:28:38.427428
2890;2954;20250412;56;18;11;1;4;14,9;59,6;5,96;53,64;24,0;29,64;2026-09-30 11:28:38.427428
2891;2955;20251127;130;11;6;3;5;45,0;225,0;0,0;225,0;105,0;120,0;2026-09-30 11:28:38.427428
2892;2956;20260501;132;12;16;4;3;38,5;115,5;5,78;109,72;55,5;54,22;2026-09-30 11:28:38.427428
2893;2957;20260301;37;13;7;4;3;35,9;107,7;0,0;107,7;48,0;59,7;2026-09-30 11:28:38.427428
2894;2958;20251219;87;16;3;1;3;19,9;59,7;5,97;53,73;27,0;26,73;2026-09-30 11:28:38.427428
2895;2959;20250128;108;29;8;2;5;14,9;74,5;0,0;74,5;20,0;54,5;2026-09-30 11:28:38.427428
2896;2960;20250807;72;25;3;2;5;24,9;124,5;0,0;124,5;40,0;84,5;2026-09-30 11:28:38.427428
2897;2961;20260314;120;6;7;4;2;6,5;13,0;1,95;11,05;6,4;4,65;2026-09-30 11:28:38.427428
2898;2962;20250410;21;16;11;4;4;19,9;79,6;7,96;71,64;36,0;35,64;2026-09-30 11:28:38.427428
2899;2963;20260714;115;15;7;4;5;34,9;174,5;0,0;174,5;85,0;89,5;2026-09-30 11:28:38.427428
2900;2964;20260829;58;30;15;1;6;29,9;179,4;8,97;170,43;54,0;116,43;2026-09-30 11:28:38.427428
2901;2965;20251214;13;25;3;3;2;24,9;49,8;0,0;49,8;16,0;33,8;2026-09-30 11:28:38.427428
2902;2966;20260123;49;4;15;4;3;59,9;179,7;8,98;170,72;96,0;74,72;2026-09-30 11:28:38.427428
2903;2967;20251020;119;17;3;1;3;9,9;29,7;0,0;29,7;13,5;16,2;2026-09-30 11:28:38.427428
2904;2968;20250227;99;22;7;4;5;11,9;59,5;2,98;56,52;27,5;29,02;2026-09-30 11:28:38.427428
2905;2969;20251121;80;8;15;4;2;54,9;109,8;0,0;109,8;58,0;51,8;2026-09-30 11:28:38.427428
2906;2970;20250311;134;10;7;4;4;24,9;99,6;14,94;84,66;38,0;46,66;2026-09-30 11:28:38.427428
2907;2971;20251202;150;28;7;4;2;89,9;179,8;0,0;179,8;70,0;109,8;2026-09-30 11:28:38.427428
2908;2972;20260417;55;21;7;2;3;6,9;20,7;0,0;20,7;8,4;12,3;2026-09-30 11:28:38.427428
2909;2973;20260731;160;19;7;4;4;27,9;111,6;0,0;111,6;52,0;59,6;2026-09-30 11:28:38.427428
2910;2974;20250124;8;26;7;1;2;79,9;159,8;0,0;159,8;64,0;95,8;2026-09-30 11:28:38.427428
2911;2975;20251215;28;13;11;4;2;35,9;71,8;0,0;71,8;32,0;39,8;2026-09-30 11:28:38.427428
2912;2976;20260608;3;4;7;1;6;59,9;359,4;0,0;359,4;192,0;167,4;2026-09-30 11:28:38.427428
2913;2977;20251028;185;9;7;1;2;32,0;64,0;6,4;57,6;28,0;29,6;2026-09-30 11:28:38.427428
2914;2978;20250428;117;27;7;2;5;64,9;324,5;0,0;324,5;140,0;184,5;2026-09-30 11:28:38.427428
2915;2979;20260319;119;30;5;2;3;29,9;89,7;0,0;89,7;27,0;62,7;2026-09-30 11:28:38.427428
2916;2980;20260509;83;26;15;4;2;79,9;159,8;0,0;159,8;64,0;95,8;2026-09-30 11:28:38.427428
2917;2981;20250706;131;9;3;3;1;32,0;32,0;0,0;32,0;14,0;18,0;2026-09-30 11:28:38.427428
2918;2982;20260227;155;16;7;1;3;19,9;59,7;8,96;50,74;27,0;23,74;2026-09-30 11:28:38.427428
2919;2983;20250824;95;24;7;3;1;13,9;13,9;0,0;13,9;6,2;7,7;2026-09-30 11:28:38.427428
2920;2984;20260116;184;12;9;1;2;38,5;77,0;0,0;77,0;37,0;40,0;2026-09-30 11:28:38.427428
2921;2985;20250406;192;7;7;1;3;69,9;209,7;0,0;209,7;114,0;95,7;2026-09-30 11:28:38.427428
2922;2986;20250315;47;15;15;1;4;34,9;139,6;13,96;125,64;68,0;57,64;2026-09-30 11:28:38.427428
2923;2987;20250630;113;13;15;3;6;35,9;215,4;0,0;215,4;96,0;119,4;2026-09-30 11:28:38.427428
2924;2988;20260215;56;3;15;1;6;79,9;479,4;0,0;479,4;270,0;209,4;2026-09-30 11:28:38.427428
2925;2989;20260419;190;12;7;1;6;38,5;231,0;34,65;196,35;111,0;85,35;2026-09-30 11:28:38.427428
2926;2990;20250720;177;3;7;2;2;79,9;159,8;15,98;143,82;90,0;53,82;2026-09-30 11:28:38.427428
2927;2991;20251121;149;30;7;2;2;29,9;59,8;5,98;53,82;18,0;35,82;2026-09-30 11:28:38.427428
2928;2992;20250706;178;17;3;3;5;9,9;49,5;2,48;47,02;22,5;24,52;2026-09-30 11:28:38.427428
2929;2993;20250220;169;23;7;2;5;12,9;64,5;0,0;64,5;25,0;39,5;2026-09-30 11:28:38.427428
2930;2994;20250121;41;13;15;2;5;35,9;179,5;0,0;179,5;80,0;99,5;2026-09-30 11:28:38.427428
2931;2995;20260623;69;16;7;4;1;19,9;19,9;0,0;19,9;9,0;10,9;2026-09-30 11:28:38.427428
2932;2996;20260726;154;3;13;2;4;79,9;319,6;0,0;319,6;180,0;139,6;2026-09-30 11:28:38.427428
2933;2997;20250719;2;18;8;3;4;14,9;59,6;8,94;50,66;24,0;26,66;2026-09-30 11:28:38.427428
2934;2998;20260326;135;30;7;4;2;29,9;59,8;2,99;56,81;18,0;38,81;2026-09-30 11:28:38.427428
2935;2999;20251114;189;21;13;2;4;6,9;27,6;0,0;27,6;11,2;16,4;2026-09-30 11:28:38.427428
2936;3000;20250506;141;29;7;4;5;14,9;74,5;0,0;74,5;20,0;54,5;2026-09-30 11:28:38.427428
