id_venda;data_venda;id_cliente;id_produto;quantidade;valor_unitario;percentual_desconto;valor_bruto;valor_desconto;valor_total;forma_pagamento;status_pagamento;canal_venda
1;2026-08-13;82;7;1;69,9;5,0;69,9;3,5;66,4;Cartão de Crédito;CANCELADO;Loja Física
2;2025-06-29;161;8;4;54,9;10,0;219,6;21,96;197,64;Cartão de Crédito;PAGO;Marketplace
3;2026-01-21;48;26;5;79,9;15,0;399,5;59,92;339,58;Cartão de Crédito;PAGO;Marketplace
4;2025-05-18;100;30;1;29,9;0,0;29,9;0,0;29,9;Pix;CANCELADO;Aplicativo
5;2025-03-16;49;2;3;199,9;15,0;599,7;89,96;509,74;Cartão de Débito;PAGO;Site
6;2025-05-01;192;11;3;45,0;15,0;135,0;20,25;114,75;Cartão de Crédito;PAGO;Loja Física
7;2026-01-03;79;18;3;14,9;0,0;44,7;0,0;44,7;Pix;PAGO;Aplicativo
8;2026-07-31;57;25;3;24,9;10,0;74,7;7,47;67,23;Pix;PAGO;Site
9;2026-05-27;141;5;2;99,9;10,0;199,8;19,98;179,82;Boleto;PAGO;Site
10;2025-05-24;185;24;4;13,9;5,0;55,6;2,78;52,82;Cartão de Crédito;PAGO;Site
11;2026-02-27;36;27;1;64,9;15,0;64,9;9,74;55,16;Cartão de Crédito;PAGO;Site
12;2026-02-26;4;30;4;29,9;0,0;119,6;0,0;119,6;Cartão de Crédito;PAGO;Loja Física
13;2025-04-09;135;22;4;11,9;0,0;47,6;0,0;47,6;Pix;PENDENTE;Site
14;2025-08-20;77;3;3;79,9;10,0;239,7;23,97;215,73;Cartão de Débito;PAGO;Site
15;2025-12-06;145;21;1;6,9;15,0;6,9;1,03;5,87;Boleto;PAGO;Loja Física
16;2025-10-15;140;23;5;12,9;5,0;64,5;3,22;61,28;Cartão de Crédito;PAGO;Loja Física
17;2026-08-01;62;5;6;99,9;5,0;599,4;29,97;569,43;Cartão de Débito;PENDENTE;Loja Física
18;2025-02-24;26;5;6;99,9;0,0;599,4;0,0;599,4;Pix;PAGO;Marketplace
19;2026-05-18;59;25;3;24,9;0,0;74,7;0,0;74,7;Cartão de Crédito;PAGO;Site
20;2025-10-02;40;25;5;24,9;0,0;124,5;0,0;124,5;Cartão de Crédito;PAGO;Loja Física
21;2025-07-11;111;10;4;24,9;0,0;99,6;0,0;99,6;Cartão de Crédito;PAGO;Site
22;2025-03-28;186;26;3;79,9;5,0;239,7;11,98;227,72;Boleto;PAGO;Loja Física
23;2026-03-22;71;5;3;99,9;0,0;299,7;0,0;299,7;Pix;PAGO;Marketplace
24;2025-01-07;102;16;5;19,9;0,0;99,5;0,0;99,5;Cartão de Débito;PAGO;Site
25;2025-07-25;123;27;6;64,9;0,0;389,4;0,0;389,4;Pix;PAGO;Aplicativo
26;2026-01-09;30;19;2;27,9;5,0;55,8;2,79;53,01;Pix;PAGO;Aplicativo
27;2026-02-23;173;23;2;12,9;0,0;25,8;0,0;25,8;Pix;PAGO;Loja Física
28;2026-07-02;130;13;1;35,9;15,0;35,9;5,38;30,52;Cartão de Crédito;PAGO;Site
29;2025-12-30;43;18;5;14,9;10,0;74,5;7,45;67,05;Cartão de Crédito;PAGO;Site
30;2026-06-16;143;11;4;45,0;5,0;180,0;9,0;171,0;Cartão de Crédito;PAGO;Site
31;2025-10-30;107;23;5;12,9;0,0;64,5;0,0;64,5;Pix;CANCELADO;Loja Física
32;2026-04-09;82;17;4;9,9;0,0;39,6;0,0;39,6;Pix;PAGO;Site
33;2026-07-28;110;6;6;6,5;0,0;39,0;0,0;39,0;Pix;PAGO;Site
34;2026-02-03;2;1;6;129,9;10,0;779,4;77,94;701,46;Pix;PAGO;Aplicativo
35;2025-09-26;172;26;5;79,9;15,0;399,5;59,92;339,58;Cartão de Crédito;PAGO;Site
36;2025-11-01;158;4;3;59,9;5,0;179,7;8,98;170,72;Pix;PAGO;Loja Física
37;2026-03-10;48;5;5;99,9;0,0;499,5;0,0;499,5;Cartão de Crédito;PAGO;Marketplace
38;2025-02-24;92;16;3;19,9;0,0;59,7;0,0;59,7;Cartão de Crédito;PAGO;Site
39;2025-06-21;22;14;6;27,9;5,0;167,4;8,37;159,03;Pix;PAGO;Loja Física
40;2026-06-08;29;6;4;6,5;5,0;26,0;1,3;24,7;Pix;PAGO;Site
41;2025-09-11;77;2;6;199,9;15,0;1199,4;179,91;1019,49;Boleto;PAGO;Aplicativo
42;2026-03-15;43;4;2;59,9;5,0;119,8;5,99;113,81;Pix;PAGO;Loja Física
43;2025-10-24;147;9;5;32,0;0,0;160,0;0,0;160,0;Boleto;PAGO;Aplicativo
44;2025-05-16;64;30;1;29,9;0,0;29,9;0,0;29,9;Cartão de Crédito;PENDENTE;Aplicativo
45;2025-04-06;104;19;6;27,9;5,0;167,4;8,37;159,03;Cartão de Crédito;PAGO;Site
46;2026-04-15;163;19;1;27,9;10,0;27,9;2,79;25,11;Cartão de Crédito;PAGO;Site
47;2026-07-15;148;27;2;64,9;0,0;129,8;0,0;129,8;Cartão de Crédito;PAGO;Aplicativo
48;2026-04-13;1;21;4;6,9;0,0;27,6;0,0;27,6;Pix;PENDENTE;Loja Física
49;2025-06-19;14;9;1;32,0;0,0;32,0;0,0;32,0;Cartão de Crédito;PAGO;Site
50;2026-04-01;3;1;2;129,9;0,0;259,8;0,0;259,8;Cartão de Crédito;PAGO;Site
51;2026-01-12;77;8;4;54,9;0,0;219,6;0,0;219,6;Pix;PAGO;Site
52;2025-12-26;185;3;5;79,9;0,0;399,5;0,0;399,5;Cartão de Crédito;PAGO;Aplicativo
53;2025-12-26;110;3;1;79,9;0,0;79,9;0,0;79,9;Cartão de Débito;PAGO;Loja Física
54;2025-11-05;53;24;5;13,9;5,0;69,5;3,48;66,02;Cartão de Crédito;NAO_INFORMADO;Site
55;2025-03-14;136;26;2;79,9;0,0;159,8;0,0;159,8;Boleto;PAGO;Site
56;2025-03-11;4;6;4;6,5;0,0;26,0;0,0;26,0;Pix;NAO_INFORMADO;Marketplace
57;2026-02-16;22;10;6;24,9;10,0;149,4;14,94;134,46;Cartão de Crédito;PAGO;Loja Física
58;2025-03-09;80;7;2;69,9;10,0;139,8;13,98;125,82;Cartão de Crédito;PAGO;Loja Física
59;2025-06-29;31;4;4;59,9;0,0;239,6;0,0;239,6;Cartão de Crédito;PAGO;Marketplace
60;2025-10-03;188;26;6;79,9;0,0;479,4;0,0;479,4;Cartão de Débito;PAGO;Loja Física
61;2026-05-27;146;19;6;27,9;0,0;167,4;0,0;167,4;Pix;PAGO;Aplicativo
62;2026-01-08;99;1;1;129,9;0,0;129,9;0,0;129,9;Pix;PAGO;Loja Física
63;2025-05-03;129;30;6;29,9;10,0;179,4;17,94;161,46;Boleto;PAGO;Marketplace
64;2025-03-30;142;3;4;79,9;0,0;319,6;0,0;319,6;Pix;PAGO;Loja Física
65;2025-07-20;188;15;3;34,9;5,0;104,7;5,24;99,46;Cartão de Débito;PAGO;Loja Física
66;2026-01-21;189;21;6;6,9;10,0;41,4;4,14;37,26;Pix;NAO_INFORMADO;Marketplace
67;2026-06-17;106;2;2;199,9;10,0;399,8;39,98;359,82;Cartão de Débito;PAGO;Site
68;2025-05-14;61;21;4;6,9;0,0;27,6;0,0;27,6;Pix;PAGO;Aplicativo
69;2026-08-22;28;11;4;45,0;0,0;180,0;0,0;180,0;Pix;PAGO;Loja Física
70;2025-04-03;41;25;2;24,9;15,0;49,8;7,47;42,33;Cartão de Crédito;PAGO;Loja Física
71;2026-06-10;13;11;2;45,0;10,0;90,0;9,0;81,0;Pix;PAGO;Marketplace
72;2025-05-24;32;18;6;14,9;0,0;89,4;0,0;89,4;Pix;PAGO;Loja Física
73;2025-03-18;6;22;6;11,9;0,0;71,4;0,0;71,4;Pix;PAGO;Loja Física
74;2026-08-11;111;26;3;79,9;15,0;239,7;35,96;203,74;Cartão de Crédito;CANCELADO;Site
75;2025-09-09;166;30;2;29,9;0,0;59,8;0,0;59,8;Cartão de Crédito;PAGO;Loja Física
76;2026-07-11;5;14;2;27,9;0,0;55,8;0,0;55,8;Cartão de Débito;PAGO;Site
77;2025-08-13;8;17;3;9,9;15,0;29,7;4,46;25,24;Cartão de Débito;PAGO;Aplicativo
78;2025-02-27;196;6;1;6,5;0,0;6,5;0,0;6,5;Cartão de Crédito;PAGO;Marketplace
79;2026-01-03;152;6;2;6,5;0,0;13,0;0,0;13,0;Cartão de Crédito;PAGO;Loja Física
80;2025-02-27;60;27;4;64,9;5,0;259,6;12,98;246,62;Pix;PAGO;Loja Física
81;2025-05-26;199;30;3;29,9;0,0;89,7;0,0;89,7;Cartão de Débito;PAGO;Site
82;2025-06-11;188;13;5;35,9;0,0;179,5;0,0;179,5;Cartão de Débito;PAGO;Loja Física
83;2025-06-29;97;23;5;12,9;0,0;64,5;0,0;64,5;Cartão de Crédito;PAGO;Loja Física
84;2025-07-06;155;19;4;27,9;0,0;111,6;0,0;111,6;Boleto;PAGO;Site
85;2025-06-21;163;5;3;99,9;0,0;299,7;0,0;299,7;Cartão de Débito;PAGO;Loja Física
86;2025-01-02;13;8;6;54,9;0,0;329,4;0,0;329,4;Cartão de Crédito;PAGO;Site
87;2026-08-15;167;12;5;38,5;15,0;192,5;28,88;163,62;Cartão de Crédito;PAGO;Loja Física
88;2025-03-18;141;4;1;59,9;0,0;59,9;0,0;59,9;Pix;PENDENTE;Aplicativo
89;2025-12-06;53;21;2;6,9;0,0;13,8;0,0;13,8;Cartão de Crédito;PAGO;Site
90;2026-05-18;40;10;2;24,9;0,0;49,8;0,0;49,8;Pix;PAGO;Aplicativo
91;2025-03-25;122;7;1;69,9;15,0;69,9;10,48;59,42;Pix;PAGO;Marketplace
92;2025-07-11;115;21;5;6,9;0,0;34,5;0,0;34,5;Pix;PAGO;Loja Física
93;2026-08-27;59;3;6;79,9;5,0;479,4;23,97;455,43;Pix;PAGO;Marketplace
94;2026-02-09;183;30;4;29,9;0,0;119,6;0,0;119,6;Cartão de Crédito;PAGO;Aplicativo
95;2025-07-17;33;4;4;59,9;0,0;239,6;0,0;239,6;Cartão de Crédito;CANCELADO;Marketplace
96;2025-03-10;23;27;5;64,9;0,0;324,5;0,0;324,5;Cartão de Crédito;PENDENTE;Site
97;2026-03-01;39;1;6;129,9;0,0;779,4;0,0;779,4;Cartão de Crédito;PAGO;Loja Física
98;2025-09-28;99;26;3;79,9;10,0;239,7;23,97;215,73;Cartão de Crédito;PENDENTE;Site
99;2025-09-01;13;22;6;11,9;10,0;71,4;7,14;64,26;Cartão de Crédito;PAGO;Loja Física
100;2025-08-22;35;10;3;24,9;0,0;74,7;0,0;74,7;Boleto;PENDENTE;Loja Física
101;2026-05-12;195;21;1;6,9;5,0;6,9;0,34;6,56;Cartão de Débito;PAGO;Loja Física
102;2025-01-30;45;17;4;9,9;0,0;39,6;0,0;39,6;Cartão de Débito;PENDENTE;Site
103;2025-05-07;175;23;2;12,9;0,0;25,8;0,0;25,8;Pix;PAGO;Marketplace
104;2025-04-03;73;18;3;14,9;0,0;44,7;0,0;44,7;Pix;PAGO;Marketplace
106;2026-01-21;90;20;3;22,9;0,0;68,7;0,0;68,7;Pix;PAGO;Aplicativo
107;2026-01-19;144;4;1;59,9;10,0;59,9;5,99;53,91;Cartão de Crédito;PAGO;Site
108;2025-11-02;49;9;6;32,0;0,0;192,0;0,0;192,0;Cartão de Crédito;PAGO;Site
109;2026-03-05;104;5;6;99,9;0,0;599,4;0,0;599,4;Cartão de Crédito;PAGO;Aplicativo
110;2026-01-03;130;23;2;12,9;0,0;25,8;0,0;25,8;Cartão de Débito;PAGO;Loja Física
111;2025-12-10;168;24;3;13,9;0,0;41,7;0,0;41,7;Pix;PAGO;Site
112;2025-02-24;163;12;3;38,5;5,0;115,5;5,78;109,72;Cartão de Crédito;PAGO;Loja Física
113;2025-07-25;88;17;3;9,9;0,0;29,7;0,0;29,7;Boleto;PENDENTE;Loja Física
114;2025-03-01;2;6;1;6,5;0,0;6,5;0,0;6,5;Pix;PAGO;Aplicativo
115;2026-03-16;123;25;1;24,9;0,0;24,9;0,0;24,9;Pix;PAGO;Marketplace
116;2025-09-12;58;25;5;24,9;10,0;124,5;12,45;112,05;Cartão de Débito;PAGO;Site
117;2026-06-21;87;27;1;64,9;0,0;64,9;0,0;64,9;Cartão de Débito;PAGO;Marketplace
118;2025-08-22;58;7;2;69,9;10,0;139,8;13,98;125,82;Boleto;PENDENTE;Loja Física
119;2025-02-19;153;21;1;6,9;0,0;6,9;0,0;6,9;Cartão de Crédito;PAGO;Site
120;2025-01-10;78;18;3;14,9;0,0;44,7;0,0;44,7;Cartão de Crédito;PAGO;Site
121;2026-05-25;51;17;6;9,9;5,0;59,4;2,97;56,43;Pix;PAGO;Loja Física
122;2026-05-08;85;10;2;24,9;0,0;49,8;0,0;49,8;Pix;PAGO;Aplicativo
123;2025-09-20;165;5;1;99,9;0,0;99,9;0,0;99,9;Cartão de Crédito;PAGO;Loja Física
124;2026-03-13;190;28;1;89,9;0,0;89,9;0,0;89,9;Pix;PAGO;Aplicativo
125;2026-01-17;88;12;4;38,5;0,0;154,0;0,0;154,0;Pix;PAGO;Aplicativo
126;2025-03-02;41;16;4;19,9;0,0;79,6;0,0;79,6;Cartão de Crédito;PAGO;Aplicativo
127;2025-05-14;124;13;3;35,9;0,0;107,7;0,0;107,7;Pix;PENDENTE;Aplicativo
128;2025-12-13;133;25;6;24,9;5,0;149,4;7,47;141,93;Cartão de Crédito;PAGO;Aplicativo
129;2025-02-25;3;22;6;11,9;10,0;71,4;7,14;64,26;Boleto;PAGO;Site
130;2026-06-04;58;25;4;24,9;5,0;99,6;4,98;94,62;Cartão de Crédito;PAGO;Site
131;2026-05-25;191;15;1;34,9;10,0;34,9;3,49;31,41;Pix;PAGO;Loja Física
132;2026-04-13;88;20;6;22,9;0,0;137,4;0,0;137,4;Cartão de Débito;PAGO;Loja Física
133;2025-04-10;195;20;4;22,9;10,0;91,6;9,16;82,44;Pix;PAGO;Marketplace
134;2025-05-24;184;17;3;9,9;10,0;29,7;2,97;26,73;Cartão de Crédito;PAGO;Loja Física
135;2026-03-01;12;7;4;69,9;10,0;279,6;27,96;251,64;Cartão de Débito;PAGO;Site
136;2026-07-21;111;17;2;9,9;15,0;19,8;2,97;16,83;Cartão de Crédito;PAGO;Marketplace
137;2025-11-26;130;6;6;6,5;0,0;39,0;0,0;39,0;Cartão de Crédito;PAGO;Loja Física
138;2026-06-09;77;11;3;45,0;15,0;135,0;20,25;114,75;Cartão de Crédito;PAGO;Marketplace
139;2025-05-16;182;7;2;69,9;10,0;139,8;13,98;125,82;Boleto;PAGO;Site
140;2026-03-04;173;25;3;24,9;10,0;74,7;7,47;67,23;Cartão de Débito;PAGO;Site
141;2025-06-14;74;1;4;129,9;10,0;519,6;51,96;467,64;Pix;PAGO;Loja Física
142;2026-07-30;58;2;3;199,9;10,0;599,7;59,97;539,73;Cartão de Crédito;PAGO;Aplicativo
143;2025-11-17;142;23;6;12,9;0,0;77,4;0,0;77,4;Pix;PAGO;Aplicativo
144;2026-08-26;140;27;2;64,9;10,0;129,8;12,98;116,82;Cartão de Crédito;PAGO;Loja Física
145;2026-01-22;11;22;1;11,9;0,0;11,9;0,0;11,9;Pix;PAGO;Aplicativo
146;2025-11-05;126;23;2;12,9;15,0;25,8;3,87;21,93;Cartão de Crédito;PENDENTE;Loja Física
147;2026-07-04;104;6;5;6,5;0,0;32,5;0,0;32,5;Pix;PAGO;Loja Física
148;2025-01-10;30;25;5;24,9;10,0;124,5;12,45;112,05;Pix;CANCELADO;Marketplace
149;2025-04-27;99;2;6;199,9;0,0;1199,4;0,0;1199,4;Cartão de Crédito;PAGO;Aplicativo
150;2025-07-17;83;26;5;79,9;5,0;399,5;19,98;379,52;Pix;PAGO;Site
151;2026-07-05;180;21;2;6,9;10,0;13,8;1,38;12,42;Cartão de Débito;PAGO;Aplicativo
152;2025-09-15;143;15;6;34,9;0,0;209,4;0,0;209,4;Cartão de Crédito;PAGO;Site
153;2025-03-06;194;14;3;27,9;10,0;83,7;8,37;75,33;Cartão de Crédito;PAGO;Loja Física
154;2026-02-09;170;10;5;24,9;0,0;124,5;0,0;124,5;Cartão de Crédito;PAGO;Aplicativo
155;2026-01-18;3;10;6;24,9;5,0;149,4;7,47;141,93;Cartão de Débito;PAGO;Site
156;2025-08-05;106;3;3;79,9;10,0;239,7;23,97;215,73;Cartão de Débito;PAGO;Aplicativo
157;2026-07-17;119;6;6;6,5;10,0;39,0;3,9;35,1;Cartão de Crédito;PENDENTE;Loja Física
158;2025-03-13;50;11;3;45,0;0,0;135,0;0,0;135,0;Cartão de Crédito;PAGO;Aplicativo
159;2025-11-17;64;19;3;27,9;15,0;83,7;12,56;71,14;Pix;CANCELADO;Aplicativo
160;2026-07-19;28;29;4;14,9;0,0;59,6;0,0;59,6;Cartão de Crédito;PAGO;Loja Física
161;2025-01-20;130;9;6;32,0;10,0;192,0;19,2;172,8;Pix;PAGO;Site
162;2025-06-02;94;18;3;14,9;0,0;44,7;0,0;44,7;Pix;CANCELADO;Loja Física
163;2025-06-19;194;17;1;9,9;5,0;9,9;0,5;9,4;Pix;PAGO;Site
164;2026-05-15;60;5;6;99,9;0,0;599,4;0,0;599,4;Pix;CANCELADO;Site
165;2025-11-28;27;13;4;35,9;10,0;143,6;14,36;129,24;Boleto;PENDENTE;Aplicativo
166;2025-03-21;133;19;2;27,9;0,0;55,8;0,0;55,8;Pix;PAGO;Site
167;2026-03-27;43;16;4;19,9;0,0;79,6;0,0;79,6;Pix;PAGO;Loja Física
168;2025-04-27;124;23;1;12,9;10,0;12,9;1,29;11,61;Cartão de Crédito;PAGO;Aplicativo
169;2026-08-10;38;5;5;99,9;0,0;499,5;0,0;499,5;Pix;PAGO;Site
170;2025-03-29;56;21;1;6,9;0,0;6,9;0,0;6,9;Cartão de Crédito;PAGO;Loja Física
171;2025-09-28;43;5;5;99,9;10,0;499,5;49,95;449,55;Cartão de Crédito;PAGO;Loja Física
172;2026-03-06;39;5;1;99,9;5,0;99,9;5,0;94,9;Pix;PAGO;Loja Física
173;2026-07-07;1;17;1;9,9;15,0;9,9;1,48;8,42;Cartão de Crédito;PAGO;Marketplace
174;2025-12-25;151;14;2;27,9;15,0;55,8;8,37;47,43;Cartão de Crédito;PAGO;Loja Física
175;2026-07-11;105;25;2;24,9;0,0;49,8;0,0;49,8;Pix;PAGO;Site
176;2025-04-20;40;13;6;35,9;0,0;215,4;0,0;215,4;Cartão de Crédito;PAGO;Site
177;2026-07-25;124;9;6;32,0;0,0;192,0;0,0;192,0;Pix;PAGO;Loja Física
178;2025-08-24;115;23;4;12,9;15,0;51,6;7,74;43,86;Cartão de Crédito;PENDENTE;Site
179;2025-01-06;24;18;5;14,9;15,0;74,5;11,18;63,32;Pix;PAGO;Loja Física
180;2026-06-18;74;3;5;79,9;10,0;399,5;39,95;359,55;Boleto;PAGO;Site
181;2026-06-13;179;22;5;11,9;0,0;59,5;0,0;59,5;Cartão de Crédito;PAGO;Aplicativo
182;2026-08-24;52;3;3;79,9;5,0;239,7;11,98;227,72;Pix;PAGO;Site
183;2025-07-19;117;18;5;14,9;0,0;74,5;0,0;74,5;Cartão de Crédito;CANCELADO;Loja Física
184;2026-08-12;65;11;1;45,0;10,0;45,0;4,5;40,5;Cartão de Crédito;CANCELADO;Loja Física
185;2026-05-09;30;25;4;24,9;0,0;99,6;0,0;99,6;Pix;PENDENTE;Aplicativo
186;2025-09-27;64;11;4;45,0;0,0;180,0;0,0;180,0;Pix;NAO_INFORMADO;Aplicativo
187;2025-07-14;128;16;3;19,9;10,0;59,7;5,97;53,73;Pix;PENDENTE;Loja Física
188;2025-03-22;174;8;5;54,9;10,0;274,5;27,45;247,05;Cartão de Crédito;PAGO;Aplicativo
189;2025-10-09;126;11;4;45,0;0,0;180,0;0,0;180,0;Boleto;PENDENTE;Loja Física
190;2026-05-30;89;2;5;199,9;0,0;999,5;0,0;999,5;Cartão de Débito;PAGO;Loja Física
192;2026-01-17;94;12;2;38,5;15,0;77,0;11,55;65,45;Cartão de Crédito;PAGO;Marketplace
193;2026-01-26;51;27;1;64,9;0,0;64,9;0,0;64,9;Cartão de Débito;PAGO;Loja Física
194;2025-11-04;65;5;6;99,9;5,0;599,4;29,97;569,43;Cartão de Débito;PAGO;Loja Física
195;2026-01-04;144;16;6;19,9;5,0;119,4;5,97;113,43;Boleto;PAGO;Site
196;2025-10-19;91;20;2;22,9;0,0;45,8;0,0;45,8;Cartão de Crédito;PAGO;Marketplace
197;2025-12-12;108;10;4;24,9;10,0;99,6;9,96;89,64;Cartão de Crédito;PAGO;Loja Física
198;2026-02-09;70;11;3;45,0;0,0;135,0;0,0;135,0;Cartão de Débito;PAGO;Site
199;2025-09-15;191;6;2;6,5;10,0;13,0;1,3;11,7;Cartão de Crédito;PAGO;Loja Física
200;2025-03-27;27;16;5;19,9;0,0;99,5;0,0;99,5;Cartão de Crédito;PAGO;Loja Física
201;2026-01-01;84;21;2;6,9;15,0;13,8;2,07;11,73;Cartão de Crédito;NAO_INFORMADO;Site
202;2026-04-13;162;15;2;34,9;10,0;69,8;6,98;62,82;Cartão de Crédito;PAGO;Site
203;2026-01-10;106;12;4;38,5;0,0;154,0;0,0;154,0;Pix;PAGO;Aplicativo
205;2026-02-04;97;29;5;14,9;0,0;74,5;0,0;74,5;Pix;PAGO;Aplicativo
206;2025-10-03;106;26;6;79,9;0,0;479,4;0,0;479,4;Cartão de Débito;PAGO;Site
207;2025-02-20;137;9;6;32,0;0,0;192,0;0,0;192,0;Pix;NAO_INFORMADO;Loja Física
208;2026-03-07;80;1;2;129,9;15,0;259,8;38,97;220,83;Cartão de Débito;PAGO;Aplicativo
209;2026-04-27;47;27;2;64,9;0,0;129,8;0,0;129,8;Cartão de Débito;PAGO;Loja Física
210;2025-02-04;51;23;2;12,9;0,0;25,8;0,0;25,8;Cartão de Crédito;CANCELADO;Aplicativo
211;2026-06-18;32;11;2;45,0;0,0;90,0;0,0;90,0;Cartão de Crédito;PAGO;Loja Física
212;2025-10-10;150;4;2;59,9;0,0;119,8;0,0;119,8;Pix;PAGO;Site
213;2026-05-27;24;23;5;12,9;10,0;64,5;6,45;58,05;Cartão de Crédito;PAGO;Site
214;2026-07-26;166;23;5;12,9;15,0;64,5;9,68;54,82;Pix;PAGO;Loja Física
215;2026-07-27;76;24;2;13,9;5,0;27,8;1,39;26,41;Cartão de Crédito;PAGO;Loja Física
216;2025-06-08;116;9;5;32,0;0,0;160,0;0,0;160,0;Cartão de Débito;PAGO;Aplicativo
217;2025-09-02;83;24;2;13,9;10,0;27,8;2,78;25,02;Pix;PAGO;Loja Física
218;2025-11-26;29;25;5;24,9;0,0;124,5;0,0;124,5;Cartão de Crédito;PAGO;Loja Física
219;2026-06-23;160;4;1;59,9;10,0;59,9;5,99;53,91;Cartão de Crédito;PAGO;Loja Física
220;2025-03-04;93;7;6;69,9;5,0;419,4;20,97;398,43;Cartão de Crédito;PENDENTE;Aplicativo
221;2025-08-10;133;9;5;32,0;0,0;160,0;0,0;160,0;Pix;PAGO;Loja Física
222;2025-04-19;197;19;6;27,9;10,0;167,4;16,74;150,66;Cartão de Crédito;PAGO;Site
223;2026-03-30;91;18;4;14,9;0,0;59,6;0,0;59,6;Cartão de Crédito;PAGO;Site
224;2026-01-20;197;27;6;64,9;5,0;389,4;19,47;369,93;Boleto;PAGO;Site
225;2025-11-06;2;24;1;13,9;0,0;13,9;0,0;13,9;Boleto;PAGO;Aplicativo
226;2026-08-09;40;27;3;64,9;0,0;194,7;0,0;194,7;Pix;PAGO;Marketplace
227;2025-03-21;186;9;3;32,0;0,0;96,0;0,0;96,0;Cartão de Débito;PAGO;Aplicativo
228;2026-08-14;98;30;1;29,9;0,0;29,9;0,0;29,9;Cartão de Débito;PAGO;Marketplace
229;2025-01-12;163;30;1;29,9;15,0;29,9;4,49;25,41;Cartão de Crédito;PAGO;Site
230;2026-04-02;193;23;2;12,9;5,0;25,8;1,29;24,51;Cartão de Crédito;PAGO;Site
231;2026-02-13;129;16;5;19,9;0,0;99,5;0,0;99,5;Cartão de Débito;PAGO;Loja Física
232;2025-09-06;19;19;2;27,9;0,0;55,8;0,0;55,8;Cartão de Débito;CANCELADO;Loja Física
233;2025-01-25;198;14;3;27,9;0,0;83,7;0,0;83,7;Pix;PAGO;Aplicativo
234;2025-06-09;194;15;1;34,9;10,0;34,9;3,49;31,41;Cartão de Débito;PAGO;Site
235;2025-01-24;85;1;3;129,9;0,0;389,7;0,0;389,7;Cartão de Crédito;PAGO;Aplicativo
236;2026-01-21;150;20;6;22,9;10,0;137,4;13,74;123,66;Cartão de Crédito;PAGO;Aplicativo
237;2025-10-05;170;2;4;199,9;15,0;799,6;119,94;679,66;Boleto;PAGO;Marketplace
238;2026-05-12;153;8;4;54,9;5,0;219,6;10,98;208,62;Pix;PAGO;Site
239;2025-06-10;5;2;2;199,9;0,0;399,8;0,0;399,8;Cartão de Crédito;PAGO;Marketplace
240;2025-01-31;143;9;1;32,0;0,0;32,0;0,0;32,0;Pix;PENDENTE;Loja Física
241;2025-09-04;147;17;6;9,9;0,0;59,4;0,0;59,4;Cartão de Crédito;PAGO;Site
242;2026-06-21;35;19;5;27,9;0,0;139,5;0,0;139,5;Boleto;PAGO;Marketplace
243;2025-05-30;187;18;5;14,9;0,0;74,5;0,0;74,5;Cartão de Débito;PAGO;Site
244;2025-04-20;34;30;6;29,9;0,0;179,4;0,0;179,4;Pix;PAGO;Site
245;2026-05-04;35;20;2;22,9;5,0;45,8;2,29;43,51;Cartão de Débito;PAGO;Loja Física
246;2025-01-16;70;16;2;19,9;0,0;39,8;0,0;39,8;Pix;PAGO;Loja Física
247;2025-09-10;110;15;5;34,9;0,0;174,5;0,0;174,5;Cartão de Débito;PAGO;Aplicativo
248;2025-02-09;134;24;5;13,9;0,0;69,5;0,0;69,5;Cartão de Crédito;PAGO;Site
249;2025-02-20;49;24;1;13,9;0,0;13,9;0,0;13,9;Cartão de Crédito;PAGO;Loja Física
250;2026-04-20;166;10;5;24,9;0,0;124,5;0,0;124,5;Pix;PAGO;Site
251;2026-04-10;152;18;2;14,9;10,0;29,8;2,98;26,82;Cartão de Débito;NAO_INFORMADO;Loja Física
252;2025-04-27;181;21;6;6,9;0,0;41,4;0,0;41,4;Cartão de Crédito;PAGO;Marketplace
253;2025-12-10;145;6;4;6,5;15,0;26,0;3,9;22,1;Cartão de Crédito;PAGO;Loja Física
254;2025-07-05;31;14;3;27,9;0,0;83,7;0,0;83,7;Boleto;PAGO;Marketplace
255;2026-05-03;117;1;5;129,9;0,0;649,5;0,0;649,5;Cartão de Crédito;PAGO;Loja Física
256;2025-02-07;38;27;2;64,9;15,0;129,8;19,47;110,33;Pix;PAGO;Loja Física
257;2026-08-10;144;14;2;27,9;0,0;55,8;0,0;55,8;Boleto;PAGO;Loja Física
258;2026-07-18;17;11;3;45,0;0,0;135,0;0,0;135,0;Cartão de Crédito;PAGO;Site
259;2026-06-26;23;7;5;69,9;0,0;349,5;0,0;349,5;Cartão de Crédito;PAGO;Aplicativo
260;2025-05-13;158;28;3;89,9;5,0;269,7;13,48;256,22;Cartão de Crédito;PAGO;Aplicativo
261;2026-04-22;161;8;6;54,9;15,0;329,4;49,41;279,99;Pix;PAGO;Marketplace
262;2025-07-26;177;11;3;45,0;0,0;135,0;0,0;135,0;Pix;NAO_INFORMADO;Site
263;2025-01-30;45;1;1;129,9;0,0;129,9;0,0;129,9;Pix;PAGO;Marketplace
264;2026-07-04;86;21;2;6,9;0,0;13,8;0,0;13,8;Cartão de Débito;PAGO;Aplicativo
265;2025-12-06;91;24;6;13,9;0,0;83,4;0,0;83,4;Boleto;PAGO;Site
266;2025-11-12;181;19;5;27,9;15,0;139,5;20,92;118,58;Pix;PAGO;Site
267;2025-02-08;200;10;2;24,9;0,0;49,8;0,0;49,8;Boleto;PAGO;Marketplace
268;2025-05-27;197;11;4;45,0;15,0;180,0;27,0;153,0;Pix;PAGO;Marketplace
269;2025-11-15;12;2;4;199,9;10,0;799,6;79,96;719,64;Cartão de Débito;PENDENTE;Marketplace
270;2025-07-25;50;1;5;129,9;0,0;649,5;0,0;649,5;Pix;PAGO;Loja Física
271;2026-07-10;90;4;1;59,9;5,0;59,9;3,0;56,9;Pix;PAGO;Loja Física
272;2025-02-21;28;29;3;14,9;0,0;44,7;0,0;44,7;Pix;NAO_INFORMADO;Loja Física
273;2025-11-16;86;19;6;27,9;15,0;167,4;25,11;142,29;Pix;PAGO;Loja Física
274;2026-04-25;25;25;4;24,9;0,0;99,6;0,0;99,6;Pix;PAGO;Site
275;2025-12-05;84;5;5;99,9;0,0;499,5;0,0;499,5;Cartão de Crédito;PAGO;Site
276;2025-04-20;84;25;3;24,9;5,0;74,7;3,74;70,96;Cartão de Crédito;PAGO;Site
277;2025-12-15;54;20;2;22,9;15,0;45,8;6,87;38,93;Cartão de Crédito;CANCELADO;Site
278;2026-08-11;125;23;2;12,9;0,0;25,8;0,0;25,8;Cartão de Crédito;PAGO;Aplicativo
279;2026-01-24;84;13;1;35,9;0,0;35,9;0,0;35,9;Cartão de Crédito;PAGO;Marketplace
280;2025-10-26;100;21;1;6,9;5,0;6,9;0,34;6,56;Cartão de Crédito;PAGO;Loja Física
281;2025-12-19;23;30;6;29,9;5,0;179,4;8,97;170,43;Pix;CANCELADO;Loja Física
282;2026-01-03;29;12;5;38,5;15,0;192,5;28,88;163,62;Pix;PAGO;Site
283;2026-05-02;36;13;4;35,9;0,0;143,6;0,0;143,6;Cartão de Crédito;PAGO;Site
284;2025-05-28;185;28;6;89,9;0,0;539,4;0,0;539,4;Cartão de Crédito;PAGO;Site
285;2026-06-06;109;15;6;34,9;5,0;209,4;10,47;198,93;Cartão de Débito;PAGO;Site
286;2026-07-14;148;28;6;89,9;0,0;539,4;0,0;539,4;Pix;PAGO;Loja Física
287;2025-10-14;120;23;1;12,9;5,0;12,9;0,64;12,26;Pix;PAGO;Site
288;2025-02-24;88;22;1;11,9;5,0;11,9;0,6;11,3;Cartão de Débito;PAGO;Site
289;2025-02-06;178;14;3;27,9;5,0;83,7;4,18;79,52;Cartão de Crédito;PAGO;Loja Física
290;2025-01-28;74;6;5;6,5;0,0;32,5;0,0;32,5;Pix;CANCELADO;Loja Física
292;2025-06-07;127;17;1;9,9;15,0;9,9;1,48;8,42;Boleto;PAGO;Site
293;2025-04-29;14;7;5;69,9;0,0;349,5;0,0;349,5;Cartão de Crédito;PAGO;Marketplace
294;2026-06-28;112;8;4;54,9;0,0;219,6;0,0;219,6;Pix;PAGO;Loja Física
295;2026-03-19;157;2;1;199,9;10,0;199,9;19,99;179,91;Cartão de Débito;PAGO;Loja Física
296;2026-08-26;198;13;4;35,9;0,0;143,6;0,0;143,6;Cartão de Crédito;PAGO;Loja Física
298;2025-05-03;23;29;2;14,9;15,0;29,8;4,47;25,33;Cartão de Crédito;PAGO;Site
299;2025-03-19;164;6;1;6,5;0,0;6,5;0,0;6,5;Boleto;PAGO;Marketplace
300;2026-01-27;100;11;3;45,0;0,0;135,0;0,0;135,0;Boleto;PAGO;Loja Física
301;2026-03-18;56;20;4;22,9;5,0;91,6;4,58;87,02;Cartão de Crédito;PAGO;Loja Física
302;2025-01-01;10;24;3;13,9;10,0;41,7;4,17;37,53;Pix;PAGO;Site
303;2025-03-13;139;16;4;19,9;0,0;79,6;0,0;79,6;Pix;PAGO;Site
304;2025-04-03;94;30;3;29,9;5,0;89,7;4,49;85,21;Cartão de Débito;PAGO;Aplicativo
305;2025-11-03;179;7;2;69,9;0,0;139,8;0,0;139,8;Cartão de Débito;CANCELADO;Loja Física
306;2026-08-31;62;24;2;13,9;0,0;27,8;0,0;27,8;Pix;PAGO;Site
307;2025-12-12;185;26;4;79,9;0,0;319,6;0,0;319,6;Cartão de Crédito;PAGO;Site
308;2025-02-07;189;28;5;89,9;0,0;449,5;0,0;449,5;Cartão de Crédito;PAGO;Loja Física
309;2026-08-29;17;29;3;14,9;15,0;44,7;6,7;38,0;Cartão de Débito;PAGO;Loja Física
310;2025-11-29;31;14;3;27,9;10,0;83,7;8,37;75,33;Cartão de Crédito;CANCELADO;Site
311;2026-07-21;43;4;3;59,9;0,0;179,7;0,0;179,7;Pix;PAGO;Site
312;2026-08-31;73;29;4;14,9;0,0;59,6;0,0;59,6;Cartão de Crédito;PAGO;Loja Física
313;2025-02-08;153;17;4;9,9;0,0;39,6;0,0;39,6;Cartão de Crédito;CANCELADO;Loja Física
314;2026-07-07;130;7;1;69,9;0,0;69,9;0,0;69,9;Cartão de Crédito;CANCELADO;Loja Física
315;2025-02-25;166;22;4;11,9;0,0;47,6;0,0;47,6;Pix;PAGO;Aplicativo
316;2025-01-30;125;2;1;199,9;5,0;199,9;9,99;189,91;Pix;PENDENTE;Site
317;2025-11-30;59;7;6;69,9;0,0;419,4;0,0;419,4;Pix;PAGO;Marketplace
318;2026-04-11;46;16;1;19,9;0,0;19,9;0,0;19,9;Pix;PAGO;Site
319;2025-04-24;120;11;2;45,0;0,0;90,0;0,0;90,0;Cartão de Crédito;PAGO;Loja Física
320;2026-07-21;59;26;6;79,9;0,0;479,4;0,0;479,4;Cartão de Crédito;PENDENTE;Loja Física
322;2025-02-04;109;14;1;27,9;5,0;27,9;1,4;26,5;Pix;PAGO;Loja Física
323;2025-08-12;34;3;5;79,9;0,0;399,5;0,0;399,5;Pix;PAGO;Aplicativo
324;2025-05-22;181;15;5;34,9;0,0;174,5;0,0;174,5;Pix;PAGO;Aplicativo
325;2025-10-04;179;13;6;35,9;5,0;215,4;10,77;204,63;Cartão de Crédito;PAGO;Loja Física
326;2025-02-22;29;24;1;13,9;0,0;13,9;0,0;13,9;Pix;PENDENTE;Loja Física
327;2025-09-02;139;3;5;79,9;0,0;399,5;0,0;399,5;Cartão de Crédito;PAGO;Marketplace
328;2026-05-31;175;25;6;24,9;0,0;149,4;0,0;149,4;Pix;PAGO;Site
329;2026-04-08;159;16;6;19,9;0,0;119,4;0,0;119,4;Cartão de Débito;PAGO;Marketplace
330;2025-03-20;28;3;1;79,9;0,0;79,9;0,0;79,9;Pix;PAGO;Marketplace
331;2025-05-16;122;21;1;6,9;0,0;6,9;0,0;6,9;Cartão de Crédito;CANCELADO;Loja Física
332;2025-12-01;125;8;5;54,9;5,0;274,5;13,72;260,78;Cartão de Crédito;PAGO;Site
333;2025-10-23;198;29;3;14,9;15,0;44,7;6,7;38,0;Pix;PAGO;Loja Física
334;2025-06-07;42;23;5;12,9;0,0;64,5;0,0;64,5;Pix;CANCELADO;Site
335;2025-06-01;96;7;5;69,9;0,0;349,5;0,0;349,5;Cartão de Crédito;PAGO;Marketplace
336;2026-07-14;130;16;2;19,9;0,0;39,8;0,0;39,8;Cartão de Crédito;PENDENTE;Marketplace
337;2026-03-29;87;19;6;27,9;10,0;167,4;16,74;150,66;Pix;PAGO;Loja Física
338;2025-07-19;150;27;2;64,9;5,0;129,8;6,49;123,31;Pix;PAGO;Loja Física
339;2025-07-19;126;15;6;34,9;0,0;209,4;0,0;209,4;Cartão de Crédito;PAGO;Site
340;2025-11-12;115;14;3;27,9;15,0;83,7;12,56;71,14;Cartão de Crédito;PAGO;Aplicativo
341;2026-03-01;36;15;3;34,9;15,0;104,7;15,7;89,0;Cartão de Crédito;PAGO;Marketplace
342;2025-01-07;105;11;1;45,0;10,0;45,0;4,5;40,5;Boleto;PAGO;Aplicativo
343;2025-02-13;78;5;2;99,9;15,0;199,8;29,97;169,83;Cartão de Crédito;PAGO;Loja Física
344;2025-05-08;168;5;3;99,9;10,0;299,7;29,97;269,73;Cartão de Débito;PAGO;Aplicativo
345;2026-01-06;149;4;3;59,9;0,0;179,7;0,0;179,7;Cartão de Crédito;CANCELADO;Site
346;2025-06-16;149;4;3;59,9;0,0;179,7;0,0;179,7;Pix;PAGO;Site
347;2026-06-27;164;14;6;27,9;0,0;167,4;0,0;167,4;Cartão de Crédito;PAGO;Loja Física
348;2025-11-05;70;18;3;14,9;10,0;44,7;4,47;40,23;Cartão de Crédito;PAGO;Site
349;2025-06-16;27;17;3;9,9;0,0;29,7;0,0;29,7;Pix;PAGO;Marketplace
350;2025-04-27;107;27;5;64,9;0,0;324,5;0,0;324,5;Boleto;PAGO;Site
351;2025-12-17;45;12;2;38,5;10,0;77,0;7,7;69,3;Pix;PENDENTE;Marketplace
352;2025-04-25;20;10;2;24,9;0,0;49,8;0,0;49,8;Cartão de Débito;CANCELADO;Loja Física
353;2025-11-05;171;19;1;27,9;0,0;27,9;0,0;27,9;Cartão de Débito;PENDENTE;Loja Física
354;2025-10-12;149;6;6;6,5;0,0;39,0;0,0;39,0;Pix;PAGO;Site
355;2025-07-16;73;3;1;79,9;0,0;79,9;0,0;79,9;Boleto;PAGO;Loja Física
356;2025-04-20;47;17;6;9,9;15,0;59,4;8,91;50,49;Pix;PAGO;Loja Física
357;2025-10-23;143;4;4;59,9;10,0;239,6;23,96;215,64;Pix;PAGO;Site
358;2026-03-15;49;22;4;11,9;15,0;47,6;7,14;40,46;Pix;PAGO;Aplicativo
359;2025-03-29;31;22;4;11,9;0,0;47,6;0,0;47,6;Pix;PAGO;Aplicativo
360;2026-02-18;32;6;1;6,5;0,0;6,5;0,0;6,5;Cartão de Débito;PAGO;Aplicativo
361;2026-02-19;125;9;6;32,0;5,0;192,0;9,6;182,4;Pix;PAGO;Site
362;2025-01-28;46;5;1;99,9;0,0;99,9;0,0;99,9;Cartão de Crédito;PAGO;Site
363;2026-05-25;126;22;5;11,9;5,0;59,5;2,98;56,52;Pix;PAGO;Site
364;2026-01-21;114;2;4;199,9;0,0;799,6;0,0;799,6;Pix;PAGO;Aplicativo
365;2025-04-23;146;6;4;6,5;10,0;26,0;2,6;23,4;Cartão de Crédito;PAGO;Site
366;2026-01-22;158;6;5;6,5;10,0;32,5;3,25;29,25;Pix;PAGO;Loja Física
367;2026-01-25;25;12;6;38,5;0,0;231,0;0,0;231,0;Pix;PAGO;Aplicativo
368;2025-11-09;30;21;3;6,9;0,0;20,7;0,0;20,7;Pix;PENDENTE;Site
369;2026-01-22;147;9;1;32,0;0,0;32,0;0,0;32,0;Pix;PAGO;Loja Física
370;2026-03-23;52;25;6;24,9;0,0;149,4;0,0;149,4;Cartão de Crédito;PAGO;Loja Física
371;2025-04-05;184;10;5;24,9;15,0;124,5;18,68;105,82;Cartão de Crédito;PAGO;Site
372;2026-06-01;77;14;2;27,9;0,0;55,8;0,0;55,8;Cartão de Crédito;PAGO;Loja Física
373;2025-07-11;148;22;5;11,9;0,0;59,5;0,0;59,5;Pix;PAGO;Site
374;2025-03-03;134;18;5;14,9;0,0;74,5;0,0;74,5;Pix;PENDENTE;Aplicativo
375;2026-02-27;69;14;3;27,9;15,0;83,7;12,56;71,14;Pix;PENDENTE;Loja Física
376;2026-05-13;144;5;2;99,9;0,0;199,8;0,0;199,8;Cartão de Crédito;PAGO;Loja Física
377;2026-05-13;6;22;5;11,9;0,0;59,5;0,0;59,5;Cartão de Débito;PENDENTE;Loja Física
378;2025-05-24;61;29;3;14,9;0,0;44,7;0,0;44,7;Cartão de Crédito;PENDENTE;Marketplace
379;2025-11-17;85;9;4;32,0;15,0;128,0;19,2;108,8;Cartão de Crédito;PAGO;Loja Física
380;2025-09-18;151;5;1;99,9;0,0;99,9;0,0;99,9;Cartão de Crédito;CANCELADO;Loja Física
381;2026-01-07;122;22;2;11,9;10,0;23,8;2,38;21,42;Pix;PENDENTE;Marketplace
382;2026-01-07;176;23;6;12,9;0,0;77,4;0,0;77,4;Cartão de Crédito;PAGO;Loja Física
383;2025-11-01;54;30;3;29,9;15,0;89,7;13,46;76,24;Cartão de Débito;CANCELADO;Marketplace
384;2026-05-19;121;14;1;27,9;10,0;27,9;2,79;25,11;Cartão de Crédito;PAGO;Marketplace
385;2026-07-15;189;27;2;64,9;0,0;129,8;0,0;129,8;Cartão de Crédito;PAGO;Loja Física
387;2025-05-17;67;22;4;11,9;0,0;47,6;0,0;47,6;Cartão de Crédito;PAGO;Loja Física
388;2025-08-18;6;6;4;6,5;0,0;26,0;0,0;26,0;Boleto;CANCELADO;Marketplace
389;2026-03-16;154;7;3;69,9;0,0;209,7;0,0;209,7;Pix;PAGO;Site
390;2025-07-28;49;14;4;27,9;15,0;111,6;16,74;94,86;Cartão de Débito;PAGO;Site
391;2025-07-13;108;7;5;69,9;0,0;349,5;0,0;349,5;Cartão de Crédito;PAGO;Loja Física
392;2026-04-26;35;8;3;54,9;15,0;164,7;24,7;140,0;Pix;PAGO;Aplicativo
393;2025-12-07;61;24;5;13,9;0,0;69,5;0,0;69,5;Boleto;PAGO;Marketplace
395;2025-09-24;30;15;2;34,9;0,0;69,8;0,0;69,8;Pix;PAGO;Marketplace
396;2025-11-17;112;29;3;14,9;0,0;44,7;0,0;44,7;Pix;PAGO;Loja Física
397;2025-08-24;47;22;6;11,9;0,0;71,4;0,0;71,4;Cartão de Crédito;PAGO;Loja Física
398;2026-04-14;127;16;1;19,9;0,0;19,9;0,0;19,9;Cartão de Débito;CANCELADO;Loja Física
399;2026-08-23;55;27;2;64,9;5,0;129,8;6,49;123,31;Boleto;PAGO;Marketplace
400;2025-05-05;101;16;6;19,9;0,0;119,4;0,0;119,4;Cartão de Crédito;PAGO;Loja Física
401;2025-02-14;168;15;6;34,9;5,0;209,4;10,47;198,93;Boleto;NAO_INFORMADO;Aplicativo
402;2025-10-17;83;26;5;79,9;15,0;399,5;59,92;339,58;Pix;PENDENTE;Site
403;2026-02-17;73;25;4;24,9;10,0;99,6;9,96;89,64;Cartão de Débito;PENDENTE;Aplicativo
404;2025-04-09;95;30;3;29,9;5,0;89,7;4,49;85,21;Pix;PAGO;Loja Física
405;2026-03-13;24;3;4;79,9;0,0;319,6;0,0;319,6;Cartão de Crédito;PAGO;Site
406;2026-04-25;112;30;4;29,9;0,0;119,6;0,0;119,6;Boleto;PAGO;Aplicativo
407;2025-02-16;132;8;5;54,9;0,0;274,5;0,0;274,5;Cartão de Crédito;PAGO;Aplicativo
408;2026-04-19;46;12;3;38,5;15,0;115,5;17,32;98,18;Pix;NAO_INFORMADO;Loja Física
409;2025-09-29;88;10;3;24,9;15,0;74,7;11,2;63,5;Cartão de Débito;PAGO;Loja Física
410;2026-05-04;118;14;5;27,9;10,0;139,5;13,95;125,55;Cartão de Crédito;NAO_INFORMADO;Aplicativo
411;2026-02-09;78;10;5;24,9;0,0;124,5;0,0;124,5;Pix;PAGO;Aplicativo
412;2026-07-06;49;1;2;129,9;0,0;259,8;0,0;259,8;Pix;PAGO;Loja Física
413;2026-04-06;150;5;6;99,9;0,0;599,4;0,0;599,4;Pix;CANCELADO;Loja Física
414;2025-10-25;10;14;4;27,9;0,0;111,6;0,0;111,6;Pix;PAGO;Marketplace
415;2026-08-14;81;28;4;89,9;5,0;359,6;17,98;341,62;Pix;NAO_INFORMADO;Site
416;2025-01-22;42;16;5;19,9;0,0;99,5;0,0;99,5;Cartão de Crédito;PAGO;Site
417;2026-04-25;34;22;3;11,9;0,0;35,7;0,0;35,7;Cartão de Crédito;PENDENTE;Marketplace
418;2025-10-17;177;12;4;38,5;10,0;154,0;15,4;138,6;Pix;PAGO;Loja Física
419;2026-07-25;13;26;4;79,9;0,0;319,6;0,0;319,6;Pix;PAGO;Loja Física
420;2025-08-21;31;17;1;9,9;5,0;9,9;0,5;9,4;Pix;PAGO;Site
421;2025-04-17;181;9;2;32,0;0,0;64,0;0,0;64,0;Boleto;PENDENTE;Aplicativo
422;2026-07-30;11;26;5;79,9;5,0;399,5;19,98;379,52;Pix;PENDENTE;Marketplace
423;2025-04-12;40;10;6;24,9;10,0;149,4;14,94;134,46;Pix;PAGO;Site
424;2026-06-02;44;25;1;24,9;0,0;24,9;0,0;24,9;Pix;PAGO;Site
425;2026-02-28;105;25;5;24,9;0,0;124,5;0,0;124,5;Boleto;PAGO;Marketplace
426;2025-12-13;81;25;1;24,9;0,0;24,9;0,0;24,9;Boleto;PAGO;Aplicativo
427;2026-06-17;76;29;5;14,9;0,0;74,5;0,0;74,5;Cartão de Crédito;PAGO;Loja Física
429;2025-07-22;78;23;3;12,9;0,0;38,7;0,0;38,7;Pix;PAGO;Aplicativo
430;2025-06-13;6;10;2;24,9;0,0;49,8;0,0;49,8;Cartão de Débito;PAGO;Aplicativo
431;2026-06-04;91;14;5;27,9;0,0;139,5;0,0;139,5;Pix;PAGO;Site
432;2026-07-01;153;8;6;54,9;0,0;329,4;0,0;329,4;Pix;PAGO;Aplicativo
433;2026-08-20;50;23;4;12,9;15,0;51,6;7,74;43,86;Cartão de Débito;PAGO;Aplicativo
434;2026-06-23;104;14;2;27,9;5,0;55,8;2,79;53,01;Cartão de Crédito;PAGO;Site
435;2025-06-16;37;15;6;34,9;5,0;209,4;10,47;198,93;Pix;PAGO;Marketplace
436;2025-05-02;155;15;4;34,9;15,0;139,6;20,94;118,66;Cartão de Crédito;PAGO;Site
437;2026-08-27;108;12;3;38,5;0,0;115,5;0,0;115,5;Boleto;PAGO;Loja Física
438;2026-05-08;147;1;1;129,9;0,0;129,9;0,0;129,9;Cartão de Crédito;PAGO;Site
439;2026-04-06;171;20;2;22,9;0,0;45,8;0,0;45,8;Pix;PAGO;Aplicativo
440;2026-03-30;189;8;4;54,9;0,0;219,6;0,0;219,6;Cartão de Crédito;PAGO;Site
441;2025-07-17;159;23;3;12,9;5,0;38,7;1,94;36,76;Cartão de Crédito;PAGO;Aplicativo
442;2025-10-09;53;1;1;129,9;0,0;129,9;0,0;129,9;Cartão de Débito;PAGO;Loja Física
443;2025-12-15;112;11;4;45,0;0,0;180,0;0,0;180,0;Cartão de Crédito;PAGO;Loja Física
444;2025-06-07;79;18;2;14,9;0,0;29,8;0,0;29,8;Cartão de Crédito;PAGO;Aplicativo
445;2025-05-04;14;4;3;59,9;0,0;179,7;0,0;179,7;Pix;PENDENTE;Site
446;2026-05-11;8;4;3;59,9;0,0;179,7;0,0;179,7;Cartão de Crédito;PAGO;Marketplace
447;2026-04-02;22;8;5;54,9;15,0;274,5;41,18;233,32;Cartão de Crédito;PAGO;Site
448;2026-04-08;11;26;2;79,9;0,0;159,8;0,0;159,8;Cartão de Débito;PAGO;Aplicativo
449;2025-12-26;162;2;4;199,9;0,0;799,6;0,0;799,6;Cartão de Crédito;PAGO;Site
450;2025-10-14;111;13;6;35,9;0,0;215,4;0,0;215,4;Cartão de Crédito;PAGO;Aplicativo
451;2025-12-16;54;9;6;32,0;0,0;192,0;0,0;192,0;Boleto;PAGO;Loja Física
453;2026-01-02;100;22;1;11,9;0,0;11,9;0,0;11,9;Cartão de Débito;PAGO;Loja Física
455;2025-08-03;2;12;1;38,5;0,0;38,5;0,0;38,5;Boleto;PENDENTE;Site
457;2026-06-30;158;24;3;13,9;0,0;41,7;0,0;41,7;Cartão de Crédito;PAGO;Site
458;2026-06-15;120;2;3;199,9;0,0;599,7;0,0;599,7;Pix;CANCELADO;Loja Física
459;2025-03-25;147;14;5;27,9;15,0;139,5;20,92;118,58;Pix;PAGO;Site
460;2025-01-29;123;7;2;69,9;0,0;139,8;0,0;139,8;Cartão de Débito;PAGO;Loja Física
461;2025-12-08;134;4;4;59,9;15,0;239,6;35,94;203,66;Pix;PAGO;Aplicativo
462;2025-11-17;178;19;1;27,9;0,0;27,9;0,0;27,9;Cartão de Débito;PAGO;Site
463;2026-02-25;60;18;1;14,9;15,0;14,9;2,24;12,66;Cartão de Crédito;PAGO;Site
464;2025-01-27;117;20;5;22,9;5,0;114,5;5,72;108,78;Pix;PAGO;Aplicativo
465;2025-12-30;108;27;2;64,9;0,0;129,8;0,0;129,8;Cartão de Crédito;PAGO;Aplicativo
466;2026-08-21;139;19;4;27,9;15,0;111,6;16,74;94,86;Pix;PAGO;Loja Física
467;2026-07-27;14;17;5;9,9;0,0;49,5;0,0;49,5;Pix;PAGO;Loja Física
468;2025-12-06;149;22;4;11,9;5,0;47,6;2,38;45,22;Boleto;CANCELADO;Loja Física
469;2025-08-24;120;26;1;79,9;5,0;79,9;4,0;75,9;Pix;PENDENTE;Aplicativo
470;2025-01-11;19;13;2;35,9;0,0;71,8;0,0;71,8;Pix;NAO_INFORMADO;Site
471;2025-06-28;57;30;3;29,9;0,0;89,7;0,0;89,7;Cartão de Crédito;PAGO;Loja Física
472;2025-04-24;87;30;1;29,9;0,0;29,9;0,0;29,9;Pix;PAGO;Aplicativo
473;2025-05-28;34;26;5;79,9;15,0;399,5;59,92;339,58;Pix;PENDENTE;Loja Física
474;2026-07-03;76;21;2;6,9;15,0;13,8;2,07;11,73;Pix;PAGO;Loja Física
475;2025-03-08;43;19;4;27,9;5,0;111,6;5,58;106,02;Pix;PAGO;Site
476;2026-05-22;122;6;3;6,5;0,0;19,5;0,0;19,5;Cartão de Crédito;PAGO;Site
477;2026-03-12;97;29;2;14,9;5,0;29,8;1,49;28,31;Pix;PAGO;Loja Física
478;2026-06-09;160;10;4;24,9;0,0;99,6;0,0;99,6;Cartão de Crédito;PAGO;Aplicativo
479;2026-01-03;22;13;1;35,9;0,0;35,9;0,0;35,9;Cartão de Débito;PAGO;Aplicativo
480;2025-07-21;173;4;1;59,9;0,0;59,9;0,0;59,9;Pix;PAGO;Aplicativo
481;2025-09-25;3;20;2;22,9;15,0;45,8;6,87;38,93;Pix;PAGO;Site
483;2026-03-04;54;26;1;79,9;0,0;79,9;0,0;79,9;Cartão de Crédito;PAGO;Site
484;2026-02-18;196;16;6;19,9;15,0;119,4;17,91;101,49;Cartão de Crédito;PAGO;Site
485;2026-08-11;101;5;3;99,9;0,0;299,7;0,0;299,7;Pix;PAGO;Loja Física
486;2026-07-21;46;15;6;34,9;0,0;209,4;0,0;209,4;Cartão de Débito;PAGO;Loja Física
487;2025-02-28;95;10;2;24,9;5,0;49,8;2,49;47,31;Pix;PAGO;Site
488;2025-07-31;34;5;5;99,9;15,0;499,5;74,92;424,58;Pix;PAGO;Site
489;2025-07-26;2;10;5;24,9;0,0;124,5;0,0;124,5;Cartão de Crédito;PAGO;Loja Física
490;2025-10-22;166;19;4;27,9;0,0;111,6;0,0;111,6;Pix;PAGO;Site
491;2026-03-19;118;28;2;89,9;0,0;179,8;0,0;179,8;Boleto;PAGO;Site
492;2025-03-10;179;8;2;54,9;10,0;109,8;10,98;98,82;Cartão de Crédito;PAGO;Marketplace
493;2026-02-24;116;12;1;38,5;0,0;38,5;0,0;38,5;Pix;PAGO;Loja Física
494;2026-02-11;10;24;4;13,9;0,0;55,6;0,0;55,6;Pix;PAGO;Site
495;2025-10-13;42;22;2;11,9;0,0;23,8;0,0;23,8;Cartão de Débito;PAGO;Loja Física
496;2026-03-28;92;6;1;6,5;0,0;6,5;0,0;6,5;Pix;PAGO;Aplicativo
497;2026-02-04;177;26;5;79,9;0,0;399,5;0,0;399,5;Cartão de Crédito;PAGO;Aplicativo
498;2025-01-15;87;12;2;38,5;15,0;77,0;11,55;65,45;Pix;NAO_INFORMADO;Loja Física
499;2025-04-21;84;26;6;79,9;0,0;479,4;0,0;479,4;Cartão de Crédito;PAGO;Site
500;2026-02-16;168;4;2;59,9;0,0;119,8;0,0;119,8;Pix;PAGO;Aplicativo
501;2026-05-27;27;20;3;22,9;10,0;68,7;6,87;61,83;Cartão de Crédito;PENDENTE;Loja Física
502;2025-05-17;86;20;3;22,9;0,0;68,7;0,0;68,7;Cartão de Crédito;PAGO;Marketplace
503;2025-08-27;129;11;1;45,0;5,0;45,0;2,25;42,75;Cartão de Crédito;PAGO;Marketplace
504;2026-01-19;128;24;4;13,9;0,0;55,6;0,0;55,6;Pix;PAGO;Loja Física
505;2025-02-10;134;15;6;34,9;15,0;209,4;31,41;177,99;Boleto;PAGO;Loja Física
506;2025-09-12;176;11;3;45,0;10,0;135,0;13,5;121,5;Cartão de Crédito;PAGO;Loja Física
507;2025-05-25;53;1;1;129,9;0,0;129,9;0,0;129,9;Pix;PAGO;Marketplace
508;2025-09-08;109;3;4;79,9;0,0;319,6;0,0;319,6;Cartão de Crédito;PAGO;Marketplace
509;2025-06-21;121;28;4;89,9;0,0;359,6;0,0;359,6;Cartão de Crédito;CANCELADO;Loja Física
510;2025-11-04;153;16;1;19,9;5,0;19,9;1,0;18,9;Pix;PAGO;Site
511;2026-04-26;51;13;5;35,9;0,0;179,5;0,0;179,5;Boleto;PAGO;Site
512;2026-08-26;19;14;4;27,9;0,0;111,6;0,0;111,6;Cartão de Débito;PAGO;Loja Física
513;2026-01-13;179;9;6;32,0;0,0;192,0;0,0;192,0;Cartão de Crédito;PAGO;Loja Física
514;2025-09-25;155;21;6;6,9;0,0;41,4;0,0;41,4;Boleto;PAGO;Marketplace
515;2026-02-12;181;1;1;129,9;5,0;129,9;6,5;123,4;Boleto;PAGO;Loja Física
516;2026-08-24;79;23;3;12,9;10,0;38,7;3,87;34,83;Cartão de Crédito;PAGO;Loja Física
517;2026-02-12;179;25;3;24,9;0,0;74,7;0,0;74,7;Pix;PAGO;Loja Física
518;2025-06-30;96;14;5;27,9;0,0;139,5;0,0;139,5;Cartão de Crédito;PAGO;Marketplace
519;2025-07-16;67;27;2;64,9;15,0;129,8;19,47;110,33;Cartão de Crédito;PAGO;Marketplace
520;2026-08-23;61;10;1;24,9;0,0;24,9;0,0;24,9;Cartão de Crédito;PAGO;Aplicativo
521;2026-06-17;195;26;1;79,9;0,0;79,9;0,0;79,9;Boleto;NAO_INFORMADO;Loja Física
522;2026-01-05;171;12;6;38,5;0,0;231,0;0,0;231,0;Pix;CANCELADO;Aplicativo
523;2025-09-12;95;24;2;13,9;0,0;27,8;0,0;27,8;Cartão de Crédito;PAGO;Site
524;2025-11-30;174;21;3;6,9;0,0;20,7;0,0;20,7;Pix;PAGO;Aplicativo
525;2026-01-30;76;30;4;29,9;5,0;119,6;5,98;113,62;Pix;PENDENTE;Aplicativo
526;2026-07-16;120;2;2;199,9;0,0;399,8;0,0;399,8;Cartão de Débito;PAGO;Site
527;2025-01-30;42;6;6;6,5;0,0;39,0;0,0;39,0;Boleto;PAGO;Loja Física
528;2026-05-19;24;29;6;14,9;15,0;89,4;13,41;75,99;Cartão de Crédito;PAGO;Aplicativo
529;2026-01-26;168;21;3;6,9;10,0;20,7;2,07;18,63;Cartão de Débito;PAGO;Loja Física
530;2025-07-12;191;10;1;24,9;0,0;24,9;0,0;24,9;Cartão de Crédito;PAGO;Site
531;2026-01-09;174;19;5;27,9;15,0;139,5;20,92;118,58;Pix;PAGO;Loja Física
532;2026-04-12;38;11;2;45,0;5,0;90,0;4,5;85,5;Pix;PAGO;Aplicativo
533;2026-08-11;123;10;5;24,9;10,0;124,5;12,45;112,05;Cartão de Débito;PAGO;Site
534;2025-08-19;180;11;2;45,0;10,0;90,0;9,0;81,0;Pix;PAGO;Site
535;2026-02-06;87;27;6;64,9;0,0;389,4;0,0;389,4;Cartão de Crédito;NAO_INFORMADO;Aplicativo
536;2026-07-16;101;17;6;9,9;0,0;59,4;0,0;59,4;Pix;PAGO;Aplicativo
537;2026-05-10;75;23;3;12,9;0,0;38,7;0,0;38,7;Pix;PAGO;Aplicativo
538;2026-01-21;110;28;5;89,9;10,0;449,5;44,95;404,55;Cartão de Débito;PAGO;Loja Física
539;2026-02-18;63;21;3;6,9;0,0;20,7;0,0;20,7;Pix;CANCELADO;Site
540;2025-04-02;200;24;4;13,9;0,0;55,6;0,0;55,6;Cartão de Débito;CANCELADO;Aplicativo
541;2026-06-06;58;4;1;59,9;0,0;59,9;0,0;59,9;Cartão de Crédito;PAGO;Aplicativo
542;2026-08-09;33;6;4;6,5;0,0;26,0;0,0;26,0;Pix;PAGO;Site
543;2026-06-27;126;23;1;12,9;0,0;12,9;0,0;12,9;Cartão de Crédito;PAGO;Aplicativo
544;2026-07-23;115;22;1;11,9;15,0;11,9;1,78;10,12;Pix;PAGO;Loja Física
545;2026-07-12;44;28;1;89,9;0,0;89,9;0,0;89,9;Boleto;PAGO;Loja Física
546;2025-11-17;134;29;3;14,9;0,0;44,7;0,0;44,7;Cartão de Crédito;PAGO;Aplicativo
547;2026-07-20;56;7;2;69,9;5,0;139,8;6,99;132,81;Pix;PAGO;Site
548;2026-03-12;178;21;2;6,9;0,0;13,8;0,0;13,8;Cartão de Crédito;PAGO;Aplicativo
549;2026-03-06;40;12;5;38,5;0,0;192,5;0,0;192,5;Boleto;PAGO;Loja Física
550;2025-04-02;93;18;1;14,9;0,0;14,9;0,0;14,9;Cartão de Débito;PAGO;Loja Física
551;2026-06-24;187;8;4;54,9;0,0;219,6;0,0;219,6;Cartão de Crédito;PAGO;Aplicativo
552;2026-02-03;47;18;3;14,9;0,0;44,7;0,0;44,7;Cartão de Débito;PENDENTE;Site
553;2025-06-09;169;13;4;35,9;0,0;143,6;0,0;143,6;Pix;PAGO;Marketplace
554;2026-04-14;47;12;6;38,5;0,0;231,0;0,0;231,0;Boleto;PAGO;Loja Física
555;2026-02-21;198;23;2;12,9;0,0;25,8;0,0;25,8;Cartão de Débito;PENDENTE;Marketplace
556;2025-01-11;109;2;1;199,9;10,0;199,9;19,99;179,91;Cartão de Crédito;PAGO;Site
557;2025-01-08;183;29;5;14,9;0,0;74,5;0,0;74,5;Cartão de Crédito;PAGO;Aplicativo
558;2025-06-22;173;27;5;64,9;15,0;324,5;48,68;275,82;Cartão de Crédito;PAGO;Site
559;2025-09-13;139;14;4;27,9;15,0;111,6;16,74;94,86;Cartão de Débito;PAGO;Loja Física
560;2026-06-12;10;13;2;35,9;0,0;71,8;0,0;71,8;Cartão de Débito;PENDENTE;Site
562;2026-01-19;77;1;2;129,9;0,0;259,8;0,0;259,8;Cartão de Crédito;PAGO;Loja Física
563;2026-01-03;182;27;4;64,9;0,0;259,6;0,0;259,6;Pix;PAGO;Aplicativo
564;2025-09-30;31;6;6;6,5;0,0;39,0;0,0;39,0;Cartão de Crédito;PAGO;Loja Física
565;2026-02-03;34;25;4;24,9;0,0;99,6;0,0;99,6;Boleto;PENDENTE;Site
566;2025-01-09;112;8;1;54,9;0,0;54,9;0,0;54,9;Pix;PAGO;Loja Física
567;2025-09-11;171;17;2;9,9;15,0;19,8;2,97;16,83;Cartão de Crédito;PAGO;Loja Física
568;2025-06-02;59;20;2;22,9;0,0;45,8;0,0;45,8;Pix;PENDENTE;Site
569;2025-08-25;57;3;1;79,9;0,0;79,9;0,0;79,9;Cartão de Crédito;PAGO;Loja Física
570;2025-07-06;11;9;3;32,0;0,0;96,0;0,0;96,0;Pix;PAGO;Site
571;2025-11-08;29;4;4;59,9;0,0;239,6;0,0;239,6;Cartão de Crédito;CANCELADO;Loja Física
572;2025-09-01;167;26;3;79,9;0,0;239,7;0,0;239,7;Pix;PAGO;Loja Física
573;2025-07-15;50;4;1;59,9;10,0;59,9;5,99;53,91;Cartão de Crédito;PENDENTE;Loja Física
574;2026-03-05;141;25;2;24,9;10,0;49,8;4,98;44,82;Pix;PAGO;Marketplace
575;2025-03-11;124;29;3;14,9;0,0;44,7;0,0;44,7;Cartão de Crédito;PAGO;Loja Física
576;2025-07-14;190;5;3;99,9;15,0;299,7;44,96;254,74;Pix;PAGO;Marketplace
577;2025-10-06;53;25;5;24,9;0,0;124,5;0,0;124,5;Pix;PAGO;Loja Física
578;2025-08-14;76;17;4;9,9;10,0;39,6;3,96;35,64;Pix;PAGO;Loja Física
579;2025-09-12;54;29;3;14,9;5,0;44,7;2,24;42,46;Pix;PAGO;Marketplace
580;2025-10-29;84;23;5;12,9;0,0;64,5;0,0;64,5;Cartão de Crédito;PAGO;Marketplace
581;2026-08-21;28;1;5;129,9;10,0;649,5;64,95;584,55;Cartão de Crédito;PENDENTE;Marketplace
582;2026-08-19;162;18;2;14,9;15,0;29,8;4,47;25,33;Cartão de Débito;PAGO;Aplicativo
583;2025-06-30;49;5;4;99,9;5,0;399,6;19,98;379,62;Cartão de Crédito;PAGO;Loja Física
584;2026-03-13;63;6;4;6,5;0,0;26,0;0,0;26,0;Boleto;PAGO;Loja Física
585;2025-01-14;196;1;5;129,9;15,0;649,5;97,42;552,08;Cartão de Crédito;PAGO;Loja Física
586;2026-07-10;189;20;1;22,9;15,0;22,9;3,44;19,46;Pix;PAGO;Site
587;2026-07-11;178;15;2;34,9;0,0;69,8;0,0;69,8;Cartão de Crédito;PAGO;Loja Física
589;2025-10-16;92;29;1;14,9;0,0;14,9;0,0;14,9;Cartão de Crédito;CANCELADO;Site
590;2025-11-05;160;17;3;9,9;15,0;29,7;4,46;25,24;Pix;PAGO;Site
591;2025-06-02;200;9;6;32,0;10,0;192,0;19,2;172,8;Pix;PAGO;Aplicativo
592;2025-04-03;83;3;1;79,9;0,0;79,9;0,0;79,9;Pix;CANCELADO;Site
593;2025-09-09;99;14;5;27,9;0,0;139,5;0,0;139,5;Cartão de Crédito;PAGO;Site
594;2025-08-13;180;3;5;79,9;0,0;399,5;0,0;399,5;Pix;PAGO;Site
595;2025-05-23;76;2;3;199,9;0,0;599,7;0,0;599,7;Pix;PAGO;Marketplace
596;2025-05-27;97;27;2;64,9;10,0;129,8;12,98;116,82;Pix;PAGO;Aplicativo
597;2026-01-10;37;3;4;79,9;0,0;319,6;0,0;319,6;Pix;PENDENTE;Site
598;2025-01-14;74;23;3;12,9;0,0;38,7;0,0;38,7;Pix;PAGO;Site
599;2026-05-29;79;22;4;11,9;10,0;47,6;4,76;42,84;Pix;PAGO;Loja Física
600;2025-07-08;191;5;6;99,9;5,0;599,4;29,97;569,43;Cartão de Crédito;PAGO;Aplicativo
601;2025-10-04;28;13;2;35,9;0,0;71,8;0,0;71,8;Pix;PAGO;Loja Física
602;2025-11-13;49;18;1;14,9;5,0;14,9;0,74;14,16;Pix;PAGO;Loja Física
603;2025-04-06;80;2;5;199,9;0,0;999,5;0,0;999,5;Boleto;PAGO;Site
604;2025-12-06;105;13;6;35,9;10,0;215,4;21,54;193,86;Cartão de Crédito;PAGO;Loja Física
605;2026-04-20;21;16;5;19,9;10,0;99,5;9,95;89,55;Pix;PAGO;Aplicativo
606;2026-06-20;197;25;6;24,9;0,0;149,4;0,0;149,4;Cartão de Crédito;CANCELADO;Marketplace
607;2025-03-18;40;29;6;14,9;5,0;89,4;4,47;84,93;Cartão de Crédito;PAGO;Loja Física
608;2025-10-30;42;18;1;14,9;0,0;14,9;0,0;14,9;Pix;PAGO;Aplicativo
609;2025-05-07;146;16;3;19,9;0,0;59,7;0,0;59,7;Pix;PAGO;Marketplace
610;2026-01-18;22;5;4;99,9;10,0;399,6;39,96;359,64;Cartão de Crédito;PAGO;Marketplace
611;2025-04-18;75;24;2;13,9;0,0;27,8;0,0;27,8;Pix;PAGO;Marketplace
612;2025-04-22;22;12;4;38,5;0,0;154,0;0,0;154,0;Cartão de Crédito;PAGO;Aplicativo
613;2026-05-03;30;11;1;45,0;0,0;45,0;0,0;45,0;Cartão de Crédito;CANCELADO;Loja Física
614;2026-01-06;111;19;1;27,9;0,0;27,9;0,0;27,9;Pix;PAGO;Loja Física
615;2026-04-08;108;3;2;79,9;5,0;159,8;7,99;151,81;Pix;PAGO;Loja Física
616;2026-03-06;124;14;3;27,9;0,0;83,7;0,0;83,7;Cartão de Crédito;PAGO;Site
617;2025-07-23;20;19;4;27,9;10,0;111,6;11,16;100,44;Cartão de Crédito;PAGO;Marketplace
618;2025-06-01;128;24;6;13,9;15,0;83,4;12,51;70,89;Pix;PAGO;Loja Física
619;2025-02-07;56;15;2;34,9;10,0;69,8;6,98;62,82;Boleto;PAGO;Loja Física
620;2025-01-15;95;12;2;38,5;15,0;77,0;11,55;65,45;Pix;CANCELADO;Aplicativo
621;2026-03-13;134;21;4;6,9;15,0;27,6;4,14;23,46;Pix;PAGO;Site
622;2026-03-24;163;6;5;6,5;0,0;32,5;0,0;32,5;Cartão de Crédito;PAGO;Loja Física
623;2026-07-12;26;3;6;79,9;10,0;479,4;47,94;431,46;Cartão de Crédito;CANCELADO;Marketplace
624;2025-05-08;90;25;4;24,9;15,0;99,6;14,94;84,66;Boleto;PAGO;Aplicativo
625;2025-09-28;79;1;3;129,9;15,0;389,7;58,46;331,24;Boleto;PAGO;Loja Física
626;2026-06-16;190;2;1;199,9;5,0;199,9;9,99;189,91;Pix;PAGO;Site
627;2026-08-15;110;13;2;35,9;0,0;71,8;0,0;71,8;Boleto;PAGO;Site
628;2025-05-02;162;6;4;6,5;5,0;26,0;1,3;24,7;Cartão de Débito;PAGO;Loja Física
629;2026-08-31;40;11;2;45,0;0,0;90,0;0,0;90,0;Cartão de Crédito;NAO_INFORMADO;Marketplace
630;2026-01-02;48;1;6;129,9;0,0;779,4;0,0;779,4;Cartão de Crédito;CANCELADO;Aplicativo
631;2025-05-28;161;26;4;79,9;0,0;319,6;0,0;319,6;Cartão de Crédito;PAGO;Marketplace
632;2026-01-06;54;10;3;24,9;0,0;74,7;0,0;74,7;Pix;PAGO;Site
633;2026-04-07;42;7;6;69,9;0,0;419,4;0,0;419,4;Pix;PENDENTE;Site
634;2026-07-14;2;4;3;59,9;0,0;179,7;0,0;179,7;Cartão de Crédito;PAGO;Loja Física
635;2025-01-31;84;25;2;24,9;0,0;49,8;0,0;49,8;Pix;PAGO;Loja Física
636;2026-05-23;112;3;3;79,9;5,0;239,7;11,98;227,72;Boleto;PAGO;Loja Física
637;2026-08-25;80;23;3;12,9;0,0;38,7;0,0;38,7;Cartão de Débito;PAGO;Marketplace
638;2026-03-16;52;24;3;13,9;5,0;41,7;2,08;39,62;Pix;PAGO;Site
639;2026-06-28;91;17;3;9,9;0,0;29,7;0,0;29,7;Pix;PAGO;Aplicativo
640;2025-05-06;3;3;2;79,9;0,0;159,8;0,0;159,8;Cartão de Crédito;PAGO;Site
641;2025-08-11;27;8;5;54,9;5,0;274,5;13,72;260,78;Pix;PAGO;Marketplace
642;2026-05-21;128;22;4;11,9;0,0;47,6;0,0;47,6;Boleto;PAGO;Site
643;2026-08-13;2;8;5;54,9;0,0;274,5;0,0;274,5;Pix;PAGO;Marketplace
644;2026-03-02;186;2;3;199,9;0,0;599,7;0,0;599,7;Pix;PAGO;Site
645;2025-05-05;96;20;1;22,9;5,0;22,9;1,14;21,76;Pix;PAGO;Loja Física
646;2026-01-13;138;28;6;89,9;0,0;539,4;0,0;539,4;Boleto;PAGO;Aplicativo
647;2025-10-04;179;3;3;79,9;0,0;239,7;0,0;239,7;Boleto;PAGO;Marketplace
648;2025-09-04;148;29;4;14,9;0,0;59,6;0,0;59,6;Cartão de Crédito;PAGO;Aplicativo
649;2025-09-06;169;9;3;32,0;10,0;96,0;9,6;86,4;Cartão de Crédito;PAGO;Loja Física
650;2026-08-28;195;15;4;34,9;5,0;139,6;6,98;132,62;Cartão de Crédito;PAGO;Aplicativo
651;2026-01-30;116;28;5;89,9;15,0;449,5;67,42;382,08;Cartão de Crédito;PAGO;Loja Física
652;2026-04-18;28;22;3;11,9;10,0;35,7;3,57;32,13;Pix;PAGO;Loja Física
653;2026-03-18;55;15;3;34,9;0,0;104,7;0,0;104,7;Pix;PENDENTE;Site
654;2025-07-13;104;2;6;199,9;0,0;1199,4;0,0;1199,4;Cartão de Crédito;PENDENTE;Site
655;2025-02-06;148;21;2;6,9;0,0;13,8;0,0;13,8;Pix;PAGO;Marketplace
656;2025-10-02;127;13;4;35,9;0,0;143,6;0,0;143,6;Pix;PAGO;Aplicativo
657;2025-11-09;177;1;1;129,9;0,0;129,9;0,0;129,9;Pix;PENDENTE;Loja Física
658;2025-09-28;20;1;6;129,9;0,0;779,4;0,0;779,4;Cartão de Crédito;PAGO;Marketplace
659;2025-10-25;59;16;2;19,9;5,0;39,8;1,99;37,81;Cartão de Crédito;NAO_INFORMADO;Aplicativo
660;2026-05-14;65;15;4;34,9;0,0;139,6;0,0;139,6;Cartão de Crédito;CANCELADO;Loja Física
661;2025-01-22;38;22;5;11,9;0,0;59,5;0,0;59,5;Cartão de Débito;PAGO;Loja Física
662;2026-01-22;164;23;4;12,9;0,0;51,6;0,0;51,6;Boleto;PAGO;Marketplace
663;2025-12-06;101;29;5;14,9;5,0;74,5;3,72;70,78;Cartão de Crédito;PENDENTE;Loja Física
664;2025-12-22;74;11;5;45,0;0,0;225,0;0,0;225,0;Boleto;PAGO;Site
665;2025-03-08;76;10;5;24,9;0,0;124,5;0,0;124,5;Cartão de Crédito;PAGO;Loja Física
666;2025-05-22;90;1;4;129,9;0,0;519,6;0,0;519,6;Cartão de Débito;PAGO;Site
667;2025-03-24;75;23;3;12,9;0,0;38,7;0,0;38,7;Pix;PAGO;Aplicativo
668;2025-06-27;145;13;1;35,9;0,0;35,9;0,0;35,9;Cartão de Crédito;PENDENTE;Aplicativo
669;2026-08-04;161;5;4;99,9;0,0;399,6;0,0;399,6;Cartão de Crédito;PAGO;Site
670;2025-12-29;110;23;3;12,9;0,0;38,7;0,0;38,7;Cartão de Crédito;PAGO;Loja Física
671;2026-06-09;96;3;2;79,9;0,0;159,8;0,0;159,8;Cartão de Crédito;PAGO;Loja Física
672;2026-06-15;118;5;4;99,9;15,0;399,6;59,94;339,66;Pix;PAGO;Loja Física
673;2026-06-08;190;16;6;19,9;10,0;119,4;11,94;107,46;Pix;PAGO;Loja Física
674;2025-01-07;125;21;2;6,9;5,0;13,8;0,69;13,11;Cartão de Crédito;PAGO;Marketplace
675;2026-02-05;15;8;2;54,9;0,0;109,8;0,0;109,8;Pix;PAGO;Loja Física
676;2026-03-19;38;9;5;32,0;10,0;160,0;16,0;144,0;Pix;PENDENTE;Aplicativo
677;2026-05-20;95;16;4;19,9;10,0;79,6;7,96;71,64;Pix;PAGO;Site
678;2026-08-18;78;5;1;99,9;0,0;99,9;0,0;99,9;Cartão de Crédito;PAGO;Loja Física
679;2025-06-12;92;5;4;99,9;5,0;399,6;19,98;379,62;Cartão de Débito;NAO_INFORMADO;Loja Física
680;2026-07-31;87;13;5;35,9;0,0;179,5;0,0;179,5;Cartão de Crédito;PAGO;Aplicativo
681;2026-04-29;156;13;1;35,9;10,0;35,9;3,59;32,31;Pix;PAGO;Aplicativo
682;2026-02-18;18;23;3;12,9;0,0;38,7;0,0;38,7;Pix;PAGO;Aplicativo
683;2025-08-31;27;22;4;11,9;0,0;47,6;0,0;47,6;Cartão de Crédito;PAGO;Marketplace
684;2025-01-31;45;4;1;59,9;0,0;59,9;0,0;59,9;Pix;PAGO;Site
685;2026-03-21;136;16;4;19,9;15,0;79,6;11,94;67,66;Cartão de Débito;PAGO;Aplicativo
686;2026-07-14;19;26;2;79,9;0,0;159,8;0,0;159,8;Pix;PAGO;Site
687;2026-07-27;36;27;2;64,9;15,0;129,8;19,47;110,33;Pix;PAGO;Loja Física
688;2025-12-05;6;10;1;24,9;0,0;24,9;0,0;24,9;Cartão de Débito;PAGO;Site
689;2026-06-15;157;28;2;89,9;5,0;179,8;8,99;170,81;Pix;PAGO;Marketplace
690;2025-07-25;86;30;3;29,9;15,0;89,7;13,46;76,24;Pix;PAGO;Loja Física
691;2025-02-06;89;30;1;29,9;0,0;29,9;0,0;29,9;Boleto;PAGO;Loja Física
692;2025-08-19;167;5;3;99,9;0,0;299,7;0,0;299,7;Cartão de Crédito;PAGO;Marketplace
693;2025-01-19;142;1;2;129,9;0,0;259,8;0,0;259,8;Pix;PENDENTE;Site
694;2026-01-12;91;5;1;99,9;0,0;99,9;0,0;99,9;Pix;PENDENTE;Loja Física
695;2025-09-13;15;24;5;13,9;0,0;69,5;0,0;69,5;Pix;NAO_INFORMADO;Loja Física
696;2026-02-12;123;20;6;22,9;10,0;137,4;13,74;123,66;Pix;CANCELADO;Loja Física
697;2025-11-06;94;27;3;64,9;15,0;194,7;29,2;165,5;Cartão de Crédito;PENDENTE;Marketplace
698;2026-05-13;72;18;5;14,9;0,0;74,5;0,0;74,5;Pix;PAGO;Aplicativo
699;2026-03-27;167;12;6;38,5;15,0;231,0;34,65;196,35;Cartão de Crédito;PAGO;Loja Física
700;2025-01-20;98;10;1;24,9;0,0;24,9;0,0;24,9;Cartão de Crédito;PENDENTE;Aplicativo
701;2025-12-11;68;22;3;11,9;15,0;35,7;5,36;30,34;Cartão de Débito;PAGO;Site
702;2025-10-22;137;24;6;13,9;0,0;83,4;0,0;83,4;Cartão de Crédito;PAGO;Loja Física
703;2025-10-15;175;15;6;34,9;0,0;209,4;0,0;209,4;Pix;PAGO;Loja Física
704;2025-01-13;32;20;3;22,9;0,0;68,7;0,0;68,7;Cartão de Crédito;PAGO;Loja Física
705;2026-07-24;56;15;1;34,9;0,0;34,9;0,0;34,9;Pix;CANCELADO;Site
706;2026-05-22;33;3;4;79,9;0,0;319,6;0,0;319,6;Cartão de Crédito;PAGO;Loja Física
707;2026-07-21;184;6;6;6,5;0,0;39,0;0,0;39,0;Pix;PAGO;Loja Física
708;2025-04-22;20;28;3;89,9;5,0;269,7;13,48;256,22;Cartão de Crédito;PAGO;Loja Física
709;2025-05-27;7;27;6;64,9;0,0;389,4;0,0;389,4;Cartão de Crédito;PAGO;Marketplace
710;2025-06-03;152;10;5;24,9;0,0;124,5;0,0;124,5;Pix;PAGO;Aplicativo
711;2026-08-20;9;26;5;79,9;10,0;399,5;39,95;359,55;Cartão de Crédito;CANCELADO;Loja Física
712;2026-07-06;188;19;5;27,9;0,0;139,5;0,0;139,5;Cartão de Débito;PAGO;Aplicativo
713;2025-12-03;63;11;3;45,0;15,0;135,0;20,25;114,75;Cartão de Débito;PAGO;Aplicativo
714;2026-07-28;130;15;6;34,9;0,0;209,4;0,0;209,4;Boleto;PAGO;Site
715;2026-08-22;171;19;2;27,9;0,0;55,8;0,0;55,8;Cartão de Crédito;PAGO;Loja Física
716;2025-07-04;117;17;2;9,9;0,0;19,8;0,0;19,8;Pix;PAGO;Aplicativo
717;2025-06-20;19;4;2;59,9;0,0;119,8;0,0;119,8;Cartão de Crédito;NAO_INFORMADO;Site
718;2025-12-11;87;5;4;99,9;5,0;399,6;19,98;379,62;Cartão de Crédito;PAGO;Marketplace
719;2025-05-18;188;21;4;6,9;0,0;27,6;0,0;27,6;Cartão de Crédito;PAGO;Site
720;2025-11-25;113;1;5;129,9;0,0;649,5;0,0;649,5;Cartão de Crédito;PAGO;Loja Física
721;2026-03-13;74;11;1;45,0;0,0;45,0;0,0;45,0;Pix;PENDENTE;Loja Física
722;2025-11-18;26;29;6;14,9;0,0;89,4;0,0;89,4;Pix;PAGO;Loja Física
723;2025-10-13;37;30;3;29,9;0,0;89,7;0,0;89,7;Pix;PAGO;Loja Física
724;2025-01-27;95;29;5;14,9;0,0;74,5;0,0;74,5;Pix;PAGO;Site
725;2026-03-19;127;10;1;24,9;0,0;24,9;0,0;24,9;Pix;PENDENTE;Loja Física
726;2026-06-04;86;3;6;79,9;0,0;479,4;0,0;479,4;Cartão de Crédito;PAGO;Loja Física
727;2025-11-22;49;29;1;14,9;15,0;14,9;2,24;12,66;Cartão de Crédito;CANCELADO;Marketplace
728;2025-07-20;68;8;2;54,9;0,0;109,8;0,0;109,8;Pix;PENDENTE;Loja Física
729;2025-01-04;112;29;1;14,9;0,0;14,9;0,0;14,9;Cartão de Crédito;PENDENTE;Loja Física
730;2026-06-28;169;20;4;22,9;0,0;91,6;0,0;91,6;Cartão de Débito;PAGO;Aplicativo
731;2025-08-13;29;21;4;6,9;15,0;27,6;4,14;23,46;Cartão de Débito;PAGO;Loja Física
732;2026-02-12;181;6;4;6,5;0,0;26,0;0,0;26,0;Cartão de Débito;PAGO;Site
733;2026-02-23;16;8;1;54,9;5,0;54,9;2,74;52,16;Cartão de Débito;PAGO;Site
734;2025-12-14;163;13;3;35,9;15,0;107,7;16,16;91,54;Pix;PAGO;Marketplace
735;2025-05-13;155;25;6;24,9;5,0;149,4;7,47;141,93;Pix;CANCELADO;Loja Física
736;2026-06-16;54;30;3;29,9;0,0;89,7;0,0;89,7;Cartão de Crédito;PAGO;Site
737;2025-09-12;4;10;2;24,9;0,0;49,8;0,0;49,8;Cartão de Débito;PAGO;Site
738;2025-09-11;9;2;2;199,9;0,0;399,8;0,0;399,8;Cartão de Crédito;PAGO;Site
739;2026-03-02;6;29;3;14,9;0,0;44,7;0,0;44,7;Cartão de Crédito;PAGO;Loja Física
740;2026-03-12;132;13;2;35,9;10,0;71,8;7,18;64,62;Pix;PENDENTE;Loja Física
741;2026-07-29;72;16;4;19,9;0,0;79,6;0,0;79,6;Pix;PAGO;Site
742;2026-04-09;58;24;4;13,9;5,0;55,6;2,78;52,82;Boleto;PAGO;Site
743;2025-04-08;144;21;3;6,9;0,0;20,7;0,0;20,7;Pix;PAGO;Loja Física
744;2025-03-02;197;27;4;64,9;0,0;259,6;0,0;259,6;Pix;PAGO;Loja Física
745;2026-07-30;126;19;5;27,9;5,0;139,5;6,98;132,52;Cartão de Crédito;PAGO;Site
746;2025-03-21;97;18;6;14,9;0,0;89,4;0,0;89,4;Cartão de Débito;PAGO;Loja Física
747;2026-06-22;125;4;1;59,9;0,0;59,9;0,0;59,9;Cartão de Crédito;PAGO;Loja Física
748;2026-01-16;145;10;6;24,9;10,0;149,4;14,94;134,46;Pix;PAGO;Aplicativo
749;2025-12-05;192;12;5;38,5;10,0;192,5;19,25;173,25;Boleto;PAGO;Aplicativo
750;2025-01-06;80;11;4;45,0;10,0;180,0;18,0;162,0;Pix;PAGO;Loja Física
751;2025-12-20;161;20;2;22,9;0,0;45,8;0,0;45,8;Boleto;PAGO;Marketplace
752;2026-07-09;165;10;3;24,9;10,0;74,7;7,47;67,23;Pix;PAGO;Loja Física
753;2025-12-05;148;4;2;59,9;15,0;119,8;17,97;101,83;Cartão de Débito;PAGO;Aplicativo
754;2025-08-10;24;30;4;29,9;15,0;119,6;17,94;101,66;Cartão de Crédito;PAGO;Loja Física
755;2025-12-01;78;2;2;199,9;5,0;399,8;19,99;379,81;Cartão de Débito;PAGO;Aplicativo
756;2025-08-08;43;12;3;38,5;10,0;115,5;11,55;103,95;Cartão de Débito;PAGO;Site
757;2025-12-23;46;26;3;79,9;0,0;239,7;0,0;239,7;Cartão de Débito;PAGO;Loja Física
758;2026-01-19;46;20;5;22,9;10,0;114,5;11,45;103,05;Boleto;PENDENTE;Loja Física
759;2025-01-14;156;11;1;45,0;0,0;45,0;0,0;45,0;Pix;PENDENTE;Loja Física
760;2026-04-28;156;9;3;32,0;10,0;96,0;9,6;86,4;Cartão de Crédito;CANCELADO;Site
761;2025-07-01;34;4;1;59,9;0,0;59,9;0,0;59,9;Cartão de Crédito;PAGO;Loja Física
762;2025-11-21;182;9;2;32,0;0,0;64,0;0,0;64,0;Boleto;PAGO;Site
763;2026-05-29;38;13;4;35,9;10,0;143,6;14,36;129,24;Pix;PAGO;Loja Física
764;2025-10-08;144;6;6;6,5;0,0;39,0;0,0;39,0;Pix;NAO_INFORMADO;Aplicativo
765;2025-11-22;152;3;1;79,9;10,0;79,9;7,99;71,91;Boleto;PAGO;Loja Física
766;2025-07-15;192;3;6;79,9;15,0;479,4;71,91;407,49;Cartão de Crédito;PAGO;Loja Física
767;2025-07-24;46;19;3;27,9;0,0;83,7;0,0;83,7;Pix;PAGO;Site
768;2025-02-07;150;21;5;6,9;0,0;34,5;0,0;34,5;Pix;PAGO;Site
769;2025-10-03;24;22;3;11,9;5,0;35,7;1,78;33,92;Cartão de Débito;PAGO;Loja Física
770;2026-08-26;9;16;2;19,9;0,0;39,8;0,0;39,8;Cartão de Crédito;PAGO;Loja Física
771;2025-11-10;42;11;3;45,0;0,0;135,0;0,0;135,0;Cartão de Crédito;PAGO;Site
772;2026-01-18;154;23;4;12,9;0,0;51,6;0,0;51,6;Cartão de Crédito;PAGO;Aplicativo
773;2026-02-15;152;17;1;9,9;0,0;9,9;0,0;9,9;Pix;PAGO;Site
774;2025-12-08;14;17;2;9,9;0,0;19,8;0,0;19,8;Pix;PAGO;Site
775;2025-03-24;48;1;6;129,9;0,0;779,4;0,0;779,4;Cartão de Débito;PENDENTE;Loja Física
777;2025-12-01;73;4;4;59,9;15,0;239,6;35,94;203,66;Cartão de Crédito;PAGO;Site
778;2025-07-02;197;22;6;11,9;0,0;71,4;0,0;71,4;Pix;PAGO;Site
779;2025-08-05;78;30;1;29,9;0,0;29,9;0,0;29,9;Pix;PAGO;Loja Física
780;2025-06-17;102;22;4;11,9;10,0;47,6;4,76;42,84;Cartão de Crédito;CANCELADO;Aplicativo
781;2026-04-11;3;13;1;35,9;0,0;35,9;0,0;35,9;Cartão de Crédito;PAGO;Loja Física
782;2026-05-30;96;24;6;13,9;15,0;83,4;12,51;70,89;Cartão de Crédito;PAGO;Site
783;2025-01-08;87;14;5;27,9;10,0;139,5;13,95;125,55;Cartão de Crédito;PENDENTE;Aplicativo
784;2026-01-11;13;2;4;199,9;5,0;799,6;39,98;759,62;Cartão de Crédito;PAGO;Loja Física
785;2025-11-29;77;18;3;14,9;10,0;44,7;4,47;40,23;Pix;NAO_INFORMADO;Site
786;2026-05-21;111;6;1;6,5;0,0;6,5;0,0;6,5;Pix;PAGO;Marketplace
787;2025-12-01;96;30;6;29,9;0,0;179,4;0,0;179,4;Pix;PAGO;Marketplace
788;2026-02-15;6;24;1;13,9;0,0;13,9;0,0;13,9;Boleto;PAGO;Marketplace
789;2026-06-11;139;14;1;27,9;15,0;27,9;4,18;23,72;Cartão de Débito;PAGO;Site
790;2025-02-16;155;14;3;27,9;0,0;83,7;0,0;83,7;Boleto;PAGO;Site
791;2025-11-22;25;22;2;11,9;0,0;23,8;0,0;23,8;Pix;PAGO;Site
792;2026-02-03;122;20;4;22,9;5,0;91,6;4,58;87,02;Pix;PAGO;Site
793;2025-09-19;104;24;4;13,9;0,0;55,6;0,0;55,6;Cartão de Crédito;PAGO;Site
794;2025-11-19;116;7;6;69,9;10,0;419,4;41,94;377,46;Cartão de Crédito;PAGO;Site
795;2025-08-29;97;14;1;27,9;5,0;27,9;1,4;26,5;Pix;PAGO;Loja Física
796;2026-02-15;141;4;5;59,9;0,0;299,5;0,0;299,5;Pix;PENDENTE;Loja Física
797;2025-11-22;129;21;1;6,9;5,0;6,9;0,34;6,56;Cartão de Crédito;PAGO;Aplicativo
798;2025-01-04;137;30;4;29,9;15,0;119,6;17,94;101,66;Pix;PENDENTE;Marketplace
799;2025-08-18;36;21;4;6,9;5,0;27,6;1,38;26,22;Cartão de Crédito;PAGO;Aplicativo
800;2025-04-04;95;11;5;45,0;0,0;225,0;0,0;225,0;Cartão de Crédito;PAGO;Site
801;2026-04-29;183;28;2;89,9;0,0;179,8;0,0;179,8;Pix;PAGO;Loja Física
802;2026-04-18;129;8;6;54,9;10,0;329,4;32,94;296,46;Pix;CANCELADO;Marketplace
803;2026-02-21;134;15;6;34,9;0,0;209,4;0,0;209,4;Cartão de Débito;PAGO;Marketplace
804;2026-05-08;186;23;5;12,9;0,0;64,5;0,0;64,5;Pix;NAO_INFORMADO;Aplicativo
805;2026-03-15;32;12;4;38,5;0,0;154,0;0,0;154,0;Pix;PAGO;Aplicativo
806;2026-05-10;54;12;4;38,5;0,0;154,0;0,0;154,0;Pix;PAGO;Aplicativo
807;2025-09-22;146;11;3;45,0;0,0;135,0;0,0;135,0;Cartão de Crédito;PAGO;Loja Física
808;2026-08-05;163;19;3;27,9;0,0;83,7;0,0;83,7;Cartão de Crédito;PAGO;Aplicativo
809;2025-01-29;55;5;5;99,9;5,0;499,5;24,98;474,52;Pix;PAGO;Aplicativo
810;2025-06-09;151;17;4;9,9;15,0;39,6;5,94;33,66;Cartão de Crédito;PENDENTE;Marketplace
811;2025-03-08;88;28;5;89,9;0,0;449,5;0,0;449,5;Pix;PAGO;Aplicativo
812;2025-01-13;192;21;2;6,9;15,0;13,8;2,07;11,73;Cartão de Débito;PAGO;Aplicativo
813;2025-10-05;142;2;4;199,9;5,0;799,6;39,98;759,62;Cartão de Débito;CANCELADO;Site
814;2025-09-08;59;8;3;54,9;10,0;164,7;16,47;148,23;Cartão de Crédito;PAGO;Loja Física
815;2025-05-16;134;24;2;13,9;0,0;27,8;0,0;27,8;Pix;PENDENTE;Site
816;2025-04-30;114;18;1;14,9;0,0;14,9;0,0;14,9;Cartão de Crédito;PAGO;Site
817;2025-07-19;151;19;4;27,9;15,0;111,6;16,74;94,86;Cartão de Crédito;PAGO;Loja Física
818;2025-10-18;166;9;4;32,0;0,0;128,0;0,0;128,0;Pix;PAGO;Aplicativo
819;2025-01-07;82;21;4;6,9;5,0;27,6;1,38;26,22;Cartão de Crédito;PAGO;Aplicativo
820;2025-04-22;196;11;6;45,0;0,0;270,0;0,0;270,0;Pix;PAGO;Site
821;2025-07-16;197;30;5;29,9;0,0;149,5;0,0;149,5;Cartão de Débito;PAGO;Loja Física
822;2025-08-23;68;16;6;19,9;0,0;119,4;0,0;119,4;Boleto;PAGO;Loja Física
823;2026-03-04;2;27;6;64,9;15,0;389,4;58,41;330,99;Boleto;PAGO;Aplicativo
824;2025-09-20;76;25;3;24,9;15,0;74,7;11,2;63,5;Pix;PAGO;Loja Física
825;2025-03-18;63;7;2;69,9;0,0;139,8;0,0;139,8;Pix;PAGO;Site
826;2025-09-13;72;2;6;199,9;5,0;1199,4;59,97;1139,43;Cartão de Crédito;CANCELADO;Loja Física
827;2025-11-29;199;30;3;29,9;10,0;89,7;8,97;80,73;Cartão de Crédito;PAGO;Loja Física
828;2025-09-24;143;3;4;79,9;5,0;319,6;15,98;303,62;Cartão de Débito;PAGO;Marketplace
829;2025-08-08;48;24;3;13,9;0,0;41,7;0,0;41,7;Cartão de Crédito;PAGO;Aplicativo
830;2026-02-25;110;9;5;32,0;0,0;160,0;0,0;160,0;Cartão de Débito;PAGO;Loja Física
831;2025-12-01;138;12;1;38,5;0,0;38,5;0,0;38,5;Pix;CANCELADO;Site
832;2025-03-31;147;25;1;24,9;0,0;24,9;0,0;24,9;Cartão de Crédito;PAGO;Aplicativo
833;2025-12-05;19;9;4;32,0;0,0;128,0;0,0;128,0;Cartão de Crédito;PENDENTE;Aplicativo
834;2026-02-04;5;14;1;27,9;0,0;27,9;0,0;27,9;Pix;PAGO;Loja Física
835;2026-08-12;91;11;5;45,0;10,0;225,0;22,5;202,5;Cartão de Débito;PAGO;Loja Física
836;2026-07-08;90;1;5;129,9;0,0;649,5;0,0;649,5;Pix;PAGO;Loja Física
837;2025-01-28;36;14;3;27,9;0,0;83,7;0,0;83,7;Pix;PENDENTE;Site
838;2025-04-06;45;13;2;35,9;5,0;71,8;3,59;68,21;Boleto;PAGO;Loja Física
839;2025-04-03;130;20;3;22,9;0,0;68,7;0,0;68,7;Cartão de Crédito;PAGO;Loja Física
840;2025-11-14;17;14;4;27,9;0,0;111,6;0,0;111,6;Boleto;PAGO;Aplicativo
841;2025-11-28;12;26;4;79,9;0,0;319,6;0,0;319,6;Cartão de Débito;PAGO;Loja Física
842;2025-10-28;96;25;1;24,9;5,0;24,9;1,25;23,65;Cartão de Crédito;PAGO;Marketplace
843;2025-06-16;8;24;6;13,9;0,0;83,4;0,0;83,4;Pix;PENDENTE;Aplicativo
844;2025-05-28;105;1;1;129,9;0,0;129,9;0,0;129,9;Cartão de Crédito;PENDENTE;Loja Física
845;2026-05-03;119;29;2;14,9;0,0;29,8;0,0;29,8;Cartão de Débito;CANCELADO;Aplicativo
846;2025-04-09;123;16;3;19,9;0,0;59,7;0,0;59,7;Cartão de Crédito;PAGO;Loja Física
847;2025-04-18;64;8;6;54,9;0,0;329,4;0,0;329,4;Pix;PAGO;Aplicativo
848;2025-05-15;84;19;5;27,9;0,0;139,5;0,0;139,5;Pix;CANCELADO;Aplicativo
849;2025-09-01;42;26;2;79,9;0,0;159,8;0,0;159,8;Pix;PAGO;Loja Física
850;2025-09-27;140;27;5;64,9;0,0;324,5;0,0;324,5;Pix;CANCELADO;Marketplace
851;2026-07-17;117;29;2;14,9;10,0;29,8;2,98;26,82;Pix;PAGO;Loja Física
852;2026-04-14;29;14;6;27,9;0,0;167,4;0,0;167,4;Cartão de Crédito;PAGO;Loja Física
853;2026-06-08;50;3;5;79,9;0,0;399,5;0,0;399,5;Cartão de Débito;PAGO;Site
854;2025-08-24;178;19;5;27,9;5,0;139,5;6,98;132,52;Pix;PAGO;Site
855;2025-07-27;72;8;6;54,9;0,0;329,4;0,0;329,4;Boleto;CANCELADO;Marketplace
856;2025-01-01;20;29;4;14,9;0,0;59,6;0,0;59,6;Cartão de Crédito;PAGO;Aplicativo
857;2025-06-14;196;3;1;79,9;15,0;79,9;11,98;67,92;Boleto;PAGO;Loja Física
858;2025-10-10;36;19;2;27,9;0,0;55,8;0,0;55,8;Pix;PAGO;Loja Física
859;2025-11-15;135;22;3;11,9;0,0;35,7;0,0;35,7;Cartão de Débito;PAGO;Site
860;2025-12-16;70;18;6;14,9;0,0;89,4;0,0;89,4;Pix;PAGO;Site
861;2026-06-20;27;23;6;12,9;0,0;77,4;0,0;77,4;Boleto;PAGO;Site
862;2025-04-18;198;22;4;11,9;0,0;47,6;0,0;47,6;Cartão de Débito;CANCELADO;Site
863;2026-05-13;63;22;3;11,9;5,0;35,7;1,78;33,92;Cartão de Crédito;PAGO;Loja Física
864;2026-06-16;171;23;4;12,9;0,0;51,6;0,0;51,6;Pix;PAGO;Loja Física
865;2026-02-08;184;12;5;38,5;10,0;192,5;19,25;173,25;Pix;PENDENTE;Site
866;2025-01-27;56;2;4;199,9;5,0;799,6;39,98;759,62;Pix;PAGO;Loja Física
867;2025-12-19;91;1;6;129,9;0,0;779,4;0,0;779,4;Pix;PENDENTE;Aplicativo
868;2025-11-26;190;25;2;24,9;0,0;49,8;0,0;49,8;Cartão de Débito;PAGO;Site
869;2025-11-10;26;20;5;22,9;10,0;114,5;11,45;103,05;Pix;PAGO;Site
870;2026-03-25;93;7;3;69,9;15,0;209,7;31,46;178,24;Pix;PAGO;Site
871;2026-02-12;159;23;6;12,9;10,0;77,4;7,74;69,66;Pix;PAGO;Aplicativo
872;2026-01-30;27;5;6;99,9;15,0;599,4;89,91;509,49;Boleto;PAGO;Loja Física
873;2026-07-16;40;3;3;79,9;10,0;239,7;23,97;215,73;Boleto;PAGO;Marketplace
874;2025-09-07;6;8;4;54,9;15,0;219,6;32,94;186,66;Cartão de Crédito;NAO_INFORMADO;Site
875;2026-08-13;100;19;2;27,9;10,0;55,8;5,58;50,22;Pix;PAGO;Aplicativo
876;2025-05-18;83;12;2;38,5;15,0;77,0;11,55;65,45;Cartão de Débito;PAGO;Site
877;2025-08-22;185;23;4;12,9;0,0;51,6;0,0;51,6;Cartão de Crédito;PAGO;Marketplace
878;2025-03-08;44;19;1;27,9;0,0;27,9;0,0;27,9;Cartão de Crédito;PAGO;Site
879;2025-09-16;187;3;6;79,9;0,0;479,4;0,0;479,4;Cartão de Crédito;CANCELADO;Marketplace
880;2025-12-05;60;7;6;69,9;5,0;419,4;20,97;398,43;Cartão de Débito;PAGO;Aplicativo
881;2026-01-02;151;19;3;27,9;0,0;83,7;0,0;83,7;Cartão de Débito;CANCELADO;Aplicativo
882;2025-01-31;167;8;5;54,9;0,0;274,5;0,0;274,5;Cartão de Crédito;CANCELADO;Site
883;2025-07-07;25;13;4;35,9;0,0;143,6;0,0;143,6;Pix;PAGO;Site
884;2025-12-14;116;13;2;35,9;15,0;71,8;10,77;61,03;Pix;CANCELADO;Loja Física
885;2025-01-13;2;22;3;11,9;0,0;35,7;0,0;35,7;Pix;PAGO;Marketplace
886;2025-12-20;25;7;6;69,9;15,0;419,4;62,91;356,49;Cartão de Crédito;PAGO;Loja Física
887;2025-02-09;138;28;2;89,9;15,0;179,8;26,97;152,83;Boleto;PAGO;Loja Física
888;2025-06-08;157;6;5;6,5;0,0;32,5;0,0;32,5;Boleto;PENDENTE;Site
889;2025-09-03;126;4;6;59,9;0,0;359,4;0,0;359,4;Cartão de Débito;PAGO;Marketplace
890;2026-06-17;24;30;6;29,9;10,0;179,4;17,94;161,46;Cartão de Crédito;PAGO;Aplicativo
891;2025-07-22;75;25;5;24,9;10,0;124,5;12,45;112,05;Cartão de Crédito;PAGO;Site
892;2025-10-22;198;16;5;19,9;10,0;99,5;9,95;89,55;Cartão de Crédito;PAGO;Loja Física
893;2026-07-02;8;29;5;14,9;0,0;74,5;0,0;74,5;Boleto;PAGO;Site
894;2026-01-15;175;22;4;11,9;10,0;47,6;4,76;42,84;Pix;PAGO;Loja Física
895;2025-01-16;12;11;1;45,0;0,0;45,0;0,0;45,0;Pix;PAGO;Loja Física
896;2026-01-16;103;27;3;64,9;0,0;194,7;0,0;194,7;Pix;CANCELADO;Loja Física
897;2025-10-07;105;22;5;11,9;10,0;59,5;5,95;53,55;Pix;PENDENTE;Aplicativo
898;2025-02-12;179;25;4;24,9;15,0;99,6;14,94;84,66;Cartão de Crédito;PAGO;Site
899;2026-02-12;73;3;2;79,9;5,0;159,8;7,99;151,81;Pix;PAGO;Aplicativo
900;2025-05-11;133;29;2;14,9;0,0;29,8;0,0;29,8;Cartão de Crédito;PAGO;Loja Física
901;2025-05-27;114;26;1;79,9;5,0;79,9;4,0;75,9;Cartão de Débito;PAGO;Marketplace
902;2025-09-14;45;24;3;13,9;0,0;41,7;0,0;41,7;Cartão de Crédito;PAGO;Loja Física
903;2026-03-26;7;3;2;79,9;15,0;159,8;23,97;135,83;Cartão de Crédito;PAGO;Loja Física
904;2026-07-02;5;18;3;14,9;5,0;44,7;2,24;42,46;Cartão de Crédito;PAGO;Loja Física
906;2026-02-01;116;30;4;29,9;10,0;119,6;11,96;107,64;Pix;PAGO;Marketplace
907;2025-10-21;164;16;2;19,9;10,0;39,8;3,98;35,82;Pix;PENDENTE;Marketplace
908;2026-07-09;59;1;4;129,9;0,0;519,6;0,0;519,6;Pix;PAGO;Site
909;2025-12-12;84;15;6;34,9;10,0;209,4;20,94;188,46;Pix;CANCELADO;Loja Física
910;2026-07-16;196;7;6;69,9;15,0;419,4;62,91;356,49;Cartão de Crédito;PAGO;Loja Física
911;2025-06-10;169;10;5;24,9;0,0;124,5;0,0;124,5;Boleto;PAGO;Loja Física
912;2025-06-09;165;19;6;27,9;0,0;167,4;0,0;167,4;Cartão de Crédito;CANCELADO;Loja Física
913;2026-06-28;189;24;2;13,9;10,0;27,8;2,78;25,02;Cartão de Débito;PAGO;Loja Física
914;2025-06-04;55;11;1;45,0;0,0;45,0;0,0;45,0;Cartão de Débito;PENDENTE;Site
915;2026-07-30;41;16;3;19,9;0,0;59,7;0,0;59,7;Pix;PAGO;Site
916;2025-05-31;114;23;3;12,9;0,0;38,7;0,0;38,7;Cartão de Débito;PENDENTE;Site
917;2026-08-09;47;19;6;27,9;0,0;167,4;0,0;167,4;Cartão de Débito;PAGO;Site
918;2026-02-08;39;3;3;79,9;0,0;239,7;0,0;239,7;Boleto;PAGO;Marketplace
919;2026-08-28;107;23;1;12,9;0,0;12,9;0,0;12,9;Pix;CANCELADO;Marketplace
920;2025-11-10;68;1;4;129,9;0,0;519,6;0,0;519,6;Boleto;PAGO;Marketplace
921;2025-01-11;189;22;1;11,9;5,0;11,9;0,6;11,3;Pix;PAGO;Site
922;2026-03-11;105;23;4;12,9;10,0;51,6;5,16;46,44;Pix;PAGO;Site
923;2025-11-23;131;9;1;32,0;0,0;32,0;0,0;32,0;Pix;PENDENTE;Loja Física
924;2025-01-14;189;26;2;79,9;15,0;159,8;23,97;135,83;Pix;NAO_INFORMADO;Loja Física
925;2025-05-05;15;28;4;89,9;10,0;359,6;35,96;323,64;Pix;PAGO;Loja Física
926;2025-03-23;100;3;1;79,9;0,0;79,9;0,0;79,9;Cartão de Crédito;PAGO;Aplicativo
927;2025-03-04;114;23;2;12,9;0,0;25,8;0,0;25,8;Cartão de Crédito;PAGO;Marketplace
928;2025-11-26;194;7;6;69,9;0,0;419,4;0,0;419,4;Pix;PAGO;Site
929;2026-06-28;2;10;2;24,9;10,0;49,8;4,98;44,82;Cartão de Débito;PAGO;Loja Física
930;2026-04-02;4;12;6;38,5;10,0;231,0;23,1;207,9;Cartão de Crédito;PAGO;Marketplace
931;2025-11-23;116;20;6;22,9;0,0;137,4;0,0;137,4;Cartão de Crédito;PAGO;Aplicativo
932;2026-02-24;120;24;2;13,9;0,0;27,8;0,0;27,8;Pix;PAGO;Site
933;2025-01-26;36;15;4;34,9;15,0;139,6;20,94;118,66;Pix;PAGO;Site
934;2026-04-29;39;5;5;99,9;0,0;499,5;0,0;499,5;Pix;NAO_INFORMADO;Loja Física
935;2026-05-27;111;28;5;89,9;0,0;449,5;0,0;449,5;Boleto;PAGO;Loja Física
936;2026-06-16;127;3;3;79,9;15,0;239,7;35,96;203,74;Pix;PAGO;Site
937;2026-06-27;73;10;6;24,9;0,0;149,4;0,0;149,4;Cartão de Crédito;PAGO;Site
938;2025-12-01;177;3;1;79,9;0,0;79,9;0,0;79,9;Boleto;PAGO;Marketplace
939;2025-05-11;83;9;5;32,0;15,0;160,0;24,0;136,0;Cartão de Crédito;PAGO;Site
940;2026-06-08;25;27;2;64,9;0,0;129,8;0,0;129,8;Cartão de Débito;NAO_INFORMADO;Loja Física
941;2025-10-10;183;20;6;22,9;0,0;137,4;0,0;137,4;Pix;PAGO;Loja Física
942;2025-11-24;125;27;5;64,9;0,0;324,5;0,0;324,5;Cartão de Crédito;PAGO;Site
943;2025-07-19;135;20;5;22,9;15,0;114,5;17,18;97,32;Cartão de Crédito;PAGO;Aplicativo
944;2026-03-08;21;10;3;24,9;0,0;74,7;0,0;74,7;Cartão de Crédito;NAO_INFORMADO;Loja Física
945;2025-10-08;117;18;2;14,9;0,0;29,8;0,0;29,8;Pix;PAGO;Site
946;2025-05-26;81;1;1;129,9;15,0;129,9;19,48;110,42;Cartão de Crédito;PAGO;Site
947;2026-08-03;194;11;5;45,0;5,0;225,0;11,25;213,75;Pix;PAGO;Aplicativo
948;2025-08-29;24;30;1;29,9;15,0;29,9;4,49;25,41;Pix;PAGO;Aplicativo
949;2025-06-08;141;18;1;14,9;15,0;14,9;2,24;12,66;Pix;PAGO;Aplicativo
950;2025-08-19;123;8;2;54,9;0,0;109,8;0,0;109,8;Pix;NAO_INFORMADO;Marketplace
951;2026-02-10;5;5;5;99,9;5,0;499,5;24,98;474,52;Cartão de Débito;PAGO;Aplicativo
952;2025-01-08;90;2;2;199,9;10,0;399,8;39,98;359,82;Pix;PAGO;Aplicativo
954;2026-06-09;198;4;6;59,9;0,0;359,4;0,0;359,4;Pix;PAGO;Aplicativo
955;2025-08-08;152;7;5;69,9;15,0;349,5;52,42;297,08;Pix;PAGO;Loja Física
956;2025-07-05;86;27;3;64,9;0,0;194,7;0,0;194,7;Cartão de Crédito;NAO_INFORMADO;Aplicativo
957;2025-10-20;171;13;5;35,9;15,0;179,5;26,92;152,58;Boleto;PENDENTE;Marketplace
958;2026-01-26;187;28;1;89,9;5,0;89,9;4,5;85,4;Boleto;CANCELADO;Loja Física
959;2025-02-05;31;29;3;14,9;0,0;44,7;0,0;44,7;Pix;NAO_INFORMADO;Marketplace
960;2025-02-01;122;30;2;29,9;0,0;59,8;0,0;59,8;Pix;PAGO;Marketplace
961;2025-06-06;56;9;3;32,0;0,0;96,0;0,0;96,0;Pix;PAGO;Aplicativo
962;2025-10-15;182;1;5;129,9;0,0;649,5;0,0;649,5;Cartão de Crédito;PAGO;Aplicativo
963;2025-02-15;145;7;2;69,9;15,0;139,8;20,97;118,83;Cartão de Débito;PAGO;Aplicativo
964;2026-04-29;140;24;1;13,9;0,0;13,9;0,0;13,9;Pix;PAGO;Site
965;2025-12-22;197;21;3;6,9;0,0;20,7;0,0;20,7;Pix;PAGO;Aplicativo
966;2026-01-03;166;14;1;27,9;0,0;27,9;0,0;27,9;Cartão de Crédito;PENDENTE;Marketplace
967;2025-06-13;147;30;6;29,9;0,0;179,4;0,0;179,4;Boleto;PAGO;Site
968;2026-08-13;2;29;1;14,9;0,0;14,9;0,0;14,9;Boleto;PAGO;Loja Física
969;2026-07-16;102;11;4;45,0;5,0;180,0;9,0;171,0;Cartão de Crédito;PAGO;Aplicativo
970;2025-07-12;184;4;2;59,9;0,0;119,8;0,0;119,8;Cartão de Débito;PAGO;Site
971;2026-07-09;164;23;3;12,9;0,0;38,7;0,0;38,7;Boleto;PAGO;Loja Física
972;2026-03-09;92;25;6;24,9;10,0;149,4;14,94;134,46;Cartão de Crédito;PAGO;Site
973;2025-02-12;174;14;5;27,9;0,0;139,5;0,0;139,5;Boleto;PAGO;Loja Física
974;2026-08-25;159;26;4;79,9;0,0;319,6;0,0;319,6;Boleto;PAGO;Site
975;2025-04-07;117;25;1;24,9;0,0;24,9;0,0;24,9;Cartão de Crédito;PAGO;Loja Física
976;2025-01-11;176;25;6;24,9;0,0;149,4;0,0;149,4;Cartão de Crédito;PAGO;Site
977;2025-02-19;65;15;3;34,9;5,0;104,7;5,24;99,46;Pix;PAGO;Site
978;2025-03-20;51;2;3;199,9;0,0;599,7;0,0;599,7;Cartão de Crédito;PAGO;Loja Física
979;2025-04-29;26;11;6;45,0;0,0;270,0;0,0;270,0;Pix;PAGO;Site
980;2026-01-13;163;12;6;38,5;5,0;231,0;11,55;219,45;Pix;PAGO;Site
981;2026-02-15;130;3;1;79,9;0,0;79,9;0,0;79,9;Boleto;CANCELADO;Loja Física
982;2026-05-05;18;7;4;69,9;15,0;279,6;41,94;237,66;Cartão de Crédito;PAGO;Loja Física
983;2025-01-13;29;24;6;13,9;5,0;83,4;4,17;79,23;Cartão de Crédito;PAGO;Loja Física
984;2025-04-12;45;16;2;19,9;0,0;39,8;0,0;39,8;Cartão de Crédito;PAGO;Loja Física
985;2025-03-16;145;28;5;89,9;0,0;449,5;0,0;449,5;Pix;PAGO;Site
986;2026-02-09;8;9;4;32,0;0,0;128,0;0,0;128,0;Cartão de Crédito;PAGO;Site
987;2026-02-21;166;24;2;13,9;15,0;27,8;4,17;23,63;Cartão de Débito;CANCELADO;Loja Física
988;2025-05-30;198;14;5;27,9;10,0;139,5;13,95;125,55;Pix;PAGO;Aplicativo
989;2026-04-27;131;11;3;45,0;0,0;135,0;0,0;135,0;Pix;PAGO;Aplicativo
990;2025-04-04;178;20;5;22,9;0,0;114,5;0,0;114,5;Boleto;PAGO;Loja Física
991;2025-11-28;62;30;3;29,9;5,0;89,7;4,49;85,21;Pix;PAGO;Loja Física
992;2025-05-23;198;9;3;32,0;10,0;96,0;9,6;86,4;Pix;PAGO;Site
993;2025-10-26;164;26;4;79,9;0,0;319,6;0,0;319,6;Pix;PAGO;Loja Física
994;2026-08-05;118;16;3;19,9;5,0;59,7;2,98;56,72;Pix;PAGO;Marketplace
995;2026-05-22;117;13;1;35,9;5,0;35,9;1,8;34,1;Cartão de Crédito;PAGO;Loja Física
996;2025-05-03;36;21;4;6,9;0,0;27,6;0,0;27,6;Pix;PAGO;Loja Física
997;2026-03-10;53;18;5;14,9;0,0;74,5;0,0;74,5;Cartão de Débito;PAGO;Marketplace
998;2025-10-01;142;10;4;24,9;0,0;99,6;0,0;99,6;Cartão de Débito;PAGO;Loja Física
999;2025-04-04;147;26;4;79,9;10,0;319,6;31,96;287,64;Cartão de Crédito;PAGO;Loja Física
1000;2025-08-14;72;14;2;27,9;0,0;55,8;0,0;55,8;Pix;PAGO;Marketplace
1001;2026-03-31;114;15;2;34,9;0,0;69,8;0,0;69,8;Cartão de Crédito;PAGO;Site
1002;2026-06-21;88;9;2;32,0;0,0;64,0;0,0;64,0;Pix;PAGO;Site
1003;2025-06-22;104;5;6;99,9;0,0;599,4;0,0;599,4;Pix;PAGO;Aplicativo
1004;2026-07-31;63;13;5;35,9;10,0;179,5;17,95;161,55;Cartão de Crédito;CANCELADO;Site
1005;2025-04-02;112;13;1;35,9;0,0;35,9;0,0;35,9;Pix;PAGO;Loja Física
1006;2025-02-07;98;8;5;54,9;0,0;274,5;0,0;274,5;Pix;PAGO;Loja Física
1007;2025-06-02;76;18;1;14,9;0,0;14,9;0,0;14,9;Cartão de Débito;PAGO;Loja Física
1008;2025-06-30;74;17;1;9,9;5,0;9,9;0,5;9,4;Cartão de Crédito;PAGO;Loja Física
1009;2025-07-03;137;20;6;22,9;0,0;137,4;0,0;137,4;Cartão de Débito;PAGO;Loja Física
1010;2025-10-06;132;6;2;6,5;15,0;13,0;1,95;11,05;Pix;PAGO;Loja Física
1011;2025-10-13;119;28;2;89,9;0,0;179,8;0,0;179,8;Cartão de Crédito;PAGO;Loja Física
1012;2026-06-26;126;2;1;199,9;10,0;199,9;19,99;179,91;Cartão de Débito;PAGO;Marketplace
1013;2026-02-19;193;21;5;6,9;0,0;34,5;0,0;34,5;Cartão de Crédito;PAGO;Site
1014;2026-02-27;98;7;1;69,9;0,0;69,9;0,0;69,9;Pix;PAGO;Loja Física
1015;2025-05-24;167;21;2;6,9;15,0;13,8;2,07;11,73;Pix;PAGO;Marketplace
1016;2025-05-14;107;13;4;35,9;0,0;143,6;0,0;143,6;Pix;PAGO;Loja Física
1017;2026-06-09;142;13;6;35,9;0,0;215,4;0,0;215,4;Pix;PAGO;Loja Física
1018;2026-07-30;70;10;5;24,9;0,0;124,5;0,0;124,5;Pix;CANCELADO;Loja Física
1019;2025-02-22;133;26;5;79,9;5,0;399,5;19,98;379,52;Pix;PAGO;Aplicativo
1020;2026-01-22;85;24;6;13,9;10,0;83,4;8,34;75,06;Cartão de Crédito;PAGO;Loja Física
1021;2025-02-15;78;7;1;69,9;0,0;69,9;0,0;69,9;Boleto;PAGO;Site
1022;2025-01-01;17;5;4;99,9;0,0;399,6;0,0;399,6;Cartão de Débito;PAGO;Loja Física
1023;2025-12-17;158;6;6;6,5;10,0;39,0;3,9;35,1;Boleto;PAGO;Loja Física
1024;2026-08-27;134;29;6;14,9;10,0;89,4;8,94;80,46;Pix;PAGO;Loja Física
1025;2026-02-19;14;9;3;32,0;5,0;96,0;4,8;91,2;Pix;PAGO;Site
1026;2026-07-10;130;8;2;54,9;0,0;109,8;0,0;109,8;Cartão de Crédito;PAGO;Loja Física
1027;2025-02-28;112;20;4;22,9;0,0;91,6;0,0;91,6;Cartão de Débito;PAGO;Loja Física
1028;2026-02-10;151;4;3;59,9;0,0;179,7;0,0;179,7;Cartão de Crédito;PENDENTE;Site
1029;2025-03-26;22;6;5;6,5;15,0;32,5;4,88;27,62;Cartão de Crédito;PAGO;Marketplace
1030;2025-07-01;9;26;6;79,9;0,0;479,4;0,0;479,4;Pix;NAO_INFORMADO;Aplicativo
1031;2025-11-14;85;23;3;12,9;0,0;38,7;0,0;38,7;Pix;PAGO;Site
1032;2025-10-01;152;7;2;69,9;0,0;139,8;0,0;139,8;Cartão de Crédito;PAGO;Loja Física
1033;2026-05-24;156;28;3;89,9;0,0;269,7;0,0;269,7;Cartão de Crédito;PAGO;Aplicativo
1034;2026-03-05;61;12;5;38,5;15,0;192,5;28,88;163,62;Boleto;PAGO;Loja Física
1035;2026-04-05;33;2;1;199,9;0,0;199,9;0,0;199,9;Cartão de Crédito;PENDENTE;Loja Física
1036;2026-07-20;187;16;4;19,9;5,0;79,6;3,98;75,62;Pix;PENDENTE;Aplicativo
1037;2025-09-16;100;13;2;35,9;0,0;71,8;0,0;71,8;Cartão de Débito;PAGO;Aplicativo
1038;2025-11-19;193;15;2;34,9;5,0;69,8;3,49;66,31;Cartão de Débito;PAGO;Loja Física
1039;2025-05-24;62;3;4;79,9;5,0;319,6;15,98;303,62;Cartão de Crédito;PAGO;Aplicativo
1040;2026-01-17;87;25;1;24,9;0,0;24,9;0,0;24,9;Pix;PAGO;Loja Física
1041;2025-07-21;112;9;5;32,0;15,0;160,0;24,0;136,0;Boleto;PAGO;Aplicativo
1042;2025-03-06;122;18;4;14,9;15,0;59,6;8,94;50,66;Cartão de Débito;PAGO;Site
1043;2025-02-09;59;11;5;45,0;10,0;225,0;22,5;202,5;Boleto;PAGO;Site
1045;2025-04-29;61;16;5;19,9;0,0;99,5;0,0;99,5;Cartão de Crédito;PAGO;Loja Física
1046;2025-05-13;192;3;3;79,9;10,0;239,7;23,97;215,73;Pix;NAO_INFORMADO;Aplicativo
1047;2025-10-23;80;29;4;14,9;5,0;59,6;2,98;56,62;Cartão de Crédito;PAGO;Marketplace
1048;2025-10-04;46;1;2;129,9;0,0;259,8;0,0;259,8;Cartão de Débito;PAGO;Aplicativo
1049;2025-12-31;24;17;1;9,9;0,0;9,9;0,0;9,9;Pix;PAGO;Loja Física
1050;2026-06-19;177;26;1;79,9;5,0;79,9;4,0;75,9;Pix;PAGO;Site
1051;2025-08-06;43;13;4;35,9;0,0;143,6;0,0;143,6;Cartão de Crédito;PAGO;Aplicativo
1052;2026-07-25;198;24;2;13,9;0,0;27,8;0,0;27,8;Pix;CANCELADO;Loja Física
1053;2025-12-13;107;1;5;129,9;10,0;649,5;64,95;584,55;Cartão de Débito;CANCELADO;Loja Física
1054;2026-05-22;142;20;5;22,9;5,0;114,5;5,72;108,78;Cartão de Crédito;PAGO;Loja Física
1055;2025-04-20;15;11;2;45,0;0,0;90,0;0,0;90,0;Cartão de Crédito;PAGO;Aplicativo
1056;2026-01-08;20;9;3;32,0;0,0;96,0;0,0;96,0;Pix;CANCELADO;Loja Física
1057;2026-01-07;30;28;2;89,9;0,0;179,8;0,0;179,8;Boleto;PAGO;Loja Física
1058;2026-07-18;194;19;1;27,9;5,0;27,9;1,4;26,5;Boleto;PAGO;Marketplace
1059;2025-02-11;80;30;5;29,9;0,0;149,5;0,0;149,5;Pix;PAGO;Loja Física
1060;2026-02-20;139;1;1;129,9;0,0;129,9;0,0;129,9;Pix;PAGO;Aplicativo
1061;2025-01-18;121;6;6;6,5;0,0;39,0;0,0;39,0;Cartão de Crédito;PAGO;Site
1062;2026-05-20;141;29;3;14,9;0,0;44,7;0,0;44,7;Pix;PAGO;Loja Física
1063;2025-10-22;69;12;2;38,5;0,0;77,0;0,0;77,0;Cartão de Crédito;PAGO;Loja Física
1064;2025-05-12;148;1;1;129,9;0,0;129,9;0,0;129,9;Cartão de Débito;PAGO;Loja Física
1065;2025-05-17;56;8;2;54,9;0,0;109,8;0,0;109,8;Boleto;PAGO;Aplicativo
1066;2025-05-07;95;1;4;129,9;0,0;519,6;0,0;519,6;Boleto;PAGO;Loja Física
1067;2025-09-06;126;28;6;89,9;0,0;539,4;0,0;539,4;Boleto;PAGO;Site
1068;2025-04-24;74;26;1;79,9;0,0;79,9;0,0;79,9;Pix;PAGO;Site
1069;2025-07-25;177;3;5;79,9;15,0;399,5;59,92;339,58;Pix;PAGO;Loja Física
1070;2025-08-13;142;29;2;14,9;5,0;29,8;1,49;28,31;Cartão de Crédito;PAGO;Site
1071;2025-03-06;146;9;6;32,0;0,0;192,0;0,0;192,0;Pix;PAGO;Aplicativo
1072;2026-05-24;136;18;5;14,9;0,0;74,5;0,0;74,5;Pix;PENDENTE;Loja Física
1073;2025-10-06;151;6;1;6,5;0,0;6,5;0,0;6,5;Cartão de Crédito;PAGO;Site
1074;2025-12-11;92;13;4;35,9;0,0;143,6;0,0;143,6;Cartão de Débito;PENDENTE;Site
1075;2025-02-14;53;23;1;12,9;0,0;12,9;0,0;12,9;Cartão de Crédito;PENDENTE;Site
1076;2026-02-23;31;7;3;69,9;0,0;209,7;0,0;209,7;Cartão de Crédito;PAGO;Loja Física
1077;2025-09-04;12;20;1;22,9;0,0;22,9;0,0;22,9;Cartão de Crédito;PAGO;Aplicativo
1078;2026-05-31;150;27;2;64,9;0,0;129,8;0,0;129,8;Boleto;PENDENTE;Loja Física
1079;2026-08-09;6;15;5;34,9;10,0;174,5;17,45;157,05;Pix;PAGO;Aplicativo
1080;2026-04-06;58;7;2;69,9;5,0;139,8;6,99;132,81;Pix;PAGO;Aplicativo
1081;2025-06-12;122;27;6;64,9;0,0;389,4;0,0;389,4;Pix;PAGO;Aplicativo
1082;2025-04-22;112;4;1;59,9;0,0;59,9;0,0;59,9;Cartão de Crédito;PAGO;Aplicativo
1083;2026-04-09;41;17;5;9,9;15,0;49,5;7,42;42,08;Boleto;PENDENTE;Marketplace
1084;2025-01-21;51;20;4;22,9;0,0;91,6;0,0;91,6;Pix;PAGO;Loja Física
1085;2026-07-01;29;26;6;79,9;5,0;479,4;23,97;455,43;Cartão de Crédito;PAGO;Aplicativo
1086;2025-02-21;131;6;5;6,5;15,0;32,5;4,88;27,62;Cartão de Crédito;PAGO;Site
1087;2025-07-02;12;18;1;14,9;0,0;14,9;0,0;14,9;Cartão de Crédito;PAGO;Aplicativo
1088;2025-11-26;118;20;4;22,9;0,0;91,6;0,0;91,6;Cartão de Crédito;PAGO;Loja Física
1089;2025-03-27;83;25;6;24,9;0,0;149,4;0,0;149,4;Cartão de Débito;PENDENTE;Loja Física
1090;2025-02-28;162;26;1;79,9;10,0;79,9;7,99;71,91;Boleto;PENDENTE;Loja Física
1091;2025-03-29;140;26;5;79,9;15,0;399,5;59,92;339,58;Pix;PAGO;Loja Física
1092;2025-02-13;81;25;1;24,9;0,0;24,9;0,0;24,9;Cartão de Crédito;PAGO;Loja Física
1093;2026-06-13;71;29;2;14,9;5,0;29,8;1,49;28,31;Pix;PAGO;Loja Física
1094;2025-06-24;148;8;3;54,9;0,0;164,7;0,0;164,7;Cartão de Crédito;PAGO;Loja Física
1095;2025-01-18;198;14;5;27,9;5,0;139,5;6,98;132,52;Cartão de Débito;PAGO;Site
1096;2026-06-26;32;9;1;32,0;5,0;32,0;1,6;30,4;Boleto;PENDENTE;Aplicativo
1097;2025-09-12;133;21;2;6,9;0,0;13,8;0,0;13,8;Pix;PAGO;Loja Física
1098;2025-10-30;186;5;6;99,9;0,0;599,4;0,0;599,4;Cartão de Crédito;PAGO;Loja Física
1099;2026-06-26;111;1;2;129,9;0,0;259,8;0,0;259,8;Pix;PAGO;Site
1100;2025-10-25;11;10;6;24,9;0,0;149,4;0,0;149,4;Cartão de Crédito;PAGO;Loja Física
1101;2025-03-28;121;10;2;24,9;0,0;49,8;0,0;49,8;Pix;NAO_INFORMADO;Marketplace
1102;2025-04-22;95;27;5;64,9;0,0;324,5;0,0;324,5;Cartão de Crédito;PENDENTE;Marketplace
1103;2025-12-15;10;5;4;99,9;0,0;399,6;0,0;399,6;Cartão de Crédito;PAGO;Marketplace
1104;2025-05-06;102;25;3;24,9;10,0;74,7;7,47;67,23;Pix;PAGO;Site
1105;2026-08-31;24;29;1;14,9;10,0;14,9;1,49;13,41;Cartão de Crédito;PAGO;Marketplace
1106;2026-06-02;128;28;1;89,9;15,0;89,9;13,48;76,42;Boleto;CANCELADO;Marketplace
1107;2025-01-28;8;24;5;13,9;5,0;69,5;3,48;66,02;Pix;PAGO;Aplicativo
1108;2026-05-25;68;1;2;129,9;10,0;259,8;25,98;233,82;Pix;PAGO;Marketplace
1109;2025-03-01;20;22;2;11,9;0,0;23,8;0,0;23,8;Cartão de Crédito;PAGO;Site
1110;2025-12-18;7;4;5;59,9;5,0;299,5;14,98;284,52;Pix;PAGO;Aplicativo
1111;2025-10-09;86;7;5;69,9;0,0;349,5;0,0;349,5;Cartão de Crédito;PAGO;Marketplace
1112;2025-01-22;200;17;5;9,9;15,0;49,5;7,42;42,08;Pix;PAGO;Site
1113;2025-01-19;11;2;5;199,9;0,0;999,5;0,0;999,5;Cartão de Débito;PAGO;Site
1114;2025-08-06;26;27;1;64,9;0,0;64,9;0,0;64,9;Cartão de Débito;PAGO;Loja Física
1115;2026-05-12;109;18;2;14,9;15,0;29,8;4,47;25,33;Cartão de Crédito;PAGO;Marketplace
1116;2026-07-22;2;10;6;24,9;15,0;149,4;22,41;126,99;Cartão de Crédito;PAGO;Loja Física
1117;2025-08-06;60;22;5;11,9;10,0;59,5;5,95;53,55;Pix;PAGO;Site
1118;2025-03-08;75;20;1;22,9;0,0;22,9;0,0;22,9;Cartão de Crédito;CANCELADO;Site
1119;2026-03-07;197;26;2;79,9;5,0;159,8;7,99;151,81;Cartão de Crédito;PAGO;Loja Física
1120;2026-04-13;23;20;5;22,9;5,0;114,5;5,72;108,78;Pix;PAGO;Site
1121;2026-05-28;80;8;2;54,9;5,0;109,8;5,49;104,31;Cartão de Crédito;NAO_INFORMADO;Loja Física
1122;2025-10-29;200;7;1;69,9;0,0;69,9;0,0;69,9;Cartão de Débito;PAGO;Marketplace
1123;2025-05-01;118;23;1;12,9;15,0;12,9;1,94;10,96;Cartão de Crédito;PAGO;Loja Física
1124;2026-01-06;167;18;6;14,9;0,0;89,4;0,0;89,4;Cartão de Débito;PAGO;Site
1125;2025-05-01;37;27;1;64,9;10,0;64,9;6,49;58,41;Cartão de Crédito;CANCELADO;Site
1126;2026-07-18;98;18;6;14,9;5,0;89,4;4,47;84,93;Pix;PAGO;Loja Física
1127;2025-07-14;136;14;1;27,9;0,0;27,9;0,0;27,9;Cartão de Crédito;PAGO;Loja Física
1128;2025-11-15;131;9;4;32,0;0,0;128,0;0,0;128,0;Cartão de Crédito;PAGO;Loja Física
1129;2026-02-03;17;1;1;129,9;0,0;129,9;0,0;129,9;Pix;PAGO;Loja Física
1130;2025-02-19;17;27;5;64,9;0,0;324,5;0,0;324,5;Cartão de Crédito;CANCELADO;Loja Física
1131;2026-06-19;51;28;6;89,9;15,0;539,4;80,91;458,49;Cartão de Crédito;PAGO;Loja Física
1132;2026-03-30;154;8;6;54,9;0,0;329,4;0,0;329,4;Pix;PAGO;Aplicativo
1133;2025-04-05;191;14;6;27,9;15,0;167,4;25,11;142,29;Cartão de Crédito;NAO_INFORMADO;Site
1134;2025-09-27;6;2;2;199,9;0,0;399,8;0,0;399,8;Boleto;CANCELADO;Marketplace
1135;2026-01-02;184;15;2;34,9;0,0;69,8;0,0;69,8;Pix;PAGO;Site
1136;2025-04-15;21;15;1;34,9;5,0;34,9;1,74;33,16;Pix;CANCELADO;Site
1137;2025-12-20;97;22;3;11,9;0,0;35,7;0,0;35,7;Pix;PAGO;Site
1138;2025-02-18;37;19;1;27,9;15,0;27,9;4,18;23,72;Pix;PAGO;Loja Física
1139;2026-02-12;121;2;2;199,9;5,0;399,8;19,99;379,81;Pix;PAGO;Site
1140;2026-05-19;151;30;2;29,9;5,0;59,8;2,99;56,81;Cartão de Débito;PAGO;Marketplace
1141;2026-03-25;60;19;5;27,9;15,0;139,5;20,92;118,58;Cartão de Crédito;PAGO;Site
1142;2025-01-30;87;28;5;89,9;0,0;449,5;0,0;449,5;Cartão de Crédito;PAGO;Site
1143;2025-05-02;117;18;6;14,9;0,0;89,4;0,0;89,4;Cartão de Crédito;PAGO;Loja Física
1144;2026-01-21;139;25;2;24,9;0,0;49,8;0,0;49,8;Pix;PAGO;Site
1145;2025-01-16;199;6;1;6,5;0,0;6,5;0,0;6,5;Cartão de Crédito;PAGO;Site
1146;2026-08-08;36;3;5;79,9;0,0;399,5;0,0;399,5;Cartão de Crédito;CANCELADO;Marketplace
1147;2025-10-23;140;18;6;14,9;15,0;89,4;13,41;75,99;Pix;PAGO;Loja Física
1148;2026-03-20;185;2;5;199,9;5,0;999,5;49,98;949,52;Cartão de Crédito;PAGO;Site
1149;2025-03-09;166;20;3;22,9;0,0;68,7;0,0;68,7;Pix;PAGO;Site
1150;2025-07-03;61;30;1;29,9;5,0;29,9;1,5;28,4;Cartão de Crédito;PAGO;Aplicativo
1151;2025-03-07;185;1;5;129,9;10,0;649,5;64,95;584,55;Cartão de Crédito;PAGO;Site
1152;2025-06-07;34;28;5;89,9;0,0;449,5;0,0;449,5;Cartão de Crédito;PAGO;Loja Física
1153;2025-09-01;95;11;6;45,0;0,0;270,0;0,0;270,0;Cartão de Crédito;PAGO;Marketplace
1154;2025-02-09;8;13;4;35,9;10,0;143,6;14,36;129,24;Pix;PAGO;Aplicativo
1155;2026-08-31;101;12;3;38,5;0,0;115,5;0,0;115,5;Pix;CANCELADO;Loja Física
1156;2026-02-05;57;5;6;99,9;15,0;599,4;89,91;509,49;Boleto;PAGO;Site
1157;2026-06-30;195;6;3;6,5;0,0;19,5;0,0;19,5;Cartão de Crédito;PAGO;Marketplace
1158;2025-08-16;88;19;2;27,9;5,0;55,8;2,79;53,01;Cartão de Crédito;PAGO;Loja Física
1159;2026-01-31;144;12;3;38,5;0,0;115,5;0,0;115,5;Pix;PAGO;Aplicativo
1160;2026-06-09;148;8;1;54,9;0,0;54,9;0,0;54,9;Boleto;PAGO;Loja Física
1161;2025-03-30;94;27;6;64,9;0,0;389,4;0,0;389,4;Pix;PAGO;Loja Física
1162;2026-03-06;122;4;2;59,9;10,0;119,8;11,98;107,82;Cartão de Débito;PAGO;Site
1163;2025-04-22;73;2;1;199,9;15,0;199,9;29,98;169,92;Cartão de Débito;PAGO;Site
1164;2025-05-15;194;4;6;59,9;0,0;359,4;0,0;359,4;Pix;PAGO;Site
1165;2026-07-25;199;25;3;24,9;0,0;74,7;0,0;74,7;Cartão de Crédito;PENDENTE;Site
1166;2025-05-22;127;25;4;24,9;10,0;99,6;9,96;89,64;Pix;PAGO;Aplicativo
1167;2025-11-21;183;11;6;45,0;15,0;270,0;40,5;229,5;Cartão de Crédito;CANCELADO;Marketplace
1168;2025-01-07;11;26;6;79,9;0,0;479,4;0,0;479,4;Pix;PAGO;Site
1169;2025-04-29;84;3;2;79,9;15,0;159,8;23,97;135,83;Pix;PENDENTE;Site
1170;2025-10-18;78;21;6;6,9;0,0;41,4;0,0;41,4;Cartão de Débito;PAGO;Site
1171;2025-08-16;109;16;2;19,9;0,0;39,8;0,0;39,8;Cartão de Débito;PENDENTE;Loja Física
1172;2025-06-21;95;24;1;13,9;0,0;13,9;0,0;13,9;Pix;PAGO;Aplicativo
1173;2025-07-24;156;18;1;14,9;0,0;14,9;0,0;14,9;Cartão de Débito;PAGO;Site
1174;2025-07-28;184;29;1;14,9;5,0;14,9;0,74;14,16;Cartão de Crédito;PAGO;Site
1175;2026-04-21;83;22;4;11,9;0,0;47,6;0,0;47,6;Cartão de Crédito;PAGO;Site
1176;2026-06-08;199;28;5;89,9;15,0;449,5;67,42;382,08;Cartão de Crédito;PAGO;Site
1177;2025-05-04;166;13;1;35,9;0,0;35,9;0,0;35,9;Pix;PAGO;Site
1178;2025-01-30;84;7;5;69,9;0,0;349,5;0,0;349,5;Pix;CANCELADO;Site
1179;2026-08-23;20;29;2;14,9;10,0;29,8;2,98;26,82;Pix;PAGO;Loja Física
1180;2025-11-12;69;8;5;54,9;0,0;274,5;0,0;274,5;Pix;PAGO;Aplicativo
1181;2025-09-25;65;6;4;6,5;5,0;26,0;1,3;24,7;Cartão de Débito;CANCELADO;Aplicativo
1182;2025-07-11;147;15;5;34,9;0,0;174,5;0,0;174,5;Cartão de Crédito;PENDENTE;Aplicativo
1183;2025-12-01;36;25;5;24,9;5,0;124,5;6,22;118,28;Boleto;PAGO;Loja Física
1184;2026-07-16;49;5;3;99,9;0,0;299,7;0,0;299,7;Pix;PAGO;Aplicativo
1185;2025-08-04;178;15;5;34,9;10,0;174,5;17,45;157,05;Cartão de Crédito;PENDENTE;Site
1186;2025-02-11;52;18;4;14,9;0,0;59,6;0,0;59,6;Pix;PAGO;Site
1187;2025-06-16;54;28;5;89,9;15,0;449,5;67,42;382,08;Cartão de Crédito;PAGO;Loja Física
1188;2025-04-05;78;6;6;6,5;0,0;39,0;0,0;39,0;Cartão de Crédito;PAGO;Loja Física
1189;2026-08-31;128;7;1;69,9;0,0;69,9;0,0;69,9;Cartão de Crédito;CANCELADO;Aplicativo
1190;2025-05-23;14;4;6;59,9;0,0;359,4;0,0;359,4;Cartão de Crédito;CANCELADO;Site
1191;2025-12-18;170;2;1;199,9;10,0;199,9;19,99;179,91;Boleto;PAGO;Loja Física
1192;2025-12-12;54;24;2;13,9;5,0;27,8;1,39;26,41;Pix;PAGO;Aplicativo
1193;2025-04-03;73;17;1;9,9;0,0;9,9;0,0;9,9;Cartão de Débito;PAGO;Loja Física
1194;2025-10-21;97;1;5;129,9;0,0;649,5;0,0;649,5;Pix;CANCELADO;Aplicativo
1195;2025-01-02;55;12;6;38,5;10,0;231,0;23,1;207,9;Cartão de Crédito;PAGO;Site
1196;2026-01-03;141;8;4;54,9;0,0;219,6;0,0;219,6;Cartão de Crédito;PAGO;Loja Física
1197;2026-05-09;14;9;1;32,0;0,0;32,0;0,0;32,0;Pix;NAO_INFORMADO;Site
1198;2025-03-29;111;9;1;32,0;0,0;32,0;0,0;32,0;Cartão de Débito;PAGO;Site
1199;2025-01-08;57;4;3;59,9;10,0;179,7;17,97;161,73;Cartão de Crédito;CANCELADO;Loja Física
1200;2026-04-08;95;30;4;29,9;0,0;119,6;0,0;119,6;Cartão de Débito;PAGO;Site
1201;2025-09-15;123;12;3;38,5;15,0;115,5;17,32;98,18;Pix;PAGO;Site
1202;2025-01-28;189;2;1;199,9;15,0;199,9;29,98;169,92;Cartão de Crédito;PAGO;Loja Física
1203;2025-04-10;187;16;2;19,9;10,0;39,8;3,98;35,82;Pix;NAO_INFORMADO;Loja Física
1204;2026-02-23;116;11;6;45,0;0,0;270,0;0,0;270,0;Pix;PAGO;Loja Física
1205;2026-02-15;45;12;5;38,5;0,0;192,5;0,0;192,5;Cartão de Crédito;PAGO;Loja Física
1206;2026-05-24;8;22;3;11,9;0,0;35,7;0,0;35,7;Pix;PAGO;Aplicativo
1207;2025-09-18;112;20;4;22,9;0,0;91,6;0,0;91,6;Cartão de Crédito;PAGO;Site
1208;2026-03-01;109;23;4;12,9;0,0;51,6;0,0;51,6;Pix;PAGO;Aplicativo
1209;2025-09-16;10;2;4;199,9;0,0;799,6;0,0;799,6;Cartão de Crédito;PAGO;Aplicativo
1210;2025-10-04;147;27;6;64,9;0,0;389,4;0,0;389,4;Pix;PAGO;Loja Física
1211;2026-05-24;102;9;5;32,0;15,0;160,0;24,0;136,0;Cartão de Crédito;PAGO;Site
1212;2026-07-24;192;19;4;27,9;0,0;111,6;0,0;111,6;Pix;PAGO;Loja Física
1213;2025-06-28;196;2;4;199,9;0,0;799,6;0,0;799,6;Cartão de Crédito;PAGO;Site
1214;2025-01-16;18;10;5;24,9;10,0;124,5;12,45;112,05;Cartão de Débito;PAGO;Aplicativo
1215;2026-07-08;44;5;1;99,9;0,0;99,9;0,0;99,9;Pix;PAGO;Aplicativo
1216;2026-07-13;22;22;6;11,9;0,0;71,4;0,0;71,4;Pix;PAGO;Site
1217;2026-04-01;6;25;5;24,9;10,0;124,5;12,45;112,05;Cartão de Débito;PAGO;Loja Física
1218;2025-11-08;137;1;1;129,9;0,0;129,9;0,0;129,9;Pix;PENDENTE;Aplicativo
1219;2025-03-05;7;15;5;34,9;0,0;174,5;0,0;174,5;Cartão de Crédito;CANCELADO;Aplicativo
1220;2025-04-04;196;6;2;6,5;10,0;13,0;1,3;11,7;Cartão de Crédito;PAGO;Site
1221;2025-06-04;119;9;2;32,0;10,0;64,0;6,4;57,6;Cartão de Débito;PAGO;Marketplace
1222;2025-05-01;67;21;1;6,9;15,0;6,9;1,03;5,87;Pix;PAGO;Loja Física
1223;2026-07-21;143;21;2;6,9;0,0;13,8;0,0;13,8;Pix;PAGO;Site
1224;2026-03-08;180;22;6;11,9;10,0;71,4;7,14;64,26;Pix;PAGO;Loja Física
1225;2025-03-08;114;20;4;22,9;0,0;91,6;0,0;91,6;Pix;PAGO;Loja Física
1226;2025-05-09;1;19;2;27,9;5,0;55,8;2,79;53,01;Boleto;PAGO;Loja Física
1227;2025-09-22;102;23;5;12,9;0,0;64,5;0,0;64,5;Pix;PAGO;Site
1228;2025-04-26;151;20;1;22,9;15,0;22,9;3,44;19,46;Boleto;PAGO;Marketplace
1229;2026-02-22;1;6;2;6,5;0,0;13,0;0,0;13,0;Pix;PAGO;Loja Física
1230;2026-01-04;72;13;3;35,9;15,0;107,7;16,16;91,54;Pix;PAGO;Site
1231;2026-03-03;103;28;2;89,9;15,0;179,8;26,97;152,83;Pix;PAGO;Marketplace
1232;2026-07-14;162;25;5;24,9;0,0;124,5;0,0;124,5;Cartão de Crédito;PAGO;Marketplace
1233;2026-06-14;27;18;2;14,9;15,0;29,8;4,47;25,33;Pix;PAGO;Site
1234;2025-09-12;179;9;5;32,0;5,0;160,0;8,0;152,0;Pix;PAGO;Marketplace
1235;2025-09-25;81;10;6;24,9;15,0;149,4;22,41;126,99;Cartão de Crédito;PAGO;Aplicativo
1236;2025-12-26;30;12;2;38,5;0,0;77,0;0,0;77,0;Cartão de Crédito;PAGO;Loja Física
1237;2026-02-25;182;25;5;24,9;10,0;124,5;12,45;112,05;Pix;PAGO;Site
1238;2025-05-20;77;1;1;129,9;5,0;129,9;6,5;123,4;Boleto;PAGO;Marketplace
1239;2026-02-25;13;9;6;32,0;0,0;192,0;0,0;192,0;Cartão de Débito;PAGO;Loja Física
1240;2025-11-12;197;16;4;19,9;0,0;79,6;0,0;79,6;Boleto;PENDENTE;Site
1241;2025-05-14;163;8;3;54,9;0,0;164,7;0,0;164,7;Cartão de Débito;PAGO;Loja Física
1242;2026-03-12;42;20;5;22,9;15,0;114,5;17,18;97,32;Pix;NAO_INFORMADO;Loja Física
1243;2026-05-01;80;26;4;79,9;0,0;319,6;0,0;319,6;Pix;PENDENTE;Loja Física
1244;2025-09-15;137;23;1;12,9;15,0;12,9;1,94;10,96;Cartão de Crédito;PENDENTE;Loja Física
1245;2025-07-20;21;17;4;9,9;0,0;39,6;0,0;39,6;Cartão de Crédito;PAGO;Marketplace
1246;2025-09-27;43;30;3;29,9;10,0;89,7;8,97;80,73;Cartão de Débito;CANCELADO;Loja Física
1247;2025-12-21;179;8;6;54,9;5,0;329,4;16,47;312,93;Cartão de Crédito;PAGO;Site
1248;2025-06-29;80;27;6;64,9;0,0;389,4;0,0;389,4;Pix;CANCELADO;Site
1249;2025-11-09;168;12;3;38,5;0,0;115,5;0,0;115,5;Pix;PAGO;Marketplace
1250;2026-04-04;74;3;1;79,9;15,0;79,9;11,98;67,92;Cartão de Crédito;PAGO;Site
1251;2025-07-31;63;24;1;13,9;10,0;13,9;1,39;12,51;Pix;PENDENTE;Site
1252;2025-12-29;183;18;4;14,9;0,0;59,6;0,0;59,6;Cartão de Crédito;PAGO;Site
1253;2025-08-24;84;2;3;199,9;10,0;599,7;59,97;539,73;Cartão de Crédito;PAGO;Marketplace
1255;2026-03-14;14;9;3;32,0;15,0;96,0;14,4;81,6;Cartão de Crédito;CANCELADO;Aplicativo
1256;2025-11-25;62;20;2;22,9;10,0;45,8;4,58;41,22;Cartão de Crédito;PAGO;Site
1257;2026-08-24;136;18;6;14,9;5,0;89,4;4,47;84,93;Cartão de Débito;PAGO;Site
1258;2025-10-08;116;11;4;45,0;10,0;180,0;18,0;162,0;Pix;PAGO;Marketplace
1259;2025-05-16;53;18;6;14,9;15,0;89,4;13,41;75,99;Cartão de Crédito;PAGO;Site
1260;2026-07-17;128;26;1;79,9;0,0;79,9;0,0;79,9;Pix;PAGO;Site
1261;2025-08-06;43;17;5;9,9;0,0;49,5;0,0;49,5;Pix;PAGO;Loja Física
1262;2025-01-31;131;23;5;12,9;15,0;64,5;9,68;54,82;Cartão de Crédito;PAGO;Aplicativo
1264;2026-05-10;71;8;6;54,9;0,0;329,4;0,0;329,4;Cartão de Débito;PAGO;Loja Física
1265;2025-01-04;51;14;5;27,9;10,0;139,5;13,95;125,55;Cartão de Débito;PAGO;Loja Física
1266;2025-03-18;85;9;3;32,0;0,0;96,0;0,0;96,0;Boleto;PAGO;Aplicativo
1268;2026-08-29;69;18;3;14,9;15,0;44,7;6,7;38,0;Cartão de Crédito;PAGO;Aplicativo
1269;2026-08-05;145;18;2;14,9;5,0;29,8;1,49;28,31;Cartão de Crédito;PAGO;Loja Física
1270;2026-04-29;136;14;5;27,9;10,0;139,5;13,95;125,55;Cartão de Crédito;PENDENTE;Site
1271;2026-04-11;97;19;4;27,9;0,0;111,6;0,0;111,6;Cartão de Crédito;PAGO;Loja Física
1273;2026-04-18;93;29;5;14,9;0,0;74,5;0,0;74,5;Cartão de Crédito;PAGO;Site
1274;2025-03-18;25;22;6;11,9;5,0;71,4;3,57;67,83;Cartão de Crédito;PAGO;Loja Física
1275;2025-05-25;155;19;4;27,9;0,0;111,6;0,0;111,6;Pix;PAGO;Aplicativo
1276;2025-04-18;142;30;3;29,9;0,0;89,7;0,0;89,7;Cartão de Crédito;PAGO;Loja Física
1278;2025-05-20;72;11;4;45,0;15,0;180,0;27,0;153,0;Cartão de Débito;PAGO;Marketplace
1279;2026-05-13;134;29;6;14,9;10,0;89,4;8,94;80,46;Boleto;PAGO;Aplicativo
1280;2026-07-10;198;8;1;54,9;0,0;54,9;0,0;54,9;Pix;PAGO;Site
1281;2025-07-02;119;2;1;199,9;15,0;199,9;29,98;169,92;Pix;NAO_INFORMADO;Loja Física
1282;2026-03-28;14;3;6;79,9;15,0;479,4;71,91;407,49;Cartão de Crédito;PAGO;Aplicativo
1284;2025-08-07;106;5;5;99,9;0,0;499,5;0,0;499,5;Pix;PAGO;Aplicativo
1285;2025-05-25;122;24;1;13,9;0,0;13,9;0,0;13,9;Cartão de Débito;PAGO;Loja Física
1286;2025-07-07;18;5;3;99,9;0,0;299,7;0,0;299,7;Cartão de Débito;PAGO;Aplicativo
1287;2025-06-05;108;9;5;32,0;5,0;160,0;8,0;152,0;Pix;PAGO;Site
1288;2025-09-15;77;15;2;34,9;5,0;69,8;3,49;66,31;Cartão de Crédito;PAGO;Loja Física
1289;2026-07-08;13;30;6;29,9;0,0;179,4;0,0;179,4;Pix;PAGO;Loja Física
1290;2025-06-13;53;15;5;34,9;5,0;174,5;8,72;165,78;Pix;PAGO;Site
1291;2025-01-29;171;25;3;24,9;5,0;74,7;3,74;70,96;Pix;PAGO;Marketplace
1292;2025-12-03;76;17;4;9,9;10,0;39,6;3,96;35,64;Boleto;NAO_INFORMADO;Loja Física
1293;2025-08-28;81;6;6;6,5;15,0;39,0;5,85;33,15;Boleto;PAGO;Aplicativo
1294;2026-08-03;92;29;1;14,9;15,0;14,9;2,24;12,66;Boleto;PAGO;Aplicativo
1295;2025-12-22;168;4;3;59,9;10,0;179,7;17,97;161,73;Cartão de Crédito;PAGO;Site
1296;2025-05-13;119;2;4;199,9;5,0;799,6;39,98;759,62;Cartão de Crédito;PAGO;Site
1297;2026-02-07;74;1;2;129,9;10,0;259,8;25,98;233,82;Cartão de Crédito;PAGO;Loja Física
1299;2025-12-11;158;21;5;6,9;5,0;34,5;1,72;32,78;Cartão de Débito;CANCELADO;Aplicativo
1300;2025-03-14;9;12;6;38,5;0,0;231,0;0,0;231,0;Cartão de Crédito;PAGO;Loja Física
1301;2026-05-04;68;14;5;27,9;0,0;139,5;0,0;139,5;Cartão de Débito;PAGO;Site
1302;2025-10-23;79;5;6;99,9;5,0;599,4;29,97;569,43;Cartão de Crédito;PAGO;Loja Física
1303;2025-01-09;56;15;4;34,9;0,0;139,6;0,0;139,6;Cartão de Crédito;PAGO;Marketplace
1304;2025-07-08;150;5;4;99,9;0,0;399,6;0,0;399,6;Cartão de Crédito;PAGO;Aplicativo
1305;2025-02-02;147;8;3;54,9;0,0;164,7;0,0;164,7;Cartão de Crédito;NAO_INFORMADO;Aplicativo
1306;2026-06-07;65;1;6;129,9;0,0;779,4;0,0;779,4;Pix;PAGO;Site
1307;2026-04-13;86;5;5;99,9;15,0;499,5;74,92;424,58;Cartão de Débito;PAGO;Site
1308;2026-03-10;80;19;2;27,9;0,0;55,8;0,0;55,8;Pix;PAGO;Site
1309;2026-06-18;48;6;1;6,5;0,0;6,5;0,0;6,5;Pix;PAGO;Aplicativo
1310;2026-07-18;2;4;1;59,9;0,0;59,9;0,0;59,9;Pix;PAGO;Site
1311;2025-05-08;134;22;2;11,9;5,0;23,8;1,19;22,61;Boleto;PENDENTE;Site
1312;2026-07-18;141;25;1;24,9;0,0;24,9;0,0;24,9;Cartão de Crédito;PAGO;Site
1313;2025-02-21;193;6;6;6,5;15,0;39,0;5,85;33,15;Pix;PAGO;Aplicativo
1314;2026-06-05;149;7;1;69,9;0,0;69,9;0,0;69,9;Cartão de Débito;PAGO;Marketplace
1315;2026-05-04;42;2;6;199,9;0,0;1199,4;0,0;1199,4;Pix;PAGO;Site
1316;2025-04-01;72;27;2;64,9;0,0;129,8;0,0;129,8;Cartão de Crédito;CANCELADO;Loja Física
1317;2026-01-04;148;17;6;9,9;5,0;59,4;2,97;56,43;Cartão de Crédito;PAGO;Aplicativo
1318;2025-06-02;57;5;1;99,9;15,0;99,9;14,98;84,92;Pix;CANCELADO;Marketplace
1319;2025-05-14;129;8;3;54,9;0,0;164,7;0,0;164,7;Cartão de Crédito;PAGO;Site
1320;2026-04-13;118;12;6;38,5;0,0;231,0;0,0;231,0;Pix;PAGO;Loja Física
1321;2025-03-17;121;22;1;11,9;0,0;11,9;0,0;11,9;Pix;CANCELADO;Loja Física
1322;2026-07-09;71;17;2;9,9;0,0;19,8;0,0;19,8;Cartão de Crédito;PAGO;Loja Física
1323;2026-07-25;95;4;4;59,9;15,0;239,6;35,94;203,66;Cartão de Crédito;PAGO;Marketplace
1324;2026-08-08;132;2;4;199,9;15,0;799,6;119,94;679,66;Pix;PAGO;Loja Física
1325;2025-07-21;176;9;3;32,0;0,0;96,0;0,0;96,0;Cartão de Crédito;PAGO;Site
1326;2025-05-18;112;13;2;35,9;15,0;71,8;10,77;61,03;Pix;PAGO;Aplicativo
1327;2025-09-30;173;30;6;29,9;0,0;179,4;0,0;179,4;Pix;PAGO;Marketplace
1328;2025-06-01;164;20;6;22,9;0,0;137,4;0,0;137,4;Cartão de Crédito;PAGO;Aplicativo
1329;2025-05-18;185;13;3;35,9;0,0;107,7;0,0;107,7;Boleto;PAGO;Site
1330;2025-02-05;177;8;2;54,9;0,0;109,8;0,0;109,8;Pix;CANCELADO;Aplicativo
1331;2026-02-04;177;1;3;129,9;5,0;389,7;19,48;370,22;Cartão de Crédito;PAGO;Site
1332;2025-12-10;52;24;3;13,9;0,0;41,7;0,0;41,7;Boleto;CANCELADO;Marketplace
1333;2025-03-07;111;13;6;35,9;0,0;215,4;0,0;215,4;Boleto;PAGO;Site
1334;2025-11-10;131;30;1;29,9;0,0;29,9;0,0;29,9;Cartão de Débito;PENDENTE;Loja Física
1335;2025-04-26;62;12;5;38,5;0,0;192,5;0,0;192,5;Cartão de Crédito;PAGO;Aplicativo
1336;2025-02-23;171;4;3;59,9;0,0;179,7;0,0;179,7;Cartão de Crédito;PAGO;Marketplace
1337;2025-02-27;116;27;1;64,9;5,0;64,9;3,24;61,66;Cartão de Crédito;PAGO;Loja Física
1338;2026-05-23;136;29;1;14,9;15,0;14,9;2,24;12,66;Pix;PAGO;Loja Física
1339;2025-08-03;93;15;1;34,9;15,0;34,9;5,24;29,66;Boleto;PAGO;Site
1340;2026-05-26;13;26;4;79,9;0,0;319,6;0,0;319,6;Cartão de Crédito;PAGO;Site
1341;2025-06-01;57;1;6;129,9;0,0;779,4;0,0;779,4;Cartão de Crédito;PAGO;Loja Física
1342;2025-02-17;196;15;1;34,9;10,0;34,9;3,49;31,41;Cartão de Crédito;PENDENTE;Marketplace
1343;2025-06-05;124;11;6;45,0;15,0;270,0;40,5;229,5;Cartão de Crédito;CANCELADO;Loja Física
1344;2026-08-11;178;7;1;69,9;15,0;69,9;10,48;59,42;Pix;PAGO;Site
1345;2025-07-22;97;3;4;79,9;5,0;319,6;15,98;303,62;Pix;PENDENTE;Site
1346;2026-05-12;64;1;5;129,9;0,0;649,5;0,0;649,5;Pix;PAGO;Aplicativo
1347;2026-03-30;59;22;2;11,9;10,0;23,8;2,38;21,42;Cartão de Crédito;PAGO;Loja Física
1348;2025-08-16;91;28;4;89,9;0,0;359,6;0,0;359,6;Pix;PAGO;Marketplace
1349;2026-02-03;156;3;1;79,9;0,0;79,9;0,0;79,9;Cartão de Débito;PAGO;Aplicativo
1351;2025-09-22;200;22;6;11,9;0,0;71,4;0,0;71,4;Cartão de Crédito;PAGO;Loja Física
1352;2026-06-05;5;7;6;69,9;10,0;419,4;41,94;377,46;Pix;PAGO;Loja Física
1353;2025-07-08;46;22;6;11,9;10,0;71,4;7,14;64,26;Boleto;PAGO;Aplicativo
1354;2026-05-06;63;11;2;45,0;0,0;90,0;0,0;90,0;Cartão de Débito;PAGO;Aplicativo
1356;2025-08-23;147;13;6;35,9;15,0;215,4;32,31;183,09;Cartão de Crédito;PAGO;Loja Física
1357;2025-06-28;161;16;1;19,9;10,0;19,9;1,99;17,91;Pix;PAGO;Aplicativo
1358;2026-08-14;185;11;4;45,0;0,0;180,0;0,0;180,0;Cartão de Crédito;PAGO;Site
1359;2025-09-17;44;6;1;6,5;0,0;6,5;0,0;6,5;Boleto;PAGO;Loja Física
1360;2026-03-17;159;3;2;79,9;0,0;159,8;0,0;159,8;Cartão de Crédito;CANCELADO;Loja Física
1361;2025-08-25;21;16;2;19,9;15,0;39,8;5,97;33,83;Cartão de Crédito;PAGO;Aplicativo
1362;2026-07-12;108;23;5;12,9;0,0;64,5;0,0;64,5;Pix;PAGO;Site
1363;2026-01-27;85;30;6;29,9;0,0;179,4;0,0;179,4;Pix;PAGO;Aplicativo
1364;2025-03-12;91;6;2;6,5;15,0;13,0;1,95;11,05;Pix;PAGO;Loja Física
1365;2025-02-21;1;21;4;6,9;0,0;27,6;0,0;27,6;Cartão de Crédito;NAO_INFORMADO;Site
1366;2026-04-06;80;22;4;11,9;0,0;47,6;0,0;47,6;Cartão de Crédito;PAGO;Site
1367;2025-08-14;121;9;3;32,0;0,0;96,0;0,0;96,0;Pix;PAGO;Site
1368;2026-01-02;36;15;4;34,9;5,0;139,6;6,98;132,62;Cartão de Crédito;PENDENTE;Aplicativo
1369;2025-06-14;119;24;1;13,9;0,0;13,9;0,0;13,9;Cartão de Crédito;PAGO;Loja Física
1370;2025-12-10;157;10;5;24,9;0,0;124,5;0,0;124,5;Pix;PAGO;Loja Física
1371;2025-08-15;79;25;3;24,9;10,0;74,7;7,47;67,23;Pix;CANCELADO;Site
1372;2025-09-22;71;19;2;27,9;5,0;55,8;2,79;53,01;Cartão de Crédito;PAGO;Marketplace
1373;2025-08-18;13;17;6;9,9;5,0;59,4;2,97;56,43;Pix;PAGO;Site
1374;2026-08-20;70;19;6;27,9;0,0;167,4;0,0;167,4;Pix;PAGO;Aplicativo
1375;2026-05-06;84;2;6;199,9;0,0;1199,4;0,0;1199,4;Cartão de Débito;PENDENTE;Site
1376;2025-05-09;10;12;3;38,5;0,0;115,5;0,0;115,5;Pix;PAGO;Aplicativo
1377;2025-01-29;37;3;2;79,9;10,0;159,8;15,98;143,82;Cartão de Débito;PAGO;Marketplace
1378;2026-08-20;87;13;3;35,9;10,0;107,7;10,77;96,93;Cartão de Crédito;PAGO;Marketplace
1379;2025-11-02;49;20;2;22,9;0,0;45,8;0,0;45,8;Cartão de Crédito;PAGO;Loja Física
1380;2025-07-15;105;18;3;14,9;0,0;44,7;0,0;44,7;Boleto;PAGO;Loja Física
1381;2025-08-26;170;6;3;6,5;0,0;19,5;0,0;19,5;Cartão de Crédito;NAO_INFORMADO;Aplicativo
1382;2026-07-20;167;22;4;11,9;0,0;47,6;0,0;47,6;Cartão de Crédito;NAO_INFORMADO;Site
1383;2025-04-02;166;25;5;24,9;10,0;124,5;12,45;112,05;Boleto;PAGO;Site
1384;2026-07-04;94;2;3;199,9;0,0;599,7;0,0;599,7;Pix;PAGO;Loja Física
1385;2025-06-13;51;6;4;6,5;0,0;26,0;0,0;26,0;Pix;PAGO;Loja Física
1386;2025-01-11;59;11;4;45,0;0,0;180,0;0,0;180,0;Pix;PAGO;Loja Física
1388;2025-03-22;45;24;1;13,9;0,0;13,9;0,0;13,9;Cartão de Crédito;PAGO;Site
1389;2025-05-11;139;7;3;69,9;0,0;209,7;0,0;209,7;Cartão de Crédito;CANCELADO;Aplicativo
1390;2025-05-16;75;30;1;29,9;0,0;29,9;0,0;29,9;Cartão de Débito;PAGO;Loja Física
1391;2026-05-23;83;15;6;34,9;15,0;209,4;31,41;177,99;Pix;PAGO;Loja Física
1392;2026-03-28;40;13;3;35,9;15,0;107,7;16,16;91,54;Cartão de Crédito;PAGO;Marketplace
1393;2025-12-18;99;11;5;45,0;0,0;225,0;0,0;225,0;Cartão de Débito;CANCELADO;Site
1394;2025-03-20;48;8;4;54,9;0,0;219,6;0,0;219,6;Pix;PAGO;Marketplace
1395;2025-03-17;117;23;5;12,9;15,0;64,5;9,68;54,82;Pix;PENDENTE;Loja Física
1396;2025-09-15;178;8;5;54,9;0,0;274,5;0,0;274,5;Pix;PAGO;Aplicativo
1397;2025-09-18;64;6;2;6,5;0,0;13,0;0,0;13,0;Cartão de Crédito;PAGO;Loja Física
1398;2026-01-27;50;13;6;35,9;0,0;215,4;0,0;215,4;Cartão de Crédito;PAGO;Loja Física
1399;2026-06-16;128;10;4;24,9;5,0;99,6;4,98;94,62;Cartão de Crédito;PAGO;Loja Física
1400;2025-12-24;19;28;3;89,9;5,0;269,7;13,48;256,22;Cartão de Débito;PAGO;Site
1401;2025-11-21;107;23;2;12,9;0,0;25,8;0,0;25,8;Pix;PAGO;Loja Física
1402;2026-02-13;90;30;3;29,9;5,0;89,7;4,49;85,21;Pix;PAGO;Site
1403;2026-02-25;56;5;5;99,9;0,0;499,5;0,0;499,5;Pix;PAGO;Aplicativo
1404;2026-02-23;45;14;2;27,9;15,0;55,8;8,37;47,43;Cartão de Crédito;PAGO;Loja Física
1405;2026-07-19;87;3;3;79,9;0,0;239,7;0,0;239,7;Pix;NAO_INFORMADO;Loja Física
1406;2025-08-18;181;28;1;89,9;15,0;89,9;13,48;76,42;Pix;PAGO;Loja Física
1407;2025-04-26;183;26;1;79,9;0,0;79,9;0,0;79,9;Cartão de Crédito;PAGO;Site
1408;2025-09-26;143;10;1;24,9;5,0;24,9;1,25;23,65;Pix;PAGO;Loja Física
1409;2026-05-25;114;1;1;129,9;10,0;129,9;12,99;116,91;Cartão de Crédito;PAGO;Loja Física
1410;2025-11-15;199;13;6;35,9;10,0;215,4;21,54;193,86;Pix;CANCELADO;Aplicativo
1411;2025-01-18;79;23;4;12,9;10,0;51,6;5,16;46,44;Pix;PAGO;Site
1412;2026-08-05;198;4;3;59,9;15,0;179,7;26,96;152,74;Cartão de Crédito;CANCELADO;Site
1413;2026-06-24;25;14;5;27,9;10,0;139,5;13,95;125,55;Pix;CANCELADO;Loja Física
1414;2025-01-03;16;14;4;27,9;0,0;111,6;0,0;111,6;Pix;PAGO;Loja Física
1416;2025-03-05;16;26;5;79,9;0,0;399,5;0,0;399,5;Pix;PAGO;Site
1417;2026-05-29;157;8;2;54,9;0,0;109,8;0,0;109,8;Cartão de Crédito;PAGO;Aplicativo
1418;2026-07-10;193;24;1;13,9;15,0;13,9;2,08;11,82;Cartão de Débito;PAGO;Loja Física
1420;2025-03-06;136;8;3;54,9;0,0;164,7;0,0;164,7;Pix;PAGO;Aplicativo
1421;2026-01-15;149;29;4;14,9;0,0;59,6;0,0;59,6;Pix;PAGO;Loja Física
1422;2026-04-01;105;9;2;32,0;0,0;64,0;0,0;64,0;Cartão de Crédito;PAGO;Site
1423;2025-07-02;189;21;2;6,9;10,0;13,8;1,38;12,42;Pix;PAGO;Aplicativo
1424;2025-12-29;148;23;4;12,9;15,0;51,6;7,74;43,86;Pix;PAGO;Site
1425;2026-03-22;161;29;2;14,9;10,0;29,8;2,98;26,82;Pix;PAGO;Loja Física
1426;2026-02-26;109;1;4;129,9;5,0;519,6;25,98;493,62;Boleto;PAGO;Site
1428;2026-04-19;63;7;5;69,9;0,0;349,5;0,0;349,5;Cartão de Débito;PAGO;Loja Física
1429;2026-07-01;8;18;5;14,9;0,0;74,5;0,0;74,5;Pix;PAGO;Site
1430;2025-02-02;42;29;1;14,9;0,0;14,9;0,0;14,9;Pix;PAGO;Loja Física
1431;2025-09-16;92;2;1;199,9;5,0;199,9;9,99;189,91;Pix;PAGO;Site
1432;2026-07-08;142;28;6;89,9;0,0;539,4;0,0;539,4;Cartão de Crédito;PAGO;Marketplace
1433;2026-04-03;95;18;3;14,9;0,0;44,7;0,0;44,7;Pix;NAO_INFORMADO;Aplicativo
1434;2025-12-31;166;25;6;24,9;0,0;149,4;0,0;149,4;Pix;PAGO;Loja Física
1435;2025-10-29;111;25;5;24,9;0,0;124,5;0,0;124,5;Cartão de Crédito;PAGO;Aplicativo
1436;2025-02-01;29;17;4;9,9;10,0;39,6;3,96;35,64;Cartão de Débito;PENDENTE;Loja Física
1438;2025-05-10;30;30;3;29,9;0,0;89,7;0,0;89,7;Boleto;CANCELADO;Site
1439;2025-01-09;85;14;2;27,9;0,0;55,8;0,0;55,8;Pix;PENDENTE;Site
1440;2025-11-30;96;10;4;24,9;5,0;99,6;4,98;94,62;Pix;PAGO;Aplicativo
1441;2025-05-21;74;18;2;14,9;0,0;29,8;0,0;29,8;Cartão de Crédito;PAGO;Aplicativo
1442;2025-04-04;18;2;1;199,9;10,0;199,9;19,99;179,91;Cartão de Débito;PAGO;Loja Física
1443;2025-09-10;159;16;2;19,9;0,0;39,8;0,0;39,8;Cartão de Crédito;PAGO;Loja Física
1444;2025-11-17;26;22;3;11,9;0,0;35,7;0,0;35,7;Pix;PAGO;Site
1445;2026-01-07;79;2;3;199,9;5,0;599,7;29,98;569,72;Pix;PAGO;Site
1446;2026-06-26;188;21;2;6,9;10,0;13,8;1,38;12,42;Cartão de Débito;PAGO;Aplicativo
1447;2025-10-24;155;10;6;24,9;0,0;149,4;0,0;149,4;Pix;PAGO;Loja Física
1448;2025-07-25;62;17;2;9,9;15,0;19,8;2,97;16,83;Cartão de Crédito;PENDENTE;Site
1449;2025-12-28;45;17;5;9,9;0,0;49,5;0,0;49,5;Cartão de Crédito;PAGO;Site
1450;2026-02-23;84;22;1;11,9;15,0;11,9;1,78;10,12;Cartão de Crédito;PAGO;Site
1451;2026-03-12;176;17;1;9,9;0,0;9,9;0,0;9,9;Pix;PAGO;Loja Física
1452;2025-03-08;80;24;4;13,9;0,0;55,6;0,0;55,6;Pix;PAGO;Site
1453;2026-08-25;148;21;4;6,9;5,0;27,6;1,38;26,22;Cartão de Débito;PENDENTE;Site
1454;2025-12-15;42;8;5;54,9;0,0;274,5;0,0;274,5;Cartão de Crédito;PENDENTE;Site
1455;2026-06-14;77;6;6;6,5;5,0;39,0;1,95;37,05;Cartão de Débito;PAGO;Aplicativo
1456;2026-05-18;85;15;2;34,9;10,0;69,8;6,98;62,82;Cartão de Crédito;PENDENTE;Marketplace
1457;2026-08-21;119;27;5;64,9;10,0;324,5;32,45;292,05;Cartão de Crédito;PAGO;Site
1458;2026-04-08;21;10;5;24,9;0,0;124,5;0,0;124,5;Pix;PAGO;Loja Física
1459;2025-07-31;109;30;3;29,9;0,0;89,7;0,0;89,7;Cartão de Débito;PAGO;Marketplace
1460;2026-03-21;138;24;2;13,9;0,0;27,8;0,0;27,8;Cartão de Débito;PAGO;Marketplace
1461;2025-01-24;189;3;3;79,9;15,0;239,7;35,96;203,74;Cartão de Crédito;NAO_INFORMADO;Marketplace
1462;2026-01-15;81;21;2;6,9;0,0;13,8;0,0;13,8;Cartão de Crédito;PAGO;Loja Física
1463;2026-07-06;193;12;1;38,5;0,0;38,5;0,0;38,5;Cartão de Débito;PAGO;Aplicativo
1464;2025-05-05;148;7;2;69,9;0,0;139,8;0,0;139,8;Cartão de Débito;PAGO;Site
1465;2025-09-07;186;16;3;19,9;0,0;59,7;0,0;59,7;Pix;PENDENTE;Site
1466;2025-11-03;55;23;1;12,9;10,0;12,9;1,29;11,61;Cartão de Crédito;PAGO;Marketplace
1467;2026-03-27;21;17;4;9,9;0,0;39,6;0,0;39,6;Cartão de Crédito;PAGO;Site
1468;2025-11-26;193;8;5;54,9;15,0;274,5;41,18;233,32;Boleto;PAGO;Loja Física
1469;2025-07-10;92;28;4;89,9;0,0;359,6;0,0;359,6;Cartão de Débito;PAGO;Site
1470;2026-05-13;47;2;6;199,9;0,0;1199,4;0,0;1199,4;Pix;PAGO;Marketplace
1471;2025-03-26;97;14;1;27,9;15,0;27,9;4,18;23,72;Pix;PAGO;Site
1472;2025-11-03;105;11;6;45,0;15,0;270,0;40,5;229,5;Pix;PAGO;Loja Física
1473;2025-05-27;125;18;1;14,9;0,0;14,9;0,0;14,9;Pix;NAO_INFORMADO;Marketplace
1474;2025-08-24;152;9;6;32,0;0,0;192,0;0,0;192,0;Cartão de Débito;PAGO;Site
1475;2025-01-04;146;13;3;35,9;0,0;107,7;0,0;107,7;Pix;PENDENTE;Marketplace
1476;2025-08-31;197;25;3;24,9;0,0;74,7;0,0;74,7;Cartão de Crédito;PAGO;Loja Física
1477;2026-07-28;31;7;1;69,9;15,0;69,9;10,48;59,42;Pix;PAGO;Loja Física
1478;2026-06-20;17;27;1;64,9;5,0;64,9;3,24;61,66;Cartão de Crédito;CANCELADO;Aplicativo
1479;2026-04-06;4;8;6;54,9;15,0;329,4;49,41;279,99;Pix;PAGO;Site
1480;2025-07-10;140;7;5;69,9;0,0;349,5;0,0;349,5;Pix;PENDENTE;Marketplace
1481;2025-03-29;157;3;6;79,9;0,0;479,4;0,0;479,4;Cartão de Crédito;PENDENTE;Loja Física
1482;2025-10-06;26;3;1;79,9;5,0;79,9;4,0;75,9;Pix;PAGO;Loja Física
1483;2025-05-28;37;3;1;79,9;15,0;79,9;11,98;67,92;Pix;PAGO;Site
1484;2026-05-23;77;9;5;32,0;15,0;160,0;24,0;136,0;Pix;PAGO;Marketplace
1485;2025-02-22;10;7;2;69,9;0,0;139,8;0,0;139,8;Pix;PAGO;Loja Física
1486;2025-06-05;200;5;5;99,9;0,0;499,5;0,0;499,5;Pix;PAGO;Site
1487;2026-07-11;150;24;2;13,9;0,0;27,8;0,0;27,8;Pix;PAGO;Loja Física
1488;2026-04-18;56;5;3;99,9;5,0;299,7;14,98;284,72;Cartão de Crédito;NAO_INFORMADO;Aplicativo
1489;2026-08-03;11;6;2;6,5;10,0;13,0;1,3;11,7;Cartão de Crédito;PAGO;Site
1490;2026-02-22;29;1;3;129,9;0,0;389,7;0,0;389,7;Pix;PENDENTE;Marketplace
1491;2025-05-29;58;1;4;129,9;15,0;519,6;77,94;441,66;Pix;PAGO;Loja Física
1492;2026-08-25;70;3;6;79,9;15,0;479,4;71,91;407,49;Pix;PAGO;Aplicativo
1493;2025-07-04;97;10;6;24,9;5,0;149,4;7,47;141,93;Pix;PAGO;Site
1494;2025-11-04;185;8;2;54,9;5,0;109,8;5,49;104,31;Pix;PAGO;Aplicativo
1495;2026-08-12;171;18;3;14,9;0,0;44,7;0,0;44,7;Pix;PAGO;Aplicativo
1496;2026-07-03;106;14;5;27,9;0,0;139,5;0,0;139,5;Cartão de Crédito;CANCELADO;Marketplace
1497;2026-05-28;135;5;2;99,9;0,0;199,8;0,0;199,8;Pix;CANCELADO;Loja Física
1498;2025-10-26;159;18;1;14,9;15,0;14,9;2,24;12,66;Cartão de Crédito;PAGO;Site
1499;2025-07-22;84;17;2;9,9;0,0;19,8;0,0;19,8;Pix;CANCELADO;Site
1500;2025-11-23;71;17;2;9,9;0,0;19,8;0,0;19,8;Pix;PAGO;Marketplace
1501;2026-01-03;85;24;4;13,9;0,0;55,6;0,0;55,6;Cartão de Débito;PAGO;Loja Física
1502;2026-08-31;29;8;3;54,9;5,0;164,7;8,24;156,46;Pix;CANCELADO;Aplicativo
1503;2025-04-05;99;4;3;59,9;5,0;179,7;8,98;170,72;Cartão de Débito;NAO_INFORMADO;Aplicativo
1504;2026-08-15;187;7;4;69,9;0,0;279,6;0,0;279,6;Cartão de Crédito;PAGO;Site
1505;2026-07-15;109;10;5;24,9;0,0;124,5;0,0;124,5;Boleto;CANCELADO;Marketplace
1506;2025-04-10;186;19;5;27,9;15,0;139,5;20,92;118,58;Pix;PAGO;Site
1507;2026-05-29;37;22;5;11,9;15,0;59,5;8,93;50,57;Cartão de Crédito;PAGO;Loja Física
1509;2025-02-24;25;19;6;27,9;0,0;167,4;0,0;167,4;Cartão de Crédito;PAGO;Loja Física
1510;2025-08-16;132;30;1;29,9;0,0;29,9;0,0;29,9;Cartão de Crédito;PAGO;Loja Física
1511;2025-09-26;177;5;1;99,9;0,0;99,9;0,0;99,9;Boleto;PAGO;Site
1512;2026-04-11;5;14;3;27,9;0,0;83,7;0,0;83,7;Pix;CANCELADO;Marketplace
1513;2025-06-30;162;11;1;45,0;0,0;45,0;0,0;45,0;Pix;PAGO;Loja Física
1514;2025-05-11;144;8;1;54,9;0,0;54,9;0,0;54,9;Cartão de Crédito;PAGO;Loja Física
1515;2025-04-02;33;19;6;27,9;0,0;167,4;0,0;167,4;Cartão de Crédito;PAGO;Site
1516;2025-09-22;80;14;4;27,9;0,0;111,6;0,0;111,6;Cartão de Crédito;PAGO;Loja Física
1517;2025-01-26;28;14;2;27,9;5,0;55,8;2,79;53,01;Pix;PAGO;Aplicativo
1518;2025-12-25;143;7;6;69,9;0,0;419,4;0,0;419,4;Pix;PAGO;Loja Física
1519;2025-07-07;101;4;6;59,9;0,0;359,4;0,0;359,4;Boleto;PAGO;Aplicativo
1520;2025-10-10;20;12;6;38,5;5,0;231,0;11,55;219,45;Cartão de Débito;CANCELADO;Site
1521;2025-03-24;170;28;3;89,9;0,0;269,7;0,0;269,7;Cartão de Crédito;PAGO;Loja Física
1522;2025-05-30;33;4;5;59,9;0,0;299,5;0,0;299,5;Pix;PAGO;Loja Física
1523;2025-06-04;23;29;6;14,9;0,0;89,4;0,0;89,4;Cartão de Débito;PAGO;Aplicativo
1524;2025-10-11;73;12;3;38,5;10,0;115,5;11,55;103,95;Cartão de Débito;PAGO;Site
1525;2026-03-16;60;18;1;14,9;0,0;14,9;0,0;14,9;Pix;NAO_INFORMADO;Aplicativo
1526;2025-10-11;151;28;5;89,9;15,0;449,5;67,42;382,08;Cartão de Crédito;PAGO;Marketplace
1527;2026-01-15;80;27;1;64,9;0,0;64,9;0,0;64,9;Cartão de Crédito;PAGO;Loja Física
1528;2026-06-25;109;4;6;59,9;0,0;359,4;0,0;359,4;Cartão de Débito;PAGO;Site
1529;2026-04-03;141;7;2;69,9;15,0;139,8;20,97;118,83;Cartão de Crédito;PAGO;Loja Física
1530;2025-04-30;62;2;1;199,9;0,0;199,9;0,0;199,9;Cartão de Débito;PENDENTE;Aplicativo
1531;2025-06-09;195;2;6;199,9;0,0;1199,4;0,0;1199,4;Cartão de Crédito;PAGO;Loja Física
1532;2026-06-21;85;4;5;59,9;15,0;299,5;44,92;254,58;Pix;PAGO;Loja Física
1533;2026-06-26;174;6;6;6,5;15,0;39,0;5,85;33,15;Cartão de Débito;PAGO;Aplicativo
1534;2026-03-13;8;2;6;199,9;5,0;1199,4;59,97;1139,43;Cartão de Crédito;PAGO;Aplicativo
1535;2025-09-15;124;22;5;11,9;0,0;59,5;0,0;59,5;Cartão de Débito;PAGO;Aplicativo
1536;2026-07-15;4;18;1;14,9;10,0;14,9;1,49;13,41;Cartão de Crédito;PAGO;Site
1537;2025-07-18;197;2;1;199,9;0,0;199,9;0,0;199,9;Pix;PAGO;Marketplace
1538;2026-04-12;67;2;4;199,9;0,0;799,6;0,0;799,6;Cartão de Crédito;PAGO;Site
1539;2026-01-09;179;23;1;12,9;10,0;12,9;1,29;11,61;Boleto;PAGO;Aplicativo
1540;2025-01-10;56;29;3;14,9;0,0;44,7;0,0;44,7;Pix;NAO_INFORMADO;Marketplace
1541;2025-04-26;159;25;3;24,9;5,0;74,7;3,74;70,96;Cartão de Débito;PAGO;Marketplace
1543;2025-09-08;60;12;6;38,5;10,0;231,0;23,1;207,9;Cartão de Débito;PAGO;Loja Física
1544;2026-05-26;108;11;1;45,0;0,0;45,0;0,0;45,0;Cartão de Débito;PENDENTE;Aplicativo
1545;2025-04-24;36;28;1;89,9;5,0;89,9;4,5;85,4;Cartão de Débito;PAGO;Loja Física
1546;2026-01-06;67;19;3;27,9;0,0;83,7;0,0;83,7;Pix;PAGO;Site
1547;2026-01-14;198;13;1;35,9;0,0;35,9;0,0;35,9;Cartão de Crédito;PAGO;Loja Física
1548;2025-09-27;194;7;1;69,9;10,0;69,9;6,99;62,91;Cartão de Crédito;PAGO;Site
1549;2025-01-17;199;7;1;69,9;0,0;69,9;0,0;69,9;Cartão de Débito;PAGO;Site
1550;2025-12-07;67;15;6;34,9;15,0;209,4;31,41;177,99;Cartão de Débito;PAGO;Loja Física
1551;2026-03-15;65;18;5;14,9;0,0;74,5;0,0;74,5;Pix;CANCELADO;Loja Física
1552;2026-02-15;122;3;6;79,9;0,0;479,4;0,0;479,4;Cartão de Crédito;PAGO;Site
1553;2025-09-27;133;16;5;19,9;5,0;99,5;4,97;94,53;Boleto;PENDENTE;Loja Física
1554;2026-06-22;155;12;2;38,5;15,0;77,0;11,55;65,45;Pix;NAO_INFORMADO;Site
1555;2025-07-16;175;20;4;22,9;10,0;91,6;9,16;82,44;Cartão de Crédito;NAO_INFORMADO;Loja Física
1556;2026-03-23;20;20;4;22,9;5,0;91,6;4,58;87,02;Cartão de Crédito;PAGO;Aplicativo
1557;2025-07-04;16;28;4;89,9;10,0;359,6;35,96;323,64;Pix;PAGO;Loja Física
1558;2026-05-19;28;27;3;64,9;0,0;194,7;0,0;194,7;Pix;PAGO;Marketplace
1559;2025-02-03;96;10;3;24,9;0,0;74,7;0,0;74,7;Boleto;PAGO;Loja Física
1560;2026-08-06;141;26;2;79,9;0,0;159,8;0,0;159,8;Pix;PENDENTE;Aplicativo
1561;2026-04-07;119;27;1;64,9;15,0;64,9;9,74;55,16;Pix;PAGO;Site
1562;2025-10-26;150;29;1;14,9;0,0;14,9;0,0;14,9;Pix;PAGO;Loja Física
1563;2026-07-31;72;19;2;27,9;15,0;55,8;8,37;47,43;Cartão de Crédito;PENDENTE;Loja Física
1564;2025-03-04;41;19;1;27,9;0,0;27,9;0,0;27,9;Cartão de Crédito;PAGO;Loja Física
1565;2026-05-21;47;8;6;54,9;5,0;329,4;16,47;312,93;Cartão de Débito;PAGO;Aplicativo
1566;2025-03-02;33;21;1;6,9;15,0;6,9;1,03;5,87;Cartão de Crédito;PAGO;Loja Física
1567;2026-08-26;126;28;2;89,9;0,0;179,8;0,0;179,8;Cartão de Crédito;PAGO;Site
1568;2026-01-08;193;14;3;27,9;0,0;83,7;0,0;83,7;Cartão de Débito;PAGO;Aplicativo
1569;2026-01-16;199;19;2;27,9;15,0;55,8;8,37;47,43;Boleto;PAGO;Loja Física
1570;2025-07-17;64;19;1;27,9;0,0;27,9;0,0;27,9;Pix;PAGO;Loja Física
1571;2025-04-27;159;12;6;38,5;10,0;231,0;23,1;207,9;Pix;PAGO;Aplicativo
1572;2025-10-19;178;8;4;54,9;15,0;219,6;32,94;186,66;Pix;PAGO;Loja Física
1573;2025-01-08;138;28;2;89,9;0,0;179,8;0,0;179,8;Pix;PAGO;Site
1574;2025-12-08;193;25;3;24,9;5,0;74,7;3,74;70,96;Pix;PENDENTE;Site
1575;2026-05-08;118;4;2;59,9;0,0;119,8;0,0;119,8;Cartão de Crédito;PAGO;Site
1576;2025-12-17;160;28;3;89,9;15,0;269,7;40,46;229,24;Pix;PAGO;Aplicativo
1577;2025-10-08;122;8;6;54,9;0,0;329,4;0,0;329,4;Pix;CANCELADO;Site
1578;2026-04-05;197;29;2;14,9;0,0;29,8;0,0;29,8;Pix;PENDENTE;Aplicativo
1579;2025-04-19;17;9;3;32,0;0,0;96,0;0,0;96,0;Cartão de Crédito;PAGO;Loja Física
1580;2025-02-20;133;24;2;13,9;15,0;27,8;4,17;23,63;Cartão de Crédito;PAGO;Loja Física
1581;2025-04-06;129;5;3;99,9;5,0;299,7;14,98;284,72;Pix;PAGO;Aplicativo
1582;2025-11-06;198;18;1;14,9;5,0;14,9;0,74;14,16;Cartão de Crédito;PAGO;Aplicativo
1583;2026-03-17;91;7;2;69,9;0,0;139,8;0,0;139,8;Pix;PAGO;Site
1584;2026-05-31;92;10;4;24,9;10,0;99,6;9,96;89,64;Cartão de Crédito;PENDENTE;Loja Física
1585;2025-06-26;5;23;4;12,9;10,0;51,6;5,16;46,44;Cartão de Crédito;PAGO;Aplicativo
1586;2026-01-18;21;30;2;29,9;15,0;59,8;8,97;50,83;Cartão de Crédito;PAGO;Loja Física
1587;2026-02-20;44;25;1;24,9;15,0;24,9;3,74;21,16;Cartão de Débito;PAGO;Site
1588;2025-06-16;63;9;2;32,0;0,0;64,0;0,0;64,0;Pix;PAGO;Loja Física
1589;2026-02-13;1;13;2;35,9;0,0;71,8;0,0;71,8;Boleto;PAGO;Loja Física
1590;2025-02-10;5;14;2;27,9;10,0;55,8;5,58;50,22;Pix;PAGO;Loja Física
1591;2025-04-06;23;18;5;14,9;5,0;74,5;3,72;70,78;Pix;PAGO;Site
1592;2026-02-14;29;5;4;99,9;10,0;399,6;39,96;359,64;Cartão de Crédito;PAGO;Marketplace
1593;2026-08-10;84;7;6;69,9;0,0;419,4;0,0;419,4;Cartão de Crédito;NAO_INFORMADO;Site
1594;2025-07-22;106;14;6;27,9;0,0;167,4;0,0;167,4;Pix;PAGO;Loja Física
1595;2025-10-10;74;10;2;24,9;0,0;49,8;0,0;49,8;Boleto;PAGO;Site
1596;2025-02-02;109;17;3;9,9;15,0;29,7;4,46;25,24;Cartão de Crédito;PAGO;Loja Física
1597;2025-12-15;26;27;3;64,9;5,0;194,7;9,74;184,96;Cartão de Crédito;PAGO;Site
1598;2025-10-21;144;7;2;69,9;0,0;139,8;0,0;139,8;Cartão de Crédito;PAGO;Aplicativo
1599;2026-02-03;147;9;3;32,0;0,0;96,0;0,0;96,0;Cartão de Crédito;PAGO;Marketplace
1600;2026-07-27;146;12;6;38,5;0,0;231,0;0,0;231,0;Pix;PAGO;Site
1602;2025-08-14;123;11;5;45,0;5,0;225,0;11,25;213,75;Pix;PAGO;Aplicativo
1603;2026-06-20;68;24;1;13,9;0,0;13,9;0,0;13,9;Pix;PAGO;Aplicativo
1604;2026-02-02;194;12;4;38,5;0,0;154,0;0,0;154,0;Cartão de Crédito;PAGO;Aplicativo
1605;2026-08-08;9;10;6;24,9;0,0;149,4;0,0;149,4;Pix;PAGO;Site
1606;2026-07-30;99;10;3;24,9;0,0;74,7;0,0;74,7;Pix;PAGO;Marketplace
1607;2026-06-06;63;8;6;54,9;0,0;329,4;0,0;329,4;Pix;PAGO;Loja Física
1608;2025-05-19;47;16;6;19,9;10,0;119,4;11,94;107,46;Pix;PENDENTE;Marketplace
1609;2026-06-04;111;25;1;24,9;0,0;24,9;0,0;24,9;Pix;PAGO;Aplicativo
1610;2025-06-23;179;25;2;24,9;5,0;49,8;2,49;47,31;Cartão de Crédito;PAGO;Site
1611;2025-11-06;147;24;3;13,9;0,0;41,7;0,0;41,7;Pix;PAGO;Site
1612;2026-02-21;101;3;5;79,9;0,0;399,5;0,0;399,5;Pix;PAGO;Loja Física
1613;2025-07-01;197;22;1;11,9;15,0;11,9;1,78;10,12;Cartão de Crédito;CANCELADO;Site
1614;2025-07-28;198;6;4;6,5;15,0;26,0;3,9;22,1;Pix;PAGO;Aplicativo
1615;2026-08-29;138;9;2;32,0;10,0;64,0;6,4;57,6;Boleto;PAGO;Aplicativo
1616;2025-04-26;73;11;3;45,0;0,0;135,0;0,0;135,0;Cartão de Débito;PAGO;Loja Física
1617;2025-01-03;95;6;1;6,5;0,0;6,5;0,0;6,5;Boleto;PAGO;Loja Física
1618;2025-02-25;179;17;6;9,9;0,0;59,4;0,0;59,4;Cartão de Débito;PAGO;Loja Física
1619;2026-01-21;165;4;4;59,9;0,0;239,6;0,0;239,6;Cartão de Crédito;NAO_INFORMADO;Loja Física
1620;2026-08-18;186;19;1;27,9;10,0;27,9;2,79;25,11;Pix;PAGO;Loja Física
1621;2025-06-09;106;15;1;34,9;10,0;34,9;3,49;31,41;Pix;PAGO;Site
1622;2025-06-13;103;17;6;9,9;0,0;59,4;0,0;59,4;Cartão de Crédito;CANCELADO;Loja Física
1623;2025-01-20;118;10;3;24,9;0,0;74,7;0,0;74,7;Cartão de Crédito;PAGO;Marketplace
1624;2025-01-03;109;21;4;6,9;5,0;27,6;1,38;26,22;Cartão de Crédito;PAGO;Site
1625;2025-01-18;62;13;4;35,9;5,0;143,6;7,18;136,42;Pix;PAGO;Site
1626;2026-01-26;162;29;3;14,9;10,0;44,7;4,47;40,23;Pix;PAGO;Aplicativo
1627;2025-05-27;77;29;1;14,9;0,0;14,9;0,0;14,9;Cartão de Crédito;PAGO;Loja Física
1628;2025-09-30;146;8;4;54,9;0,0;219,6;0,0;219,6;Cartão de Crédito;PAGO;Loja Física
1630;2025-01-17;63;27;4;64,9;15,0;259,6;38,94;220,66;Cartão de Crédito;PAGO;Marketplace
1631;2025-09-12;133;4;3;59,9;0,0;179,7;0,0;179,7;Pix;PAGO;Marketplace
1632;2026-06-26;105;8;4;54,9;0,0;219,6;0,0;219,6;Cartão de Crédito;PAGO;Aplicativo
1633;2025-09-20;48;28;6;89,9;5,0;539,4;26,97;512,43;Cartão de Crédito;PAGO;Site
1634;2026-08-21;105;14;4;27,9;0,0;111,6;0,0;111,6;Pix;PAGO;Site
1635;2026-07-16;64;20;6;22,9;0,0;137,4;0,0;137,4;Pix;PAGO;Marketplace
1636;2026-03-21;4;15;6;34,9;0,0;209,4;0,0;209,4;Pix;PAGO;Site
1637;2026-06-25;191;9;5;32,0;0,0;160,0;0,0;160,0;Boleto;PAGO;Loja Física
1638;2026-04-23;103;29;1;14,9;0,0;14,9;0,0;14,9;Cartão de Débito;PAGO;Marketplace
1639;2026-08-01;19;21;6;6,9;0,0;41,4;0,0;41,4;Pix;PAGO;Site
1640;2026-03-22;165;21;5;6,9;0,0;34,5;0,0;34,5;Cartão de Débito;PAGO;Aplicativo
1641;2025-06-04;15;5;3;99,9;5,0;299,7;14,98;284,72;Pix;PAGO;Site
1642;2025-09-25;144;14;4;27,9;5,0;111,6;5,58;106,02;Cartão de Crédito;PAGO;Marketplace
1643;2025-05-15;2;30;1;29,9;0,0;29,9;0,0;29,9;Cartão de Crédito;PENDENTE;Loja Física
1644;2026-05-07;40;14;1;27,9;15,0;27,9;4,18;23,72;Cartão de Débito;PAGO;Aplicativo
1645;2025-05-04;182;1;3;129,9;0,0;389,7;0,0;389,7;Pix;CANCELADO;Site
1646;2025-07-21;165;28;4;89,9;0,0;359,6;0,0;359,6;Pix;PAGO;Loja Física
1647;2026-08-21;153;25;6;24,9;10,0;149,4;14,94;134,46;Pix;PAGO;Loja Física
1648;2026-04-05;74;24;2;13,9;5,0;27,8;1,39;26,41;Cartão de Crédito;PENDENTE;Loja Física
1649;2025-03-09;2;18;4;14,9;10,0;59,6;5,96;53,64;Cartão de Débito;PAGO;Loja Física
1650;2026-05-10;178;2;6;199,9;0,0;1199,4;0,0;1199,4;Boleto;PAGO;Loja Física
1651;2026-07-26;91;13;2;35,9;5,0;71,8;3,59;68,21;Pix;PAGO;Aplicativo
1652;2026-01-10;64;11;4;45,0;5,0;180,0;9,0;171,0;Cartão de Crédito;PAGO;Aplicativo
1653;2025-11-15;82;1;5;129,9;0,0;649,5;0,0;649,5;Pix;NAO_INFORMADO;Loja Física
1654;2025-01-25;175;20;6;22,9;0,0;137,4;0,0;137,4;Cartão de Crédito;PAGO;Marketplace
1655;2025-10-13;161;8;5;54,9;10,0;274,5;27,45;247,05;Cartão de Crédito;PAGO;Loja Física
1656;2025-10-17;178;6;5;6,5;0,0;32,5;0,0;32,5;Cartão de Crédito;PAGO;Loja Física
1657;2025-11-04;68;5;2;99,9;15,0;199,8;29,97;169,83;Pix;PAGO;Aplicativo
1658;2025-02-13;153;16;1;19,9;0,0;19,9;0,0;19,9;Pix;CANCELADO;Loja Física
1659;2025-03-22;24;27;6;64,9;0,0;389,4;0,0;389,4;Cartão de Crédito;CANCELADO;Site
1660;2026-02-13;62;9;5;32,0;0,0;160,0;0,0;160,0;Cartão de Crédito;PAGO;Aplicativo
1661;2025-01-08;122;6;2;6,5;0,0;13,0;0,0;13,0;Boleto;PAGO;Site
1662;2025-05-21;164;26;1;79,9;0,0;79,9;0,0;79,9;Pix;PAGO;Aplicativo
1663;2026-05-13;100;19;3;27,9;0,0;83,7;0,0;83,7;Pix;PAGO;Aplicativo
1664;2026-01-29;19;30;1;29,9;10,0;29,9;2,99;26,91;Cartão de Crédito;CANCELADO;Site
1665;2025-02-23;101;7;4;69,9;0,0;279,6;0,0;279,6;Pix;PAGO;Loja Física
1666;2025-01-09;160;29;6;14,9;5,0;89,4;4,47;84,93;Cartão de Crédito;PAGO;Site
1667;2025-01-24;156;2;6;199,9;0,0;1199,4;0,0;1199,4;Pix;PAGO;Site
1668;2025-07-11;101;15;6;34,9;0,0;209,4;0,0;209,4;Pix;PAGO;Loja Física
1669;2025-10-07;162;12;4;38,5;5,0;154,0;7,7;146,3;Boleto;PAGO;Marketplace
1670;2026-07-29;31;10;3;24,9;10,0;74,7;7,47;67,23;Cartão de Crédito;PAGO;Site
1671;2025-06-21;153;27;3;64,9;15,0;194,7;29,2;165,5;Cartão de Crédito;PAGO;Loja Física
1672;2026-03-07;36;13;1;35,9;0,0;35,9;0,0;35,9;Cartão de Crédito;PAGO;Marketplace
1673;2025-03-06;94;14;4;27,9;5,0;111,6;5,58;106,02;Pix;PAGO;Loja Física
1674;2025-11-20;109;24;6;13,9;0,0;83,4;0,0;83,4;Pix;PAGO;Loja Física
1675;2025-02-27;182;7;2;69,9;0,0;139,8;0,0;139,8;Boleto;PAGO;Loja Física
1676;2026-08-10;189;23;4;12,9;0,0;51,6;0,0;51,6;Cartão de Débito;PAGO;Site
1677;2025-12-05;100;24;3;13,9;0,0;41,7;0,0;41,7;Cartão de Crédito;PAGO;Site
1678;2026-04-25;13;22;5;11,9;15,0;59,5;8,93;50,57;Pix;NAO_INFORMADO;Aplicativo
1679;2025-04-13;145;16;6;19,9;0,0;119,4;0,0;119,4;Pix;PAGO;Loja Física
1680;2025-05-17;54;27;2;64,9;5,0;129,8;6,49;123,31;Boleto;PAGO;Loja Física
1681;2026-04-17;97;5;3;99,9;5,0;299,7;14,98;284,72;Cartão de Débito;PAGO;Site
1682;2025-05-25;12;20;6;22,9;0,0;137,4;0,0;137,4;Pix;PAGO;Loja Física
1683;2026-06-13;72;3;4;79,9;0,0;319,6;0,0;319,6;Pix;PAGO;Loja Física
1685;2026-07-19;57;11;4;45,0;0,0;180,0;0,0;180,0;Pix;PAGO;Loja Física
1686;2025-06-04;33;22;2;11,9;0,0;23,8;0,0;23,8;Cartão de Crédito;PAGO;Loja Física
1687;2025-11-02;187;17;6;9,9;0,0;59,4;0,0;59,4;Pix;CANCELADO;Site
1688;2025-11-08;35;26;1;79,9;10,0;79,9;7,99;71,91;Pix;PAGO;Aplicativo
1689;2026-03-21;122;2;2;199,9;15,0;399,8;59,97;339,83;Cartão de Débito;PAGO;Site
1690;2025-02-10;63;30;1;29,9;10,0;29,9;2,99;26,91;Cartão de Crédito;PAGO;Site
1691;2025-03-14;73;26;4;79,9;5,0;319,6;15,98;303,62;Cartão de Crédito;PAGO;Site
1692;2026-07-09;182;19;6;27,9;0,0;167,4;0,0;167,4;Cartão de Débito;PAGO;Marketplace
1693;2025-01-15;73;2;5;199,9;5,0;999,5;49,98;949,52;Cartão de Crédito;PENDENTE;Aplicativo
1694;2026-01-26;26;7;2;69,9;0,0;139,8;0,0;139,8;Pix;PAGO;Marketplace
1695;2025-10-23;144;21;1;6,9;0,0;6,9;0,0;6,9;Pix;PENDENTE;Site
1696;2026-06-28;181;30;2;29,9;0,0;59,8;0,0;59,8;Boleto;PAGO;Marketplace
1697;2026-06-10;199;13;6;35,9;5,0;215,4;10,77;204,63;Cartão de Crédito;PAGO;Site
1698;2025-03-11;100;16;1;19,9;5,0;19,9;1,0;18,9;Pix;PAGO;Loja Física
1699;2026-08-12;154;19;6;27,9;5,0;167,4;8,37;159,03;Boleto;PAGO;Aplicativo
1700;2026-02-01;50;14;6;27,9;10,0;167,4;16,74;150,66;Cartão de Crédito;PAGO;Marketplace
1701;2026-08-11;37;7;4;69,9;0,0;279,6;0,0;279,6;Pix;PAGO;Loja Física
1702;2026-05-27;171;24;4;13,9;5,0;55,6;2,78;52,82;Boleto;PAGO;Site
1703;2025-02-23;99;4;2;59,9;5,0;119,8;5,99;113,81;Cartão de Crédito;NAO_INFORMADO;Aplicativo
1704;2026-01-27;91;28;2;89,9;0,0;179,8;0,0;179,8;Pix;PAGO;Marketplace
1705;2025-05-28;52;25;5;24,9;0,0;124,5;0,0;124,5;Cartão de Crédito;PAGO;Loja Física
1706;2026-04-09;6;27;3;64,9;0,0;194,7;0,0;194,7;Cartão de Crédito;PENDENTE;Marketplace
1707;2025-12-07;188;7;5;69,9;0,0;349,5;0,0;349,5;Cartão de Crédito;PAGO;Marketplace
1708;2026-08-21;198;9;6;32,0;0,0;192,0;0,0;192,0;Cartão de Crédito;PAGO;Site
1709;2025-06-06;143;27;5;64,9;0,0;324,5;0,0;324,5;Pix;PAGO;Site
1710;2026-05-19;77;30;1;29,9;5,0;29,9;1,5;28,4;Boleto;PAGO;Site
1711;2026-07-16;12;9;6;32,0;0,0;192,0;0,0;192,0;Cartão de Crédito;PAGO;Site
1712;2026-06-28;154;21;1;6,9;15,0;6,9;1,03;5,87;Pix;CANCELADO;Marketplace
1713;2026-03-27;171;28;3;89,9;0,0;269,7;0,0;269,7;Cartão de Crédito;PAGO;Site
1714;2025-10-01;176;4;6;59,9;5,0;359,4;17,97;341,43;Cartão de Crédito;PAGO;Aplicativo
1715;2025-10-11;28;11;6;45,0;5,0;270,0;13,5;256,5;Cartão de Crédito;PAGO;Loja Física
1716;2025-10-14;43;1;6;129,9;0,0;779,4;0,0;779,4;Cartão de Crédito;PAGO;Loja Física
1717;2026-08-28;55;15;2;34,9;10,0;69,8;6,98;62,82;Boleto;PAGO;Marketplace
1718;2025-05-31;98;29;1;14,9;15,0;14,9;2,24;12,66;Pix;PAGO;Site
1719;2025-05-28;57;1;4;129,9;10,0;519,6;51,96;467,64;Cartão de Crédito;PAGO;Site
1720;2025-02-06;182;29;2;14,9;15,0;29,8;4,47;25,33;Cartão de Débito;PAGO;Loja Física
1721;2025-10-15;120;18;6;14,9;0,0;89,4;0,0;89,4;Cartão de Crédito;PAGO;Site
1722;2026-07-12;139;7;5;69,9;5,0;349,5;17,48;332,02;Cartão de Crédito;CANCELADO;Site
1723;2026-01-14;131;3;3;79,9;5,0;239,7;11,98;227,72;Cartão de Débito;PAGO;Aplicativo
1724;2025-06-09;5;9;5;32,0;10,0;160,0;16,0;144,0;Cartão de Crédito;PAGO;Aplicativo
1725;2025-12-08;189;30;6;29,9;0,0;179,4;0,0;179,4;Cartão de Crédito;PAGO;Site
1726;2025-05-18;7;21;4;6,9;10,0;27,6;2,76;24,84;Cartão de Débito;PAGO;Aplicativo
1727;2025-05-31;151;2;1;199,9;5,0;199,9;9,99;189,91;Pix;PAGO;Loja Física
1728;2026-04-11;12;17;6;9,9;0,0;59,4;0,0;59,4;Cartão de Crédito;PAGO;Site
1729;2025-12-29;177;17;6;9,9;0,0;59,4;0,0;59,4;Pix;CANCELADO;Loja Física
1730;2025-12-15;162;26;6;79,9;0,0;479,4;0,0;479,4;Cartão de Crédito;PAGO;Marketplace
1731;2025-08-16;133;21;1;6,9;0,0;6,9;0,0;6,9;Cartão de Crédito;PAGO;Marketplace
1732;2025-02-22;167;4;1;59,9;10,0;59,9;5,99;53,91;Pix;PAGO;Site
1733;2026-02-07;199;2;2;199,9;5,0;399,8;19,99;379,81;Cartão de Crédito;CANCELADO;Site
1734;2025-11-06;200;20;4;22,9;10,0;91,6;9,16;82,44;Pix;PENDENTE;Site
1735;2026-03-10;186;26;3;79,9;15,0;239,7;35,96;203,74;Cartão de Crédito;PAGO;Loja Física
1736;2025-05-02;91;16;2;19,9;5,0;39,8;1,99;37,81;Boleto;PAGO;Loja Física
1737;2026-07-27;199;22;2;11,9;10,0;23,8;2,38;21,42;Pix;PAGO;Loja Física
1738;2025-08-21;45;23;6;12,9;0,0;77,4;0,0;77,4;Pix;PAGO;Loja Física
1739;2025-01-25;120;24;3;13,9;0,0;41,7;0,0;41,7;Pix;PAGO;Aplicativo
1740;2025-10-18;167;24;1;13,9;0,0;13,9;0,0;13,9;Boleto;PAGO;Marketplace
1741;2025-06-19;20;14;1;27,9;5,0;27,9;1,4;26,5;Cartão de Crédito;PAGO;Site
1742;2026-05-07;99;29;1;14,9;10,0;14,9;1,49;13,41;Cartão de Débito;PAGO;Site
1743;2025-05-09;138;26;4;79,9;0,0;319,6;0,0;319,6;Pix;PAGO;Loja Física
1744;2025-01-31;148;26;2;79,9;10,0;159,8;15,98;143,82;Cartão de Crédito;PENDENTE;Loja Física
1745;2026-03-02;106;14;4;27,9;0,0;111,6;0,0;111,6;Boleto;PAGO;Marketplace
1746;2025-08-14;69;26;1;79,9;5,0;79,9;4,0;75,9;Cartão de Crédito;PAGO;Marketplace
1747;2026-05-01;116;29;4;14,9;5,0;59,6;2,98;56,62;Pix;NAO_INFORMADO;Loja Física
1748;2025-12-25;17;9;3;32,0;0,0;96,0;0,0;96,0;Pix;PAGO;Marketplace
1749;2025-05-12;98;27;1;64,9;0,0;64,9;0,0;64,9;Pix;PAGO;Aplicativo
1750;2025-07-07;125;29;5;14,9;10,0;74,5;7,45;67,05;Cartão de Crédito;PAGO;Loja Física
1751;2026-07-15;83;1;2;129,9;0,0;259,8;0,0;259,8;Boleto;CANCELADO;Loja Física
1752;2026-07-17;103;7;3;69,9;0,0;209,7;0,0;209,7;Pix;PENDENTE;Site
1753;2025-10-10;97;25;2;24,9;10,0;49,8;4,98;44,82;Cartão de Crédito;PAGO;Aplicativo
1754;2026-04-23;151;4;3;59,9;15,0;179,7;26,96;152,74;Pix;PAGO;Site
1755;2025-02-23;179;15;4;34,9;5,0;139,6;6,98;132,62;Cartão de Débito;PAGO;Site
1756;2025-09-14;59;10;2;24,9;0,0;49,8;0,0;49,8;Cartão de Crédito;PAGO;Marketplace
1757;2026-06-22;82;3;5;79,9;0,0;399,5;0,0;399,5;Pix;PAGO;Loja Física
1758;2025-07-22;63;21;1;6,9;15,0;6,9;1,03;5,87;Cartão de Crédito;PAGO;Aplicativo
1759;2026-05-30;111;13;1;35,9;15,0;35,9;5,38;30,52;Pix;PAGO;Marketplace
1760;2025-06-07;7;30;2;29,9;0,0;59,8;0,0;59,8;Cartão de Crédito;PAGO;Aplicativo
1761;2025-07-30;190;1;1;129,9;5,0;129,9;6,5;123,4;Pix;PAGO;Loja Física
1762;2026-01-22;36;28;5;89,9;10,0;449,5;44,95;404,55;Pix;PAGO;Aplicativo
1763;2025-04-14;50;4;2;59,9;0,0;119,8;0,0;119,8;Cartão de Crédito;PAGO;Marketplace
1764;2026-02-26;174;6;2;6,5;0,0;13,0;0,0;13,0;Pix;PAGO;Site
1765;2026-08-21;132;10;5;24,9;0,0;124,5;0,0;124,5;Cartão de Crédito;PAGO;Aplicativo
1766;2025-09-06;71;12;2;38,5;10,0;77,0;7,7;69,3;Cartão de Crédito;PAGO;Site
1767;2026-01-28;104;12;4;38,5;0,0;154,0;0,0;154,0;Cartão de Débito;PAGO;Aplicativo
1768;2026-03-03;107;6;3;6,5;0,0;19,5;0,0;19,5;Pix;PENDENTE;Loja Física
1769;2025-10-05;196;19;6;27,9;0,0;167,4;0,0;167,4;Cartão de Crédito;PAGO;Loja Física
1770;2026-08-14;142;23;6;12,9;0,0;77,4;0,0;77,4;Cartão de Crédito;PAGO;Marketplace
1771;2026-05-02;21;13;4;35,9;0,0;143,6;0,0;143,6;Cartão de Crédito;PAGO;Site
1772;2025-10-21;106;21;5;6,9;5,0;34,5;1,72;32,78;Pix;PAGO;Site
1773;2026-08-28;164;4;4;59,9;0,0;239,6;0,0;239,6;Cartão de Crédito;PAGO;Aplicativo
1774;2026-06-12;168;12;2;38,5;0,0;77,0;0,0;77,0;Cartão de Crédito;PAGO;Site
1775;2025-04-08;71;16;6;19,9;5,0;119,4;5,97;113,43;Cartão de Crédito;NAO_INFORMADO;Marketplace
1776;2025-08-01;31;1;5;129,9;0,0;649,5;0,0;649,5;Boleto;PAGO;Loja Física
1777;2025-05-28;192;26;4;79,9;5,0;319,6;15,98;303,62;Boleto;PAGO;Aplicativo
1778;2025-05-23;192;13;2;35,9;5,0;71,8;3,59;68,21;Cartão de Débito;PAGO;Loja Física
1779;2025-04-23;47;19;3;27,9;10,0;83,7;8,37;75,33;Cartão de Crédito;PAGO;Site
1780;2025-08-12;85;15;6;34,9;0,0;209,4;0,0;209,4;Cartão de Crédito;PAGO;Aplicativo
1781;2026-08-23;9;4;4;59,9;15,0;239,6;35,94;203,66;Cartão de Débito;PAGO;Marketplace
1782;2025-10-08;137;30;6;29,9;15,0;179,4;26,91;152,49;Pix;PAGO;Aplicativo
1783;2025-09-15;140;3;4;79,9;0,0;319,6;0,0;319,6;Pix;PAGO;Aplicativo
1784;2025-06-15;10;3;1;79,9;0,0;79,9;0,0;79,9;Cartão de Crédito;PAGO;Site
1785;2025-09-10;75;2;6;199,9;0,0;1199,4;0,0;1199,4;Pix;PENDENTE;Site
1786;2025-08-03;82;11;3;45,0;0,0;135,0;0,0;135,0;Pix;PENDENTE;Aplicativo
1787;2025-03-23;83;30;5;29,9;15,0;149,5;22,42;127,08;Cartão de Crédito;PENDENTE;Aplicativo
1788;2025-01-17;35;26;6;79,9;0,0;479,4;0,0;479,4;Boleto;PAGO;Site
1789;2025-11-03;82;10;1;24,9;0,0;24,9;0,0;24,9;Boleto;PAGO;Loja Física
1790;2025-07-12;155;28;5;89,9;0,0;449,5;0,0;449,5;Pix;PAGO;Loja Física
1791;2025-09-13;165;22;4;11,9;0,0;47,6;0,0;47,6;Pix;PAGO;Loja Física
1792;2025-07-09;100;11;1;45,0;0,0;45,0;0,0;45,0;Cartão de Crédito;PAGO;Loja Física
1793;2025-05-23;163;25;6;24,9;0,0;149,4;0,0;149,4;Pix;PAGO;Site
1794;2026-02-04;155;20;3;22,9;0,0;68,7;0,0;68,7;Cartão de Crédito;PENDENTE;Marketplace
1795;2026-02-16;54;19;6;27,9;0,0;167,4;0,0;167,4;Pix;PAGO;Marketplace
1796;2026-01-06;104;21;6;6,9;0,0;41,4;0,0;41,4;Pix;PAGO;Aplicativo
1798;2025-03-02;173;1;6;129,9;0,0;779,4;0,0;779,4;Boleto;PAGO;Site
1799;2025-06-15;36;6;2;6,5;0,0;13,0;0,0;13,0;Pix;PAGO;Loja Física
1800;2026-08-29;153;16;3;19,9;0,0;59,7;0,0;59,7;Pix;PAGO;Loja Física
1801;2025-09-10;89;4;2;59,9;10,0;119,8;11,98;107,82;Pix;PAGO;Loja Física
1802;2025-01-08;112;15;2;34,9;0,0;69,8;0,0;69,8;Pix;PAGO;Marketplace
1803;2026-07-08;5;2;5;199,9;15,0;999,5;149,93;849,57;Pix;NAO_INFORMADO;Loja Física
1804;2025-12-07;195;28;6;89,9;0,0;539,4;0,0;539,4;Cartão de Débito;PAGO;Marketplace
1805;2025-05-12;141;16;5;19,9;0,0;99,5;0,0;99,5;Pix;PAGO;Marketplace
1806;2025-01-26;173;13;2;35,9;0,0;71,8;0,0;71,8;Cartão de Crédito;PAGO;Loja Física
1807;2025-09-03;185;20;6;22,9;0,0;137,4;0,0;137,4;Cartão de Crédito;PAGO;Marketplace
1808;2026-07-12;195;26;3;79,9;0,0;239,7;0,0;239,7;Pix;PAGO;Site
1809;2026-07-11;110;21;1;6,9;0,0;6,9;0,0;6,9;Pix;PAGO;Site
1810;2025-11-22;37;15;3;34,9;0,0;104,7;0,0;104,7;Cartão de Crédito;PENDENTE;Site
1811;2026-06-09;72;29;5;14,9;0,0;74,5;0,0;74,5;Cartão de Crédito;PAGO;Site
1812;2025-07-04;83;10;3;24,9;15,0;74,7;11,2;63,5;Cartão de Débito;PAGO;Loja Física
1813;2025-03-23;117;6;2;6,5;10,0;13,0;1,3;11,7;Pix;PAGO;Marketplace
1814;2026-08-22;8;4;3;59,9;0,0;179,7;0,0;179,7;Pix;PAGO;Loja Física
1815;2025-05-28;159;12;4;38,5;15,0;154,0;23,1;130,9;Pix;CANCELADO;Marketplace
1816;2025-08-20;12;11;6;45,0;0,0;270,0;0,0;270,0;Pix;PAGO;Site
1817;2025-10-30;41;23;5;12,9;5,0;64,5;3,22;61,28;Pix;PAGO;Site
1818;2026-02-20;98;29;1;14,9;5,0;14,9;0,74;14,16;Pix;PAGO;Site
1819;2025-08-25;151;27;3;64,9;0,0;194,7;0,0;194,7;Cartão de Crédito;CANCELADO;Aplicativo
1820;2025-09-03;165;2;4;199,9;0,0;799,6;0,0;799,6;Pix;PAGO;Site
1821;2025-12-16;111;1;1;129,9;0,0;129,9;0,0;129,9;Pix;PAGO;Aplicativo
1822;2025-11-13;1;23;4;12,9;10,0;51,6;5,16;46,44;Cartão de Crédito;PAGO;Loja Física
1823;2026-04-25;120;24;2;13,9;15,0;27,8;4,17;23,63;Cartão de Crédito;PAGO;Site
1825;2026-04-28;166;14;4;27,9;15,0;111,6;16,74;94,86;Cartão de Crédito;PAGO;Loja Física
1826;2025-03-03;40;11;4;45,0;0,0;180,0;0,0;180,0;Pix;PAGO;Site
1827;2025-07-29;86;15;1;34,9;0,0;34,9;0,0;34,9;Pix;PAGO;Site
1828;2026-06-09;95;3;2;79,9;0,0;159,8;0,0;159,8;Pix;PAGO;Site
1829;2025-09-09;146;2;1;199,9;15,0;199,9;29,98;169,92;Cartão de Crédito;PAGO;Aplicativo
1830;2026-01-25;98;9;4;32,0;5,0;128,0;6,4;121,6;Pix;PAGO;Site
1831;2025-12-17;146;16;6;19,9;0,0;119,4;0,0;119,4;Cartão de Débito;PAGO;Site
1832;2025-12-28;42;25;3;24,9;10,0;74,7;7,47;67,23;Cartão de Crédito;PAGO;Marketplace
1833;2025-10-14;81;28;3;89,9;0,0;269,7;0,0;269,7;Pix;PAGO;Marketplace
1834;2026-02-25;67;13;3;35,9;5,0;107,7;5,38;102,32;Cartão de Crédito;PAGO;Loja Física
1835;2026-02-21;161;19;3;27,9;0,0;83,7;0,0;83,7;Pix;NAO_INFORMADO;Site
1836;2025-05-27;173;14;3;27,9;0,0;83,7;0,0;83,7;Cartão de Débito;PENDENTE;Marketplace
1837;2026-03-28;150;6;5;6,5;15,0;32,5;4,88;27,62;Pix;PAGO;Loja Física
1838;2025-07-10;38;10;4;24,9;15,0;99,6;14,94;84,66;Pix;PAGO;Marketplace
1839;2025-12-20;127;28;6;89,9;10,0;539,4;53,94;485,46;Cartão de Crédito;PAGO;Marketplace
1840;2026-06-27;35;21;1;6,9;0,0;6,9;0,0;6,9;Pix;PAGO;Marketplace
1841;2025-02-27;146;25;2;24,9;10,0;49,8;4,98;44,82;Cartão de Crédito;PAGO;Site
1843;2025-05-10;100;29;6;14,9;15,0;89,4;13,41;75,99;Pix;PAGO;Loja Física
1844;2026-06-06;43;14;4;27,9;10,0;111,6;11,16;100,44;Cartão de Crédito;PAGO;Site
1845;2025-10-20;112;13;1;35,9;5,0;35,9;1,8;34,1;Pix;PAGO;Site
1846;2026-01-14;196;27;1;64,9;15,0;64,9;9,74;55,16;Pix;PAGO;Loja Física
1847;2025-04-23;122;29;1;14,9;0,0;14,9;0,0;14,9;Cartão de Débito;PENDENTE;Aplicativo
1848;2025-02-06;74;7;5;69,9;0,0;349,5;0,0;349,5;Cartão de Crédito;PAGO;Loja Física
1849;2025-07-15;134;29;5;14,9;10,0;74,5;7,45;67,05;Cartão de Crédito;PAGO;Site
1850;2025-04-16;104;12;5;38,5;5,0;192,5;9,62;182,88;Boleto;PAGO;Site
1851;2025-06-08;119;18;3;14,9;15,0;44,7;6,7;38,0;Boleto;CANCELADO;Site
1852;2026-02-03;109;16;6;19,9;15,0;119,4;17,91;101,49;Cartão de Crédito;PAGO;Site
1853;2025-07-23;41;15;3;34,9;0,0;104,7;0,0;104,7;Pix;PAGO;Marketplace
1854;2025-03-10;151;18;2;14,9;0,0;29,8;0,0;29,8;Cartão de Crédito;PAGO;Loja Física
1855;2025-10-17;41;8;5;54,9;0,0;274,5;0,0;274,5;Cartão de Crédito;PAGO;Aplicativo
1856;2026-03-12;110;2;1;199,9;5,0;199,9;9,99;189,91;Cartão de Crédito;PAGO;Loja Física
1857;2026-01-29;111;11;2;45,0;5,0;90,0;4,5;85,5;Cartão de Crédito;PAGO;Loja Física
1858;2026-01-15;77;24;6;13,9;0,0;83,4;0,0;83,4;Pix;PAGO;Site
1859;2025-01-09;164;30;1;29,9;0,0;29,9;0,0;29,9;Cartão de Débito;PAGO;Aplicativo
1860;2025-04-29;31;26;4;79,9;15,0;319,6;47,94;271,66;Cartão de Crédito;PENDENTE;Site
1862;2026-05-11;178;16;2;19,9;10,0;39,8;3,98;35,82;Cartão de Crédito;CANCELADO;Aplicativo
1863;2026-05-02;28;29;4;14,9;0,0;59,6;0,0;59,6;Pix;PAGO;Site
1864;2026-06-21;61;14;3;27,9;0,0;83,7;0,0;83,7;Pix;PAGO;Loja Física
1865;2026-01-09;51;27;3;64,9;15,0;194,7;29,2;165,5;Cartão de Crédito;CANCELADO;Loja Física
1866;2025-01-22;93;25;3;24,9;10,0;74,7;7,47;67,23;Pix;NAO_INFORMADO;Site
1867;2025-12-03;10;11;4;45,0;10,0;180,0;18,0;162,0;Cartão de Crédito;PAGO;Marketplace
1868;2025-08-02;172;1;5;129,9;0,0;649,5;0,0;649,5;Cartão de Débito;PAGO;Marketplace
1869;2026-01-02;126;7;2;69,9;0,0;139,8;0,0;139,8;Cartão de Crédito;PAGO;Site
1870;2026-02-01;73;13;2;35,9;10,0;71,8;7,18;64,62;Cartão de Débito;PAGO;Loja Física
1871;2025-05-30;200;16;6;19,9;5,0;119,4;5,97;113,43;Pix;PAGO;Marketplace
1872;2025-02-05;177;6;6;6,5;10,0;39,0;3,9;35,1;Cartão de Crédito;NAO_INFORMADO;Site
1873;2025-01-25;144;22;6;11,9;15,0;71,4;10,71;60,69;Pix;PAGO;Site
1874;2025-08-29;82;24;1;13,9;0,0;13,9;0,0;13,9;Cartão de Débito;PAGO;Aplicativo
1875;2026-08-27;14;7;1;69,9;5,0;69,9;3,5;66,4;Cartão de Débito;PAGO;Site
1876;2026-06-24;165;26;3;79,9;0,0;239,7;0,0;239,7;Pix;PAGO;Marketplace
1877;2025-09-26;181;6;5;6,5;0,0;32,5;0,0;32,5;Cartão de Crédito;PAGO;Site
1878;2025-05-21;173;21;1;6,9;10,0;6,9;0,69;6,21;Cartão de Crédito;PAGO;Site
1879;2025-08-14;19;9;4;32,0;15,0;128,0;19,2;108,8;Cartão de Débito;PENDENTE;Marketplace
1881;2025-12-31;166;22;4;11,9;0,0;47,6;0,0;47,6;Cartão de Débito;PAGO;Aplicativo
1882;2025-08-10;105;16;4;19,9;0,0;79,6;0,0;79,6;Cartão de Crédito;PAGO;Site
1883;2025-06-12;48;29;6;14,9;0,0;89,4;0,0;89,4;Cartão de Crédito;PENDENTE;Site
1884;2025-11-29;44;23;2;12,9;0,0;25,8;0,0;25,8;Cartão de Crédito;PAGO;Aplicativo
1885;2026-08-03;138;1;4;129,9;0,0;519,6;0,0;519,6;Pix;PAGO;Site
1886;2026-07-25;95;20;4;22,9;10,0;91,6;9,16;82,44;Cartão de Crédito;PAGO;Marketplace
1887;2026-02-01;85;10;1;24,9;0,0;24,9;0,0;24,9;Cartão de Crédito;PAGO;Site
1888;2025-03-24;166;12;4;38,5;0,0;154,0;0,0;154,0;Cartão de Débito;PAGO;Loja Física
1890;2025-04-15;188;21;1;6,9;0,0;6,9;0,0;6,9;Pix;NAO_INFORMADO;Site
1891;2025-12-19;39;16;3;19,9;0,0;59,7;0,0;59,7;Pix;NAO_INFORMADO;Site
1892;2025-01-14;128;4;6;59,9;10,0;359,4;35,94;323,46;Pix;PAGO;Aplicativo
1893;2026-04-08;94;21;6;6,9;0,0;41,4;0,0;41,4;Cartão de Crédito;PAGO;Marketplace
1894;2025-10-11;79;11;4;45,0;0,0;180,0;0,0;180,0;Boleto;PAGO;Site
1895;2025-08-02;93;16;3;19,9;10,0;59,7;5,97;53,73;Pix;PAGO;Loja Física
1896;2026-03-05;91;21;4;6,9;15,0;27,6;4,14;23,46;Cartão de Crédito;CANCELADO;Site
1897;2026-07-15;110;18;6;14,9;10,0;89,4;8,94;80,46;Pix;PAGO;Site
1898;2026-04-17;122;10;5;24,9;0,0;124,5;0,0;124,5;Cartão de Crédito;PAGO;Loja Física
1899;2025-09-15;77;29;6;14,9;0,0;89,4;0,0;89,4;Cartão de Débito;PAGO;Aplicativo
1900;2025-03-03;93;2;3;199,9;10,0;599,7;59,97;539,73;Pix;PAGO;Site
1901;2025-07-20;146;1;1;129,9;0,0;129,9;0,0;129,9;Cartão de Crédito;PAGO;Site
1902;2025-01-05;62;11;3;45,0;5,0;135,0;6,75;128,25;Boleto;PENDENTE;Marketplace
1903;2025-12-18;6;22;2;11,9;10,0;23,8;2,38;21,42;Pix;PAGO;Loja Física
1904;2025-08-27;58;5;4;99,9;15,0;399,6;59,94;339,66;Cartão de Crédito;PAGO;Loja Física
1905;2025-01-30;71;24;1;13,9;15,0;13,9;2,08;11,82;Pix;PAGO;Aplicativo
1906;2025-04-24;178;27;6;64,9;0,0;389,4;0,0;389,4;Cartão de Crédito;PAGO;Site
1907;2026-03-18;11;12;3;38,5;15,0;115,5;17,32;98,18;Cartão de Crédito;PAGO;Loja Física
1908;2025-02-02;196;12;3;38,5;0,0;115,5;0,0;115,5;Pix;PAGO;Site
1909;2025-03-30;171;15;3;34,9;0,0;104,7;0,0;104,7;Cartão de Débito;CANCELADO;Aplicativo
1910;2025-01-30;132;6;4;6,5;0,0;26,0;0,0;26,0;Cartão de Crédito;PAGO;Site
1911;2026-03-18;62;19;5;27,9;0,0;139,5;0,0;139,5;Cartão de Débito;PAGO;Loja Física
1912;2026-08-28;139;2;3;199,9;0,0;599,7;0,0;599,7;Boleto;PAGO;Aplicativo
1913;2026-07-24;136;25;2;24,9;0,0;49,8;0,0;49,8;Pix;PAGO;Aplicativo
1914;2026-01-11;12;2;2;199,9;15,0;399,8;59,97;339,83;Cartão de Crédito;PAGO;Loja Física
1915;2025-07-09;156;5;4;99,9;5,0;399,6;19,98;379,62;Pix;PAGO;Loja Física
1916;2025-11-03;64;9;2;32,0;0,0;64,0;0,0;64,0;Cartão de Débito;PAGO;Loja Física
1917;2025-11-25;5;22;5;11,9;0,0;59,5;0,0;59,5;Pix;PAGO;Marketplace
1918;2025-06-15;131;13;3;35,9;0,0;107,7;0,0;107,7;Cartão de Débito;PENDENTE;Aplicativo
1919;2026-02-11;146;27;5;64,9;0,0;324,5;0,0;324,5;Cartão de Débito;PAGO;Site
1920;2026-05-15;1;25;1;24,9;0,0;24,9;0,0;24,9;Cartão de Crédito;PAGO;Site
1921;2025-07-01;2;12;2;38,5;0,0;77,0;0,0;77,0;Cartão de Débito;PAGO;Loja Física
1922;2025-12-21;15;20;1;22,9;0,0;22,9;0,0;22,9;Cartão de Crédito;PAGO;Site
1923;2025-07-30;70;25;1;24,9;0,0;24,9;0,0;24,9;Cartão de Crédito;PAGO;Site
1924;2025-02-15;20;24;2;13,9;0,0;27,8;0,0;27,8;Cartão de Débito;PAGO;Loja Física
1925;2026-07-13;80;11;1;45,0;0,0;45,0;0,0;45,0;Pix;PAGO;Loja Física
1926;2025-03-20;193;6;1;6,5;10,0;6,5;0,65;5,85;Pix;PAGO;Aplicativo
1927;2026-05-06;63;19;6;27,9;10,0;167,4;16,74;150,66;Pix;PAGO;Loja Física
1928;2025-09-21;179;16;2;19,9;10,0;39,8;3,98;35,82;Pix;PAGO;Site
1929;2026-06-30;156;9;5;32,0;0,0;160,0;0,0;160,0;Pix;PAGO;Loja Física
1930;2025-09-23;94;25;1;24,9;0,0;24,9;0,0;24,9;Cartão de Crédito;PAGO;Site
1931;2025-04-30;177;15;4;34,9;15,0;139,6;20,94;118,66;Cartão de Crédito;PAGO;Aplicativo
1932;2026-01-26;199;12;4;38,5;0,0;154,0;0,0;154,0;Cartão de Crédito;PAGO;Site
1933;2025-02-17;43;7;5;69,9;10,0;349,5;34,95;314,55;Pix;PAGO;Aplicativo
1934;2025-06-30;127;13;1;35,9;0,0;35,9;0,0;35,9;Pix;PAGO;Aplicativo
1935;2026-01-19;48;14;1;27,9;0,0;27,9;0,0;27,9;Cartão de Crédito;PAGO;Aplicativo
1936;2025-11-17;97;30;4;29,9;5,0;119,6;5,98;113,62;Boleto;PAGO;Site
1937;2026-07-09;57;18;5;14,9;0,0;74,5;0,0;74,5;Cartão de Crédito;NAO_INFORMADO;Loja Física
1938;2025-05-29;200;23;1;12,9;10,0;12,9;1,29;11,61;Boleto;PAGO;Loja Física
1939;2025-09-28;13;13;3;35,9;0,0;107,7;0,0;107,7;Cartão de Crédito;PAGO;Loja Física
1940;2025-01-21;23;5;5;99,9;5,0;499,5;24,98;474,52;Pix;PAGO;Marketplace
1941;2026-06-18;168;28;4;89,9;0,0;359,6;0,0;359,6;Cartão de Débito;PAGO;Site
1942;2025-05-08;29;2;3;199,9;0,0;599,7;0,0;599,7;Cartão de Crédito;PENDENTE;Site
1943;2025-01-10;111;4;5;59,9;0,0;299,5;0,0;299,5;Cartão de Crédito;PAGO;Marketplace
1944;2025-06-22;153;14;2;27,9;0,0;55,8;0,0;55,8;Boleto;PAGO;Aplicativo
1945;2025-08-12;125;25;4;24,9;5,0;99,6;4,98;94,62;Cartão de Crédito;PAGO;Aplicativo
1946;2025-02-18;30;19;5;27,9;15,0;139,5;20,92;118,58;Pix;PAGO;Site
1947;2025-07-19;108;7;6;69,9;0,0;419,4;0,0;419,4;Cartão de Débito;PAGO;Marketplace
1948;2025-02-27;63;19;1;27,9;0,0;27,9;0,0;27,9;Cartão de Crédito;PAGO;Site
1949;2025-08-29;175;17;2;9,9;5,0;19,8;0,99;18,81;Boleto;PAGO;Loja Física
1950;2025-12-17;28;24;2;13,9;0,0;27,8;0,0;27,8;Cartão de Débito;PAGO;Loja Física
1951;2025-09-18;127;29;1;14,9;15,0;14,9;2,24;12,66;Cartão de Crédito;PAGO;Aplicativo
1952;2026-02-09;60;23;2;12,9;5,0;25,8;1,29;24,51;Cartão de Crédito;PAGO;Aplicativo
1953;2025-09-06;3;11;2;45,0;15,0;90,0;13,5;76,5;Cartão de Débito;PAGO;Aplicativo
1954;2026-01-07;149;20;1;22,9;5,0;22,9;1,14;21,76;Cartão de Crédito;PAGO;Loja Física
1955;2025-07-12;85;20;5;22,9;10,0;114,5;11,45;103,05;Boleto;PAGO;Site
1956;2026-05-05;178;7;5;69,9;0,0;349,5;0,0;349,5;Pix;CANCELADO;Marketplace
1957;2025-10-04;25;6;3;6,5;10,0;19,5;1,95;17,55;Cartão de Crédito;PAGO;Loja Física
1958;2025-11-17;79;14;6;27,9;0,0;167,4;0,0;167,4;Pix;PAGO;Loja Física
1959;2025-02-01;41;10;5;24,9;10,0;124,5;12,45;112,05;Pix;PAGO;Loja Física
1960;2026-06-12;110;15;4;34,9;10,0;139,6;13,96;125,64;Pix;PENDENTE;Loja Física
1961;2025-03-08;50;10;1;24,9;0,0;24,9;0,0;24,9;Pix;PAGO;Loja Física
1962;2025-07-03;99;3;6;79,9;15,0;479,4;71,91;407,49;Pix;PAGO;Loja Física
1963;2025-06-29;10;13;3;35,9;10,0;107,7;10,77;96,93;Boleto;PAGO;Site
1964;2025-08-28;60;30;4;29,9;5,0;119,6;5,98;113,62;Pix;PAGO;Site
1965;2025-08-25;79;25;2;24,9;0,0;49,8;0,0;49,8;Pix;PAGO;Site
1966;2025-11-04;173;17;6;9,9;5,0;59,4;2,97;56,43;Cartão de Crédito;PAGO;Loja Física
1967;2025-02-08;130;24;5;13,9;0,0;69,5;0,0;69,5;Cartão de Débito;PENDENTE;Loja Física
1968;2025-12-18;6;6;4;6,5;0,0;26,0;0,0;26,0;Pix;CANCELADO;Site
1969;2026-01-18;156;25;5;24,9;0,0;124,5;0,0;124,5;Cartão de Débito;CANCELADO;Marketplace
1970;2025-11-27;154;14;5;27,9;0,0;139,5;0,0;139,5;Cartão de Débito;PAGO;Loja Física
1972;2026-04-13;5;14;4;27,9;0,0;111,6;0,0;111,6;Cartão de Crédito;PAGO;Site
1973;2026-03-27;22;28;4;89,9;0,0;359,6;0,0;359,6;Pix;PAGO;Loja Física
1974;2026-03-05;111;23;4;12,9;10,0;51,6;5,16;46,44;Pix;PAGO;Site
1975;2025-07-05;53;13;4;35,9;0,0;143,6;0,0;143,6;Cartão de Crédito;PAGO;Marketplace
1976;2025-10-12;83;19;5;27,9;15,0;139,5;20,92;118,58;Boleto;PENDENTE;Site
1977;2025-09-28;46;26;2;79,9;15,0;159,8;23,97;135,83;Cartão de Crédito;PAGO;Marketplace
1978;2025-09-04;138;4;3;59,9;0,0;179,7;0,0;179,7;Cartão de Débito;PAGO;Loja Física
1979;2025-09-13;133;27;3;64,9;10,0;194,7;19,47;175,23;Pix;PAGO;Marketplace
1980;2025-03-28;6;22;4;11,9;15,0;47,6;7,14;40,46;Pix;PAGO;Site
1981;2026-05-31;95;3;5;79,9;0,0;399,5;0,0;399,5;Boleto;PAGO;Site
1982;2025-02-22;50;16;1;19,9;10,0;19,9;1,99;17,91;Cartão de Crédito;PAGO;Loja Física
1983;2025-09-08;60;13;5;35,9;0,0;179,5;0,0;179,5;Cartão de Crédito;PAGO;Loja Física
1984;2026-04-05;57;14;1;27,9;15,0;27,9;4,18;23,72;Pix;PAGO;Site
1985;2026-02-06;114;14;2;27,9;5,0;55,8;2,79;53,01;Pix;PENDENTE;Site
1986;2026-01-19;157;16;4;19,9;0,0;79,6;0,0;79,6;Cartão de Crédito;PAGO;Aplicativo
1987;2025-09-17;8;5;5;99,9;15,0;499,5;74,92;424,58;Cartão de Débito;PAGO;Site
1988;2025-12-30;21;9;2;32,0;0,0;64,0;0,0;64,0;Cartão de Crédito;PENDENTE;Loja Física
1989;2025-03-01;9;25;2;24,9;10,0;49,8;4,98;44,82;Cartão de Crédito;PAGO;Loja Física
1990;2025-09-27;88;13;3;35,9;0,0;107,7;0,0;107,7;Cartão de Crédito;PAGO;Aplicativo
1991;2026-02-26;111;11;2;45,0;0,0;90,0;0,0;90,0;Cartão de Crédito;PENDENTE;Loja Física
1992;2025-03-13;16;9;4;32,0;10,0;128,0;12,8;115,2;Pix;CANCELADO;Aplicativo
1993;2026-08-29;189;3;1;79,9;0,0;79,9;0,0;79,9;Cartão de Débito;PAGO;Aplicativo
1994;2026-03-13;20;7;6;69,9;0,0;419,4;0,0;419,4;Cartão de Crédito;PAGO;Loja Física
1995;2026-04-18;188;21;4;6,9;5,0;27,6;1,38;26,22;Cartão de Crédito;PAGO;Aplicativo
1996;2026-01-13;104;5;6;99,9;0,0;599,4;0,0;599,4;Boleto;PAGO;Loja Física
1997;2025-07-10;128;23;2;12,9;0,0;25,8;0,0;25,8;Boleto;PAGO;Aplicativo
1998;2025-02-26;91;20;5;22,9;0,0;114,5;0,0;114,5;Pix;PENDENTE;Loja Física
1999;2026-04-10;188;28;2;89,9;10,0;179,8;17,98;161,82;Cartão de Crédito;PAGO;Marketplace
2000;2025-06-20;185;1;2;129,9;0,0;259,8;0,0;259,8;Cartão de Débito;PAGO;Site
2001;2025-04-08;53;14;3;27,9;0,0;83,7;0,0;83,7;Boleto;PENDENTE;Loja Física
2002;2025-11-22;137;12;2;38,5;15,0;77,0;11,55;65,45;Pix;CANCELADO;Site
2003;2025-12-18;160;21;2;6,9;15,0;13,8;2,07;11,73;Cartão de Crédito;PAGO;Aplicativo
2004;2026-01-05;133;3;2;79,9;15,0;159,8;23,97;135,83;Cartão de Débito;PAGO;Loja Física
2005;2025-11-15;137;7;5;69,9;15,0;349,5;52,42;297,08;Boleto;PENDENTE;Marketplace
2006;2025-06-27;80;3;3;79,9;0,0;239,7;0,0;239,7;Pix;PAGO;Site
2007;2025-03-06;132;25;1;24,9;0,0;24,9;0,0;24,9;Pix;PAGO;Marketplace
2008;2025-12-31;93;13;1;35,9;0,0;35,9;0,0;35,9;Cartão de Débito;PAGO;Loja Física
2009;2025-04-13;13;10;1;24,9;5,0;24,9;1,25;23,65;Boleto;PAGO;Site
2010;2025-09-01;192;11;3;45,0;15,0;135,0;20,25;114,75;Pix;PAGO;Aplicativo
2011;2025-10-01;88;6;5;6,5;0,0;32,5;0,0;32,5;Pix;PAGO;Marketplace
2012;2026-01-25;177;1;4;129,9;5,0;519,6;25,98;493,62;Pix;PENDENTE;Loja Física
2013;2026-05-31;33;26;6;79,9;0,0;479,4;0,0;479,4;Cartão de Crédito;PAGO;Marketplace
2014;2025-05-30;8;21;4;6,9;5,0;27,6;1,38;26,22;Pix;PAGO;Marketplace
2015;2025-12-27;127;1;3;129,9;0,0;389,7;0,0;389,7;Cartão de Débito;PAGO;Aplicativo
2016;2025-10-01;144;1;1;129,9;0,0;129,9;0,0;129,9;Cartão de Crédito;PAGO;Loja Física
2017;2025-02-15;85;4;2;59,9;10,0;119,8;11,98;107,82;Boleto;PAGO;Loja Física
2018;2025-02-14;74;30;6;29,9;5,0;179,4;8,97;170,43;Pix;PAGO;Loja Física
2019;2026-02-13;178;12;3;38,5;5,0;115,5;5,78;109,72;Boleto;PAGO;Site
2020;2025-07-29;10;19;5;27,9;0,0;139,5;0,0;139,5;Boleto;PAGO;Site
2021;2026-01-26;89;18;4;14,9;0,0;59,6;0,0;59,6;Cartão de Crédito;PENDENTE;Aplicativo
2022;2026-08-29;6;22;1;11,9;0,0;11,9;0,0;11,9;Boleto;PAGO;Site
2023;2025-03-23;193;16;5;19,9;5,0;99,5;4,97;94,53;Cartão de Crédito;PAGO;Loja Física
2024;2025-09-09;144;9;5;32,0;0,0;160,0;0,0;160,0;Boleto;CANCELADO;Site
2025;2025-08-27;79;9;4;32,0;0,0;128,0;0,0;128,0;Pix;PAGO;Loja Física
2026;2025-08-15;33;16;2;19,9;10,0;39,8;3,98;35,82;Cartão de Crédito;PAGO;Loja Física
2027;2025-12-06;98;17;4;9,9;10,0;39,6;3,96;35,64;Cartão de Crédito;PAGO;Aplicativo
2028;2025-06-18;184;18;6;14,9;5,0;89,4;4,47;84,93;Boleto;PENDENTE;Loja Física
2029;2025-11-02;175;2;4;199,9;15,0;799,6;119,94;679,66;Cartão de Crédito;PAGO;Site
2030;2025-10-03;188;13;3;35,9;0,0;107,7;0,0;107,7;Cartão de Crédito;PAGO;Loja Física
2031;2025-12-04;154;21;2;6,9;10,0;13,8;1,38;12,42;Pix;PAGO;Loja Física
2032;2026-06-24;99;9;1;32,0;10,0;32,0;3,2;28,8;Cartão de Débito;PAGO;Loja Física
2033;2025-10-02;157;26;5;79,9;0,0;399,5;0,0;399,5;Pix;PAGO;Aplicativo
2034;2025-09-01;185;29;1;14,9;0,0;14,9;0,0;14,9;Boleto;PAGO;Site
2035;2025-12-02;148;27;1;64,9;0,0;64,9;0,0;64,9;Cartão de Crédito;PAGO;Loja Física
2036;2025-06-21;123;25;5;24,9;0,0;124,5;0,0;124,5;Cartão de Crédito;PAGO;Site
2037;2025-07-28;51;3;6;79,9;0,0;479,4;0,0;479,4;Cartão de Crédito;CANCELADO;Site
2038;2025-12-21;84;26;5;79,9;0,0;399,5;0,0;399,5;Pix;CANCELADO;Site
2039;2026-02-17;163;2;5;199,9;10,0;999,5;99,95;899,55;Pix;PAGO;Site
2040;2025-06-06;182;26;3;79,9;5,0;239,7;11,98;227,72;Cartão de Débito;PAGO;Site
2041;2026-01-01;83;26;5;79,9;10,0;399,5;39,95;359,55;Cartão de Débito;PAGO;Loja Física
2042;2025-05-23;23;1;6;129,9;0,0;779,4;0,0;779,4;Pix;PAGO;Site
2043;2026-07-29;157;21;5;6,9;15,0;34,5;5,18;29,32;Cartão de Débito;NAO_INFORMADO;Aplicativo
2044;2026-05-10;96;23;5;12,9;0,0;64,5;0,0;64,5;Pix;PAGO;Loja Física
2045;2025-10-10;159;20;2;22,9;5,0;45,8;2,29;43,51;Pix;PAGO;Site
2046;2026-01-24;200;22;5;11,9;0,0;59,5;0,0;59,5;Cartão de Crédito;PAGO;Loja Física
2047;2026-03-19;138;21;6;6,9;0,0;41,4;0,0;41,4;Cartão de Crédito;PAGO;Loja Física
2048;2026-05-14;104;27;5;64,9;10,0;324,5;32,45;292,05;Pix;PAGO;Site
2049;2025-09-16;119;4;1;59,9;0,0;59,9;0,0;59,9;Cartão de Débito;PAGO;Loja Física
2050;2025-12-27;94;27;6;64,9;0,0;389,4;0,0;389,4;Boleto;PAGO;Loja Física
2051;2026-01-19;120;24;6;13,9;0,0;83,4;0,0;83,4;Cartão de Crédito;PAGO;Loja Física
2052;2026-08-20;89;12;3;38,5;0,0;115,5;0,0;115,5;Cartão de Crédito;PAGO;Marketplace
2053;2025-09-26;161;13;1;35,9;10,0;35,9;3,59;32,31;Pix;PENDENTE;Loja Física
2054;2025-04-15;65;26;6;79,9;0,0;479,4;0,0;479,4;Cartão de Débito;NAO_INFORMADO;Site
2055;2025-09-09;75;9;6;32,0;0,0;192,0;0,0;192,0;Cartão de Crédito;PAGO;Marketplace
2056;2025-02-07;32;7;4;69,9;0,0;279,6;0,0;279,6;Pix;PAGO;Loja Física
2057;2026-03-25;192;20;6;22,9;0,0;137,4;0,0;137,4;Boleto;PAGO;Loja Física
2058;2025-04-11;102;14;6;27,9;10,0;167,4;16,74;150,66;Pix;CANCELADO;Aplicativo
2059;2025-07-22;110;18;5;14,9;0,0;74,5;0,0;74,5;Boleto;PAGO;Site
2060;2026-07-06;55;14;1;27,9;0,0;27,9;0,0;27,9;Cartão de Débito;PAGO;Loja Física
2061;2025-11-14;43;20;1;22,9;0,0;22,9;0,0;22,9;Cartão de Crédito;PAGO;Site
2062;2026-03-29;197;8;3;54,9;15,0;164,7;24,7;140,0;Cartão de Débito;PAGO;Marketplace
2064;2026-03-02;61;17;2;9,9;10,0;19,8;1,98;17,82;Cartão de Crédito;PAGO;Aplicativo
2065;2025-05-10;173;28;5;89,9;0,0;449,5;0,0;449,5;Boleto;CANCELADO;Loja Física
2066;2026-05-16;165;11;2;45,0;5,0;90,0;4,5;85,5;Cartão de Crédito;PAGO;Aplicativo
2067;2026-01-22;96;13;3;35,9;10,0;107,7;10,77;96,93;Pix;PAGO;Loja Física
2068;2025-12-17;22;4;5;59,9;0,0;299,5;0,0;299,5;Pix;PAGO;Loja Física
2069;2026-08-31;56;2;2;199,9;0,0;399,8;0,0;399,8;Cartão de Débito;PAGO;Aplicativo
2070;2025-05-18;43;29;3;14,9;0,0;44,7;0,0;44,7;Boleto;CANCELADO;Loja Física
2071;2026-02-03;3;2;1;199,9;0,0;199,9;0,0;199,9;Pix;PAGO;Marketplace
2072;2026-05-10;112;16;1;19,9;0,0;19,9;0,0;19,9;Boleto;PAGO;Loja Física
2073;2026-03-03;48;1;4;129,9;0,0;519,6;0,0;519,6;Cartão de Crédito;PAGO;Site
2074;2025-02-15;58;22;3;11,9;15,0;35,7;5,36;30,34;Cartão de Crédito;PAGO;Loja Física
2075;2026-02-15;10;20;4;22,9;0,0;91,6;0,0;91,6;Cartão de Crédito;PAGO;Aplicativo
2076;2026-05-14;166;30;3;29,9;0,0;89,7;0,0;89,7;Pix;PAGO;Site
2077;2025-04-13;49;4;5;59,9;0,0;299,5;0,0;299,5;Boleto;PENDENTE;Loja Física
2078;2026-02-12;187;4;3;59,9;0,0;179,7;0,0;179,7;Cartão de Débito;PAGO;Aplicativo
2079;2026-06-07;117;14;5;27,9;0,0;139,5;0,0;139,5;Cartão de Débito;PAGO;Loja Física
2080;2025-03-26;2;12;5;38,5;0,0;192,5;0,0;192,5;Pix;PAGO;Marketplace
2081;2025-12-20;32;11;3;45,0;0,0;135,0;0,0;135,0;Cartão de Débito;PAGO;Marketplace
2082;2026-06-10;163;5;5;99,9;5,0;499,5;24,98;474,52;Cartão de Crédito;PAGO;Loja Física
2083;2026-05-13;180;20;4;22,9;0,0;91,6;0,0;91,6;Pix;PENDENTE;Marketplace
2084;2025-01-05;85;10;1;24,9;0,0;24,9;0,0;24,9;Boleto;PENDENTE;Aplicativo
2085;2025-04-29;194;19;3;27,9;5,0;83,7;4,18;79,52;Cartão de Crédito;PAGO;Marketplace
2086;2026-08-25;184;2;1;199,9;0,0;199,9;0,0;199,9;Cartão de Crédito;PAGO;Loja Física
2087;2026-03-07;192;25;2;24,9;15,0;49,8;7,47;42,33;Cartão de Crédito;PAGO;Marketplace
2088;2026-07-01;12;9;3;32,0;5,0;96,0;4,8;91,2;Pix;PAGO;Aplicativo
2089;2025-10-24;42;18;1;14,9;0,0;14,9;0,0;14,9;Pix;PAGO;Marketplace
2090;2025-05-01;27;19;6;27,9;0,0;167,4;0,0;167,4;Pix;PAGO;Site
2091;2025-06-03;132;12;3;38,5;5,0;115,5;5,78;109,72;Cartão de Débito;PAGO;Site
2092;2026-08-17;3;11;3;45,0;5,0;135,0;6,75;128,25;Cartão de Crédito;PAGO;Marketplace
2093;2026-02-22;18;1;4;129,9;0,0;519,6;0,0;519,6;Cartão de Crédito;PAGO;Site
2094;2026-01-19;120;28;4;89,9;0,0;359,6;0,0;359,6;Cartão de Débito;PENDENTE;Aplicativo
2095;2026-03-31;18;16;4;19,9;10,0;79,6;7,96;71,64;Cartão de Débito;PENDENTE;Marketplace
2096;2026-07-07;168;20;4;22,9;0,0;91,6;0,0;91,6;Pix;PAGO;Marketplace
2097;2025-10-14;98;26;2;79,9;0,0;159,8;0,0;159,8;Cartão de Débito;PAGO;Aplicativo
2098;2025-01-03;103;13;5;35,9;5,0;179,5;8,98;170,52;Pix;PAGO;Marketplace
2099;2026-05-09;184;5;5;99,9;15,0;499,5;74,92;424,58;Pix;PAGO;Loja Física
2100;2025-12-15;63;27;5;64,9;0,0;324,5;0,0;324,5;Pix;PAGO;Aplicativo
2101;2026-06-27;2;9;2;32,0;0,0;64,0;0,0;64,0;Pix;CANCELADO;Loja Física
2102;2026-07-18;136;26;1;79,9;10,0;79,9;7,99;71,91;Boleto;PENDENTE;Loja Física
2103;2025-02-05;24;5;2;99,9;5,0;199,8;9,99;189,81;Boleto;PENDENTE;Marketplace
2104;2026-06-22;199;19;5;27,9;0,0;139,5;0,0;139,5;Pix;PAGO;Aplicativo
2105;2025-06-27;148;9;2;32,0;15,0;64,0;9,6;54,4;Pix;PAGO;Loja Física
2106;2026-04-28;2;8;2;54,9;0,0;109,8;0,0;109,8;Pix;PAGO;Site
2107;2025-01-04;22;3;2;79,9;10,0;159,8;15,98;143,82;Cartão de Débito;PAGO;Loja Física
2108;2025-02-26;69;17;4;9,9;0,0;39,6;0,0;39,6;Cartão de Crédito;PAGO;Aplicativo
2109;2025-10-10;44;12;2;38,5;15,0;77,0;11,55;65,45;Pix;PAGO;Site
2110;2025-07-26;4;11;3;45,0;5,0;135,0;6,75;128,25;Boleto;CANCELADO;Marketplace
2111;2025-04-01;67;7;4;69,9;0,0;279,6;0,0;279,6;Cartão de Crédito;PAGO;Site
2112;2025-04-08;94;11;5;45,0;0,0;225,0;0,0;225,0;Cartão de Crédito;PAGO;Marketplace
2113;2025-05-14;12;22;2;11,9;0,0;23,8;0,0;23,8;Cartão de Débito;PAGO;Site
2114;2025-10-03;148;23;2;12,9;10,0;25,8;2,58;23,22;Cartão de Débito;NAO_INFORMADO;Site
2115;2026-01-16;83;19;1;27,9;15,0;27,9;4,18;23,72;Pix;CANCELADO;Site
2116;2025-12-09;118;10;5;24,9;0,0;124,5;0,0;124,5;Cartão de Crédito;PAGO;Loja Física
2117;2025-03-23;133;27;2;64,9;5,0;129,8;6,49;123,31;Pix;PAGO;Marketplace
2118;2026-03-21;182;30;4;29,9;15,0;119,6;17,94;101,66;Cartão de Crédito;PAGO;Loja Física
2119;2026-04-19;133;7;6;69,9;0,0;419,4;0,0;419,4;Pix;PENDENTE;Site
2120;2025-02-14;41;13;6;35,9;5,0;215,4;10,77;204,63;Boleto;PAGO;Site
2121;2025-02-01;185;5;3;99,9;0,0;299,7;0,0;299,7;Cartão de Crédito;PENDENTE;Site
2122;2025-05-22;33;14;2;27,9;0,0;55,8;0,0;55,8;Pix;PAGO;Aplicativo
2123;2025-03-02;26;20;1;22,9;10,0;22,9;2,29;20,61;Pix;PAGO;Aplicativo
2124;2025-12-03;108;6;4;6,5;5,0;26,0;1,3;24,7;Boleto;PAGO;Site
2125;2025-10-07;115;26;2;79,9;15,0;159,8;23,97;135,83;Pix;PAGO;Loja Física
2126;2026-05-08;123;25;6;24,9;15,0;149,4;22,41;126,99;Boleto;PAGO;Site
2127;2025-08-30;104;6;4;6,5;0,0;26,0;0,0;26,0;Pix;PAGO;Loja Física
2128;2025-11-16;78;14;3;27,9;0,0;83,7;0,0;83,7;Cartão de Crédito;PAGO;Aplicativo
2129;2025-05-08;103;22;1;11,9;5,0;11,9;0,6;11,3;Cartão de Crédito;PAGO;Site
2130;2025-08-25;176;28;3;89,9;5,0;269,7;13,48;256,22;Cartão de Crédito;PAGO;Aplicativo
2131;2026-04-26;143;28;2;89,9;10,0;179,8;17,98;161,82;Pix;PAGO;Aplicativo
2132;2025-12-15;64;29;2;14,9;10,0;29,8;2,98;26,82;Cartão de Débito;CANCELADO;Site
2133;2026-08-07;138;5;3;99,9;0,0;299,7;0,0;299,7;Pix;NAO_INFORMADO;Loja Física
2134;2025-09-12;34;12;1;38,5;0,0;38,5;0,0;38,5;Pix;PAGO;Site
2135;2025-02-23;70;16;1;19,9;0,0;19,9;0,0;19,9;Pix;CANCELADO;Loja Física
2136;2026-01-17;23;10;1;24,9;0,0;24,9;0,0;24,9;Pix;PAGO;Marketplace
2137;2025-12-20;6;3;5;79,9;0,0;399,5;0,0;399,5;Cartão de Crédito;PAGO;Site
2138;2026-05-25;194;25;1;24,9;0,0;24,9;0,0;24,9;Pix;PENDENTE;Site
2139;2025-09-09;5;6;5;6,5;15,0;32,5;4,88;27,62;Cartão de Débito;PAGO;Aplicativo
2140;2025-05-15;3;22;3;11,9;15,0;35,7;5,36;30,34;Cartão de Débito;PAGO;Loja Física
2141;2026-01-03;171;2;3;199,9;10,0;599,7;59,97;539,73;Cartão de Crédito;PAGO;Loja Física
2142;2026-08-31;10;23;4;12,9;0,0;51,6;0,0;51,6;Pix;CANCELADO;Site
2143;2026-05-28;143;24;2;13,9;0,0;27,8;0,0;27,8;Cartão de Crédito;PAGO;Marketplace
2144;2026-06-05;122;4;4;59,9;10,0;239,6;23,96;215,64;Cartão de Crédito;PAGO;Aplicativo
2145;2026-08-29;98;30;5;29,9;0,0;149,5;0,0;149,5;Boleto;PAGO;Loja Física
2147;2025-01-30;137;12;4;38,5;0,0;154,0;0,0;154,0;Pix;PAGO;Marketplace
2148;2025-12-21;73;19;6;27,9;5,0;167,4;8,37;159,03;Cartão de Crédito;PAGO;Loja Física
2149;2026-03-04;116;19;1;27,9;0,0;27,9;0,0;27,9;Pix;PAGO;Marketplace
2150;2026-02-16;54;12;4;38,5;0,0;154,0;0,0;154,0;Pix;PAGO;Marketplace
2151;2025-12-24;136;7;5;69,9;15,0;349,5;52,42;297,08;Boleto;PAGO;Loja Física
2152;2025-04-12;97;23;4;12,9;0,0;51,6;0,0;51,6;Cartão de Crédito;PAGO;Loja Física
2153;2025-04-16;37;12;3;38,5;0,0;115,5;0,0;115,5;Cartão de Crédito;NAO_INFORMADO;Marketplace
2154;2025-02-02;130;11;1;45,0;10,0;45,0;4,5;40,5;Cartão de Crédito;CANCELADO;Site
2155;2026-05-05;35;28;4;89,9;0,0;359,6;0,0;359,6;Pix;PAGO;Loja Física
2156;2025-11-17;41;22;1;11,9;5,0;11,9;0,6;11,3;Pix;PAGO;Site
2157;2026-02-27;81;9;1;32,0;0,0;32,0;0,0;32,0;Cartão de Crédito;PAGO;Site
2158;2025-06-08;116;4;5;59,9;15,0;299,5;44,92;254,58;Pix;PAGO;Loja Física
2159;2025-04-15;48;2;3;199,9;0,0;599,7;0,0;599,7;Pix;PAGO;Loja Física
2160;2025-01-13;87;30;5;29,9;0,0;149,5;0,0;149,5;Cartão de Crédito;PAGO;Aplicativo
2161;2025-10-10;125;7;5;69,9;10,0;349,5;34,95;314,55;Cartão de Crédito;PAGO;Loja Física
2162;2025-10-16;78;16;4;19,9;0,0;79,6;0,0;79,6;Pix;PAGO;Loja Física
2163;2025-08-29;119;27;4;64,9;0,0;259,6;0,0;259,6;Pix;PAGO;Marketplace
2164;2025-05-05;68;2;6;199,9;15,0;1199,4;179,91;1019,49;Pix;PAGO;Site
2165;2026-05-29;146;1;3;129,9;15,0;389,7;58,46;331,24;Cartão de Crédito;PAGO;Aplicativo
2166;2025-05-27;78;24;3;13,9;10,0;41,7;4,17;37,53;Cartão de Crédito;PAGO;Loja Física
2167;2026-06-13;27;8;3;54,9;0,0;164,7;0,0;164,7;Boleto;PAGO;Loja Física
2168;2025-04-29;114;30;1;29,9;15,0;29,9;4,49;25,41;Cartão de Crédito;PAGO;Site
2169;2026-01-31;117;19;6;27,9;0,0;167,4;0,0;167,4;Pix;PAGO;Loja Física
2170;2025-05-09;196;9;3;32,0;0,0;96,0;0,0;96,0;Cartão de Crédito;PAGO;Loja Física
2171;2025-09-22;159;1;2;129,9;10,0;259,8;25,98;233,82;Cartão de Crédito;CANCELADO;Loja Física
2172;2025-10-23;23;8;5;54,9;0,0;274,5;0,0;274,5;Cartão de Débito;PAGO;Loja Física
2173;2025-03-08;180;8;2;54,9;10,0;109,8;10,98;98,82;Cartão de Crédito;PAGO;Site
2174;2025-10-30;105;3;1;79,9;15,0;79,9;11,98;67,92;Pix;PAGO;Site
2175;2025-11-04;144;2;3;199,9;0,0;599,7;0,0;599,7;Cartão de Débito;CANCELADO;Site
2176;2025-04-20;7;17;1;9,9;0,0;9,9;0,0;9,9;Boleto;PENDENTE;Aplicativo
2177;2025-07-22;52;25;2;24,9;15,0;49,8;7,47;42,33;Boleto;PAGO;Site
2178;2025-01-25;44;25;4;24,9;0,0;99,6;0,0;99,6;Pix;CANCELADO;Aplicativo
2179;2026-06-16;78;19;4;27,9;10,0;111,6;11,16;100,44;Cartão de Crédito;PAGO;Loja Física
2180;2025-08-05;187;8;5;54,9;0,0;274,5;0,0;274,5;Pix;PAGO;Aplicativo
2181;2025-12-23;55;23;5;12,9;10,0;64,5;6,45;58,05;Pix;PAGO;Aplicativo
2182;2025-06-08;70;15;2;34,9;5,0;69,8;3,49;66,31;Cartão de Crédito;PENDENTE;Loja Física
2183;2025-09-07;160;18;3;14,9;0,0;44,7;0,0;44,7;Cartão de Débito;PAGO;Site
2184;2026-05-09;156;30;2;29,9;0,0;59,8;0,0;59,8;Cartão de Crédito;PAGO;Site
2185;2025-05-05;100;27;3;64,9;0,0;194,7;0,0;194,7;Pix;PAGO;Site
2186;2026-08-30;137;29;3;14,9;10,0;44,7;4,47;40,23;Cartão de Crédito;PAGO;Site
2187;2025-09-14;170;16;1;19,9;0,0;19,9;0,0;19,9;Cartão de Crédito;PAGO;Marketplace
2188;2025-02-26;85;24;5;13,9;0,0;69,5;0,0;69,5;Cartão de Crédito;PAGO;Loja Física
2189;2025-12-01;109;26;1;79,9;0,0;79,9;0,0;79,9;Cartão de Crédito;PAGO;Site
2190;2025-03-31;60;25;6;24,9;0,0;149,4;0,0;149,4;Pix;PAGO;Aplicativo
2191;2025-02-22;196;28;3;89,9;10,0;269,7;26,97;242,73;Cartão de Crédito;PAGO;Site
2192;2025-09-26;136;5;2;99,9;0,0;199,8;0,0;199,8;Cartão de Crédito;PAGO;Marketplace
2193;2025-05-22;33;14;3;27,9;0,0;83,7;0,0;83,7;Cartão de Débito;PAGO;Loja Física
2194;2026-05-08;99;3;5;79,9;0,0;399,5;0,0;399,5;Cartão de Crédito;PAGO;Aplicativo
2195;2025-09-02;109;14;3;27,9;5,0;83,7;4,18;79,52;Pix;PAGO;Loja Física
2197;2025-06-29;98;5;6;99,9;5,0;599,4;29,97;569,43;Pix;PAGO;Site
2198;2026-03-01;195;28;2;89,9;0,0;179,8;0,0;179,8;Pix;PAGO;Marketplace
2199;2026-06-04;29;24;6;13,9;15,0;83,4;12,51;70,89;Boleto;PAGO;Loja Física
2200;2026-05-06;22;1;5;129,9;15,0;649,5;97,42;552,08;Pix;PAGO;Aplicativo
2201;2026-05-09;136;25;6;24,9;0,0;149,4;0,0;149,4;Boleto;PAGO;Aplicativo
2202;2026-02-11;102;13;2;35,9;10,0;71,8;7,18;64,62;Pix;PAGO;Loja Física
2203;2026-05-17;120;6;5;6,5;15,0;32,5;4,88;27,62;Pix;PAGO;Site
2204;2026-08-01;165;12;4;38,5;15,0;154,0;23,1;130,9;Pix;PAGO;Loja Física
2206;2025-09-13;9;7;1;69,9;10,0;69,9;6,99;62,91;Boleto;PAGO;Loja Física
2207;2025-06-25;29;21;5;6,9;0,0;34,5;0,0;34,5;Cartão de Débito;PAGO;Loja Física
2208;2025-10-25;140;15;2;34,9;0,0;69,8;0,0;69,8;Pix;CANCELADO;Site
2209;2025-06-14;126;5;5;99,9;5,0;499,5;24,98;474,52;Cartão de Crédito;PAGO;Site
2210;2025-01-20;5;24;6;13,9;0,0;83,4;0,0;83,4;Cartão de Débito;PAGO;Aplicativo
2211;2025-02-18;4;23;2;12,9;0,0;25,8;0,0;25,8;Cartão de Crédito;PENDENTE;Loja Física
2212;2025-10-06;175;21;5;6,9;0,0;34,5;0,0;34,5;Cartão de Débito;PAGO;Site
2213;2026-07-28;8;19;1;27,9;15,0;27,9;4,18;23,72;Cartão de Crédito;PAGO;Loja Física
2214;2025-11-09;3;29;4;14,9;0,0;59,6;0,0;59,6;Pix;PAGO;Loja Física
2215;2025-02-01;176;13;1;35,9;5,0;35,9;1,8;34,1;Pix;PAGO;Loja Física
2216;2026-02-27;178;21;1;6,9;0,0;6,9;0,0;6,9;Cartão de Crédito;PAGO;Loja Física
2217;2026-03-02;26;21;5;6,9;10,0;34,5;3,45;31,05;Cartão de Crédito;PAGO;Loja Física
2218;2026-07-20;13;6;6;6,5;0,0;39,0;0,0;39,0;Cartão de Crédito;PAGO;Site
2219;2025-11-10;128;8;3;54,9;0,0;164,7;0,0;164,7;Pix;PAGO;Loja Física
2220;2025-11-29;82;25;1;24,9;5,0;24,9;1,25;23,65;Cartão de Crédito;PENDENTE;Aplicativo
2221;2026-06-29;151;6;4;6,5;0,0;26,0;0,0;26,0;Boleto;PAGO;Site
2222;2026-03-19;18;1;6;129,9;15,0;779,4;116,91;662,49;Cartão de Débito;PAGO;Loja Física
2223;2025-10-30;170;29;2;14,9;10,0;29,8;2,98;26,82;Pix;PAGO;Site
2225;2025-04-17;23;5;4;99,9;0,0;399,6;0,0;399,6;Pix;PAGO;Site
2226;2025-06-21;47;15;1;34,9;0,0;34,9;0,0;34,9;Cartão de Débito;PAGO;Site
2227;2025-03-14;34;1;5;129,9;10,0;649,5;64,95;584,55;Cartão de Crédito;PAGO;Site
2228;2025-09-10;188;22;4;11,9;15,0;47,6;7,14;40,46;Cartão de Crédito;PENDENTE;Marketplace
2229;2026-02-08;13;5;4;99,9;15,0;399,6;59,94;339,66;Cartão de Débito;PENDENTE;Site
2230;2026-07-29;158;17;6;9,9;5,0;59,4;2,97;56,43;Pix;PAGO;Aplicativo
2231;2026-08-06;3;19;4;27,9;10,0;111,6;11,16;100,44;Pix;PAGO;Site
2232;2026-04-19;176;28;6;89,9;10,0;539,4;53,94;485,46;Cartão de Crédito;PAGO;Loja Física
2233;2025-05-19;99;15;4;34,9;10,0;139,6;13,96;125,64;Cartão de Débito;PAGO;Loja Física
2234;2025-09-23;64;12;5;38,5;0,0;192,5;0,0;192,5;Cartão de Crédito;PAGO;Site
2235;2026-08-10;110;21;6;6,9;0,0;41,4;0,0;41,4;Cartão de Crédito;PAGO;Loja Física
2236;2026-05-04;135;11;4;45,0;0,0;180,0;0,0;180,0;Boleto;PAGO;Loja Física
2237;2026-04-23;120;23;2;12,9;0,0;25,8;0,0;25,8;Pix;PAGO;Loja Física
2239;2025-07-11;58;11;2;45,0;0,0;90,0;0,0;90,0;Cartão de Débito;PAGO;Aplicativo
2240;2025-12-05;31;7;2;69,9;0,0;139,8;0,0;139,8;Cartão de Crédito;PAGO;Loja Física
2241;2025-12-04;9;8;3;54,9;5,0;164,7;8,24;156,46;Pix;PAGO;Aplicativo
2242;2025-03-17;50;2;2;199,9;0,0;399,8;0,0;399,8;Boleto;PAGO;Site
2243;2025-09-13;170;16;4;19,9;5,0;79,6;3,98;75,62;Pix;PAGO;Aplicativo
2244;2025-06-07;44;27;4;64,9;15,0;259,6;38,94;220,66;Pix;PAGO;Aplicativo
2245;2025-09-12;172;12;4;38,5;0,0;154,0;0,0;154,0;Boleto;PAGO;Marketplace
2246;2025-01-07;128;2;2;199,9;0,0;399,8;0,0;399,8;Cartão de Crédito;PAGO;Loja Física
2247;2026-08-14;186;8;6;54,9;5,0;329,4;16,47;312,93;Pix;PAGO;Loja Física
2248;2025-05-26;109;24;2;13,9;5,0;27,8;1,39;26,41;Pix;PAGO;Loja Física
2249;2025-02-08;111;11;6;45,0;10,0;270,0;27,0;243,0;Boleto;PAGO;Loja Física
2250;2025-09-16;80;4;2;59,9;5,0;119,8;5,99;113,81;Pix;PAGO;Loja Física
2251;2025-08-25;151;24;1;13,9;10,0;13,9;1,39;12,51;Cartão de Crédito;PAGO;Loja Física
2252;2025-08-18;7;26;6;79,9;0,0;479,4;0,0;479,4;Pix;PAGO;Marketplace
2253;2025-10-14;47;5;2;99,9;0,0;199,8;0,0;199,8;Cartão de Débito;PAGO;Loja Física
2254;2025-03-05;103;18;4;14,9;0,0;59,6;0,0;59,6;Pix;PENDENTE;Aplicativo
2255;2025-10-26;67;3;2;79,9;0,0;159,8;0,0;159,8;Cartão de Crédito;PAGO;Loja Física
2257;2026-05-22;141;15;2;34,9;5,0;69,8;3,49;66,31;Pix;PAGO;Aplicativo
2258;2026-03-21;23;11;4;45,0;0,0;180,0;0,0;180,0;Boleto;PAGO;Marketplace
2259;2026-06-09;38;10;2;24,9;0,0;49,8;0,0;49,8;Cartão de Crédito;PAGO;Site
2260;2025-12-09;100;28;4;89,9;10,0;359,6;35,96;323,64;Cartão de Crédito;PAGO;Loja Física
2261;2026-08-15;95;21;4;6,9;10,0;27,6;2,76;24,84;Pix;CANCELADO;Marketplace
2262;2026-01-18;173;25;3;24,9;10,0;74,7;7,47;67,23;Pix;PAGO;Loja Física
2263;2025-01-03;180;20;5;22,9;0,0;114,5;0,0;114,5;Cartão de Crédito;PAGO;Aplicativo
2264;2025-04-16;186;29;1;14,9;0,0;14,9;0,0;14,9;Cartão de Crédito;PAGO;Loja Física
2265;2025-06-05;166;19;3;27,9;0,0;83,7;0,0;83,7;Cartão de Crédito;PAGO;Loja Física
2266;2026-05-24;143;30;1;29,9;10,0;29,9;2,99;26,91;Pix;PAGO;Loja Física
2267;2025-06-29;9;19;4;27,9;0,0;111,6;0,0;111,6;Pix;PAGO;Marketplace
2268;2025-12-08;164;20;5;22,9;0,0;114,5;0,0;114,5;Cartão de Débito;PAGO;Aplicativo
2269;2025-09-22;172;10;3;24,9;10,0;74,7;7,47;67,23;Pix;PAGO;Loja Física
2270;2026-01-11;24;7;4;69,9;0,0;279,6;0,0;279,6;Pix;CANCELADO;Aplicativo
2271;2026-04-04;98;26;4;79,9;5,0;319,6;15,98;303,62;Pix;PAGO;Marketplace
2272;2025-11-05;154;11;3;45,0;10,0;135,0;13,5;121,5;Pix;PAGO;Aplicativo
2273;2025-08-05;87;3;3;79,9;5,0;239,7;11,98;227,72;Cartão de Crédito;PAGO;Site
2274;2025-09-22;96;1;5;129,9;15,0;649,5;97,42;552,08;Pix;PAGO;Loja Física
2275;2025-03-14;137;3;6;79,9;0,0;479,4;0,0;479,4;Cartão de Crédito;PENDENTE;Site
2276;2026-08-14;106;11;5;45,0;0,0;225,0;0,0;225,0;Cartão de Crédito;PAGO;Site
2277;2025-02-10;40;21;3;6,9;0,0;20,7;0,0;20,7;Cartão de Crédito;NAO_INFORMADO;Loja Física
2278;2025-10-31;140;16;6;19,9;15,0;119,4;17,91;101,49;Pix;PAGO;Marketplace
2279;2025-10-16;121;18;1;14,9;10,0;14,9;1,49;13,41;Pix;PAGO;Loja Física
2280;2026-07-15;65;19;2;27,9;10,0;55,8;5,58;50,22;Cartão de Crédito;CANCELADO;Loja Física
2281;2025-05-28;160;16;3;19,9;15,0;59,7;8,96;50,74;Cartão de Débito;PAGO;Aplicativo
2282;2026-06-22;119;17;5;9,9;0,0;49,5;0,0;49,5;Pix;PAGO;Marketplace
2283;2025-05-20;185;3;2;79,9;5,0;159,8;7,99;151,81;Boleto;PAGO;Marketplace
2284;2025-03-07;179;20;4;22,9;5,0;91,6;4,58;87,02;Pix;PAGO;Site
2285;2026-03-09;185;27;5;64,9;15,0;324,5;48,68;275,82;Cartão de Crédito;PAGO;Loja Física
2286;2025-03-05;120;18;4;14,9;0,0;59,6;0,0;59,6;Cartão de Crédito;PAGO;Loja Física
2287;2025-11-03;62;8;1;54,9;0,0;54,9;0,0;54,9;Pix;PAGO;Loja Física
2288;2025-06-15;73;21;6;6,9;0,0;41,4;0,0;41,4;Cartão de Crédito;PAGO;Marketplace
2289;2026-05-19;140;4;2;59,9;15,0;119,8;17,97;101,83;Pix;PAGO;Aplicativo
2290;2026-06-07;85;14;1;27,9;5,0;27,9;1,4;26,5;Cartão de Crédito;PENDENTE;Aplicativo
2291;2025-06-30;87;17;1;9,9;0,0;9,9;0,0;9,9;Pix;PENDENTE;Aplicativo
2292;2025-10-07;100;19;1;27,9;5,0;27,9;1,4;26,5;Boleto;PAGO;Loja Física
2293;2025-02-06;85;6;6;6,5;0,0;39,0;0,0;39,0;Pix;CANCELADO;Loja Física
2294;2025-08-03;191;18;4;14,9;0,0;59,6;0,0;59,6;Boleto;PAGO;Site
2295;2026-07-13;100;10;2;24,9;0,0;49,8;0,0;49,8;Cartão de Crédito;PENDENTE;Loja Física
2296;2025-06-03;2;17;4;9,9;5,0;39,6;1,98;37,62;Boleto;CANCELADO;Aplicativo
2298;2025-05-13;116;12;4;38,5;0,0;154,0;0,0;154,0;Cartão de Crédito;PENDENTE;Loja Física
2299;2026-04-19;57;23;5;12,9;10,0;64,5;6,45;58,05;Cartão de Crédito;PAGO;Loja Física
2300;2025-06-06;85;15;1;34,9;0,0;34,9;0,0;34,9;Pix;PAGO;Aplicativo
2301;2025-02-09;76;8;5;54,9;0,0;274,5;0,0;274,5;Pix;PENDENTE;Marketplace
2302;2026-04-17;60;14;6;27,9;5,0;167,4;8,37;159,03;Pix;PAGO;Site
2303;2026-05-27;192;17;6;9,9;0,0;59,4;0,0;59,4;Pix;PAGO;Loja Física
2304;2026-03-25;8;10;5;24,9;0,0;124,5;0,0;124,5;Cartão de Crédito;PAGO;Aplicativo
2305;2025-06-13;108;11;5;45,0;0,0;225,0;0,0;225,0;Pix;PAGO;Site
2306;2025-09-08;148;3;2;79,9;5,0;159,8;7,99;151,81;Pix;PAGO;Marketplace
2307;2025-11-25;141;18;2;14,9;15,0;29,8;4,47;25,33;Boleto;PAGO;Site
2308;2025-01-22;34;15;3;34,9;10,0;104,7;10,47;94,23;Cartão de Crédito;PAGO;Site
2309;2026-04-19;179;30;4;29,9;5,0;119,6;5,98;113,62;Cartão de Crédito;PAGO;Loja Física
2310;2025-09-03;177;19;3;27,9;10,0;83,7;8,37;75,33;Pix;PAGO;Site
2311;2025-06-14;177;12;3;38,5;0,0;115,5;0,0;115,5;Pix;PAGO;Loja Física
2312;2025-03-18;101;15;6;34,9;10,0;209,4;20,94;188,46;Pix;PAGO;Aplicativo
2313;2025-07-29;11;16;3;19,9;15,0;59,7;8,96;50,74;Cartão de Débito;PAGO;Marketplace
2314;2025-02-28;49;1;5;129,9;15,0;649,5;97,42;552,08;Cartão de Crédito;PAGO;Aplicativo
2315;2025-06-27;150;24;3;13,9;0,0;41,7;0,0;41,7;Boleto;PAGO;Aplicativo
2316;2026-07-19;10;19;3;27,9;0,0;83,7;0,0;83,7;Cartão de Crédito;PAGO;Site
2317;2025-09-16;23;2;6;199,9;0,0;1199,4;0,0;1199,4;Cartão de Débito;PENDENTE;Loja Física
2318;2025-04-27;53;3;5;79,9;15,0;399,5;59,92;339,58;Pix;PAGO;Loja Física
2319;2026-03-19;178;12;4;38,5;0,0;154,0;0,0;154,0;Cartão de Débito;PAGO;Loja Física
2320;2025-06-19;159;27;2;64,9;0,0;129,8;0,0;129,8;Cartão de Débito;NAO_INFORMADO;Site
2321;2025-06-16;159;2;1;199,9;5,0;199,9;9,99;189,91;Boleto;PENDENTE;Aplicativo
2322;2026-08-10;28;22;4;11,9;10,0;47,6;4,76;42,84;Cartão de Crédito;PAGO;Loja Física
2323;2025-04-07;114;11;4;45,0;0,0;180,0;0,0;180,0;Pix;PAGO;Site
2324;2025-03-29;3;30;6;29,9;15,0;179,4;26,91;152,49;Cartão de Crédito;CANCELADO;Loja Física
2325;2025-04-25;62;26;4;79,9;10,0;319,6;31,96;287,64;Pix;PAGO;Marketplace
2326;2025-03-20;66;26;3;79,9;5,0;239,7;11,98;227,72;Cartão de Crédito;PAGO;Site
2327;2025-03-19;97;5;3;99,9;15,0;299,7;44,96;254,74;Cartão de Crédito;PAGO;Aplicativo
2328;2025-02-26;81;17;6;9,9;15,0;59,4;8,91;50,49;Cartão de Débito;PAGO;Marketplace
2329;2026-03-11;103;25;5;24,9;15,0;124,5;18,68;105,82;Cartão de Crédito;PENDENTE;Site
2330;2025-05-21;197;27;4;64,9;0,0;259,6;0,0;259,6;Pix;PAGO;Aplicativo
2331;2025-03-09;71;27;1;64,9;10,0;64,9;6,49;58,41;Pix;PAGO;Loja Física
2332;2025-10-20;179;1;4;129,9;5,0;519,6;25,98;493,62;Cartão de Crédito;PAGO;Aplicativo
2333;2025-05-26;135;11;5;45,0;15,0;225,0;33,75;191,25;Cartão de Débito;PAGO;Loja Física
2334;2025-08-05;159;11;6;45,0;15,0;270,0;40,5;229,5;Pix;PAGO;Loja Física
2335;2026-05-23;139;10;5;24,9;5,0;124,5;6,22;118,28;Boleto;PAGO;Site
2336;2025-09-22;178;21;2;6,9;0,0;13,8;0,0;13,8;Cartão de Crédito;NAO_INFORMADO;Site
2337;2025-09-30;26;29;3;14,9;0,0;44,7;0,0;44,7;Pix;PAGO;Loja Física
2338;2025-09-24;92;12;2;38,5;5,0;77,0;3,85;73,15;Pix;PAGO;Loja Física
2339;2026-01-24;18;6;5;6,5;0,0;32,5;0,0;32,5;Cartão de Crédito;PAGO;Marketplace
2340;2025-01-23;86;29;4;14,9;0,0;59,6;0,0;59,6;Pix;PAGO;Site
2341;2025-09-19;200;24;4;13,9;15,0;55,6;8,34;47,26;Boleto;PAGO;Aplicativo
2342;2025-12-13;146;29;6;14,9;0,0;89,4;0,0;89,4;Cartão de Crédito;PAGO;Marketplace
2343;2026-05-24;199;3;5;79,9;0,0;399,5;0,0;399,5;Boleto;PAGO;Site
2344;2026-04-01;191;22;2;11,9;15,0;23,8;3,57;20,23;Cartão de Débito;PAGO;Site
2345;2026-04-07;6;28;1;89,9;15,0;89,9;13,48;76,42;Cartão de Crédito;PAGO;Site
2346;2025-09-23;193;2;5;199,9;15,0;999,5;149,93;849,57;Boleto;PAGO;Site
2347;2026-03-07;45;7;6;69,9;15,0;419,4;62,91;356,49;Cartão de Crédito;PAGO;Site
2348;2025-10-19;157;4;3;59,9;10,0;179,7;17,97;161,73;Pix;PAGO;Aplicativo
2349;2026-03-22;34;25;6;24,9;0,0;149,4;0,0;149,4;Pix;PAGO;Loja Física
2350;2025-10-05;79;24;6;13,9;0,0;83,4;0,0;83,4;Cartão de Crédito;PAGO;Loja Física
2351;2025-08-22;42;11;6;45,0;0,0;270,0;0,0;270,0;Pix;PAGO;Aplicativo
2352;2025-04-16;33;22;1;11,9;10,0;11,9;1,19;10,71;Cartão de Crédito;PAGO;Site
2353;2026-08-03;78;24;6;13,9;5,0;83,4;4,17;79,23;Pix;PENDENTE;Loja Física
2354;2026-07-09;52;21;2;6,9;10,0;13,8;1,38;12,42;Pix;PAGO;Site
2355;2025-08-02;13;13;6;35,9;0,0;215,4;0,0;215,4;Cartão de Crédito;CANCELADO;Site
2356;2025-03-08;135;4;1;59,9;15,0;59,9;8,98;50,92;Boleto;PAGO;Aplicativo
2357;2025-04-29;107;30;6;29,9;0,0;179,4;0,0;179,4;Pix;PAGO;Site
2358;2026-04-14;93;4;5;59,9;15,0;299,5;44,92;254,58;Pix;PAGO;Marketplace
2359;2025-12-11;182;24;6;13,9;0,0;83,4;0,0;83,4;Pix;PAGO;Marketplace
2360;2026-07-28;31;27;6;64,9;10,0;389,4;38,94;350,46;Pix;PAGO;Loja Física
2361;2026-05-10;147;27;1;64,9;5,0;64,9;3,24;61,66;Pix;PAGO;Aplicativo
2362;2026-08-08;166;12;6;38,5;0,0;231,0;0,0;231,0;Cartão de Crédito;PAGO;Aplicativo
2364;2026-03-03;183;16;5;19,9;10,0;99,5;9,95;89,55;Cartão de Débito;PAGO;Loja Física
2365;2026-03-22;126;19;5;27,9;10,0;139,5;13,95;125,55;Pix;PAGO;Aplicativo
2366;2025-10-03;88;12;1;38,5;0,0;38,5;0,0;38,5;Pix;PAGO;Aplicativo
2367;2026-05-26;123;17;2;9,9;5,0;19,8;0,99;18,81;Pix;PAGO;Loja Física
2368;2025-08-20;15;5;2;99,9;0,0;199,8;0,0;199,8;Pix;PAGO;Marketplace
2369;2025-02-03;119;30;3;29,9;15,0;89,7;13,46;76,24;Cartão de Débito;NAO_INFORMADO;Aplicativo
2370;2025-06-02;70;8;3;54,9;0,0;164,7;0,0;164,7;Pix;PAGO;Aplicativo
2371;2026-01-02;54;25;6;24,9;0,0;149,4;0,0;149,4;Cartão de Crédito;CANCELADO;Loja Física
2372;2025-12-30;179;8;2;54,9;0,0;109,8;0,0;109,8;Pix;PAGO;Site
2373;2026-08-17;54;27;2;64,9;0,0;129,8;0,0;129,8;Pix;PAGO;Aplicativo
2375;2026-07-01;72;4;6;59,9;0,0;359,4;0,0;359,4;Pix;PENDENTE;Site
2376;2026-06-21;182;21;1;6,9;10,0;6,9;0,69;6,21;Cartão de Crédito;PAGO;Loja Física
2377;2026-01-31;76;19;6;27,9;0,0;167,4;0,0;167,4;Cartão de Débito;PAGO;Aplicativo
2378;2025-06-11;112;16;6;19,9;0,0;119,4;0,0;119,4;Pix;PAGO;Loja Física
2379;2025-05-16;135;20;4;22,9;5,0;91,6;4,58;87,02;Pix;PAGO;Site
2380;2025-03-24;178;15;6;34,9;0,0;209,4;0,0;209,4;Pix;PENDENTE;Site
2381;2025-01-31;33;22;4;11,9;0,0;47,6;0,0;47,6;Pix;PAGO;Aplicativo
2382;2025-11-01;127;21;6;6,9;0,0;41,4;0,0;41,4;Cartão de Crédito;PAGO;Site
2383;2025-01-01;60;8;2;54,9;5,0;109,8;5,49;104,31;Pix;PAGO;Site
2384;2026-03-29;76;11;3;45,0;0,0;135,0;0,0;135,0;Cartão de Crédito;PAGO;Site
2385;2025-11-25;191;30;5;29,9;0,0;149,5;0,0;149,5;Cartão de Crédito;PAGO;Site
2386;2025-04-04;5;17;4;9,9;10,0;39,6;3,96;35,64;Pix;PAGO;Loja Física
2387;2026-04-18;53;8;6;54,9;10,0;329,4;32,94;296,46;Cartão de Crédito;PAGO;Loja Física
2388;2026-02-05;2;15;3;34,9;15,0;104,7;15,7;89,0;Pix;PAGO;Site
2389;2025-06-07;106;24;1;13,9;0,0;13,9;0,0;13,9;Pix;PAGO;Site
2390;2025-10-14;24;23;2;12,9;0,0;25,8;0,0;25,8;Boleto;PAGO;Site
2391;2026-01-10;164;16;1;19,9;5,0;19,9;1,0;18,9;Pix;PAGO;Aplicativo
2392;2026-05-21;55;14;4;27,9;10,0;111,6;11,16;100,44;Boleto;PAGO;Site
2393;2026-03-24;89;5;5;99,9;0,0;499,5;0,0;499,5;Cartão de Crédito;PAGO;Loja Física
2394;2026-04-01;71;3;5;79,9;0,0;399,5;0,0;399,5;Cartão de Débito;PAGO;Site
2395;2025-06-03;62;7;5;69,9;0,0;349,5;0,0;349,5;Cartão de Crédito;PAGO;Aplicativo
2396;2025-11-02;199;26;5;79,9;15,0;399,5;59,92;339,58;Pix;PAGO;Loja Física
2397;2026-06-01;116;6;1;6,5;0,0;6,5;0,0;6,5;Pix;PAGO;Marketplace
2398;2025-03-02;55;10;4;24,9;0,0;99,6;0,0;99,6;Cartão de Crédito;PENDENTE;Aplicativo
2399;2025-04-29;87;22;6;11,9;0,0;71,4;0,0;71,4;Boleto;PAGO;Aplicativo
2400;2025-03-13;164;12;5;38,5;5,0;192,5;9,62;182,88;Boleto;PAGO;Site
2401;2026-02-15;1;12;2;38,5;0,0;77,0;0,0;77,0;Cartão de Débito;PAGO;Loja Física
2402;2026-06-16;3;6;5;6,5;0,0;32,5;0,0;32,5;Boleto;PENDENTE;Aplicativo
2403;2025-04-03;154;4;5;59,9;0,0;299,5;0,0;299,5;Cartão de Crédito;PAGO;Site
2404;2026-08-31;57;2;3;199,9;15,0;599,7;89,96;509,74;Boleto;PAGO;Site
2405;2025-06-01;153;16;1;19,9;15,0;19,9;2,98;16,92;Pix;PAGO;Marketplace
2406;2026-03-09;22;23;3;12,9;0,0;38,7;0,0;38,7;Boleto;PENDENTE;Loja Física
2407;2025-09-29;11;19;3;27,9;10,0;83,7;8,37;75,33;Pix;PAGO;Marketplace
2408;2026-04-05;66;16;3;19,9;5,0;59,7;2,98;56,72;Pix;PAGO;Marketplace
2409;2026-02-02;152;24;2;13,9;15,0;27,8;4,17;23,63;Pix;PAGO;Loja Física
2410;2025-05-05;171;14;1;27,9;10,0;27,9;2,79;25,11;Pix;PAGO;Loja Física
2411;2026-01-01;150;28;5;89,9;15,0;449,5;67,42;382,08;Cartão de Crédito;PAGO;Marketplace
2412;2026-03-17;143;8;1;54,9;10,0;54,9;5,49;49,41;Cartão de Crédito;PAGO;Aplicativo
2413;2026-02-19;141;29;5;14,9;0,0;74,5;0,0;74,5;Boleto;PAGO;Loja Física
2414;2025-10-08;199;27;2;64,9;0,0;129,8;0,0;129,8;Boleto;PAGO;Loja Física
2415;2026-05-27;27;26;4;79,9;0,0;319,6;0,0;319,6;Pix;PENDENTE;Loja Física
2416;2025-01-12;152;9;3;32,0;10,0;96,0;9,6;86,4;Cartão de Débito;PAGO;Marketplace
2417;2025-08-14;176;23;4;12,9;5,0;51,6;2,58;49,02;Cartão de Crédito;PAGO;Aplicativo
2418;2025-01-17;75;5;5;99,9;5,0;499,5;24,98;474,52;Pix;PAGO;Site
2419;2026-02-20;193;11;2;45,0;0,0;90,0;0,0;90,0;Cartão de Crédito;PAGO;Loja Física
2420;2025-10-28;173;16;2;19,9;10,0;39,8;3,98;35,82;Pix;PAGO;Loja Física
2421;2025-03-28;31;22;4;11,9;15,0;47,6;7,14;40,46;Pix;PAGO;Loja Física
2422;2026-07-16;153;20;5;22,9;10,0;114,5;11,45;103,05;Boleto;PAGO;Loja Física
2423;2025-10-30;12;13;2;35,9;0,0;71,8;0,0;71,8;Pix;PAGO;Marketplace
2424;2025-12-15;39;23;2;12,9;0,0;25,8;0,0;25,8;Cartão de Débito;PAGO;Loja Física
2425;2025-07-04;28;27;5;64,9;0,0;324,5;0,0;324,5;Boleto;PAGO;Marketplace
2426;2025-10-06;96;11;2;45,0;0,0;90,0;0,0;90,0;Pix;PAGO;Loja Física
2427;2025-03-29;38;8;2;54,9;5,0;109,8;5,49;104,31;Pix;PAGO;Aplicativo
2428;2026-07-06;125;9;6;32,0;5,0;192,0;9,6;182,4;Pix;PAGO;Loja Física
2429;2025-11-08;12;15;4;34,9;15,0;139,6;20,94;118,66;Pix;PAGO;Site
2430;2026-06-14;21;7;4;69,9;5,0;279,6;13,98;265,62;Pix;PAGO;Site
2431;2026-03-22;56;10;2;24,9;10,0;49,8;4,98;44,82;Pix;PAGO;Loja Física
2432;2026-06-20;137;12;2;38,5;0,0;77,0;0,0;77,0;Pix;PAGO;Site
2433;2025-04-30;18;10;6;24,9;0,0;149,4;0,0;149,4;Boleto;PAGO;Site
2434;2025-07-11;131;8;3;54,9;0,0;164,7;0,0;164,7;Pix;PAGO;Site
2435;2026-05-23;77;13;6;35,9;0,0;215,4;0,0;215,4;Cartão de Crédito;PAGO;Aplicativo
2436;2026-02-04;143;11;2;45,0;0,0;90,0;0,0;90,0;Cartão de Crédito;PAGO;Loja Física
2437;2025-09-27;57;16;3;19,9;0,0;59,7;0,0;59,7;Cartão de Crédito;CANCELADO;Site
2438;2025-11-16;70;28;5;89,9;0,0;449,5;0,0;449,5;Pix;PAGO;Site
2439;2026-08-18;116;22;3;11,9;0,0;35,7;0,0;35,7;Cartão de Crédito;PAGO;Loja Física
2440;2026-05-24;94;24;2;13,9;10,0;27,8;2,78;25,02;Cartão de Crédito;PAGO;Aplicativo
2441;2026-06-09;104;24;5;13,9;0,0;69,5;0,0;69,5;Boleto;PAGO;Loja Física
2442;2025-08-13;132;19;2;27,9;0,0;55,8;0,0;55,8;Cartão de Crédito;PAGO;Marketplace
2443;2025-09-28;143;4;2;59,9;0,0;119,8;0,0;119,8;Boleto;PAGO;Loja Física
2444;2026-07-23;119;24;6;13,9;0,0;83,4;0,0;83,4;Cartão de Crédito;PAGO;Loja Física
2445;2025-01-13;1;13;4;35,9;10,0;143,6;14,36;129,24;Boleto;CANCELADO;Loja Física
2446;2026-07-06;33;28;2;89,9;0,0;179,8;0,0;179,8;Cartão de Crédito;CANCELADO;Site
2447;2025-05-17;110;18;2;14,9;0,0;29,8;0,0;29,8;Cartão de Crédito;PAGO;Marketplace
2448;2025-06-20;170;24;3;13,9;15,0;41,7;6,26;35,44;Pix;CANCELADO;Site
2449;2025-09-28;53;18;3;14,9;0,0;44,7;0,0;44,7;Cartão de Crédito;PAGO;Marketplace
2450;2025-06-07;67;22;3;11,9;0,0;35,7;0,0;35,7;Pix;PAGO;Site
2451;2025-08-19;97;16;6;19,9;0,0;119,4;0,0;119,4;Cartão de Crédito;PAGO;Aplicativo
2452;2026-01-17;147;30;3;29,9;0,0;89,7;0,0;89,7;Pix;PAGO;Aplicativo
2453;2026-05-24;46;7;4;69,9;0,0;279,6;0,0;279,6;Pix;PAGO;Site
2454;2025-04-02;125;12;5;38,5;0,0;192,5;0,0;192,5;Boleto;PAGO;Aplicativo
2455;2026-05-19;34;18;6;14,9;0,0;89,4;0,0;89,4;Pix;PAGO;Site
2456;2025-04-19;86;12;1;38,5;0,0;38,5;0,0;38,5;Cartão de Crédito;PAGO;Loja Física
2457;2025-01-14;23;16;5;19,9;0,0;99,5;0,0;99,5;Cartão de Débito;PAGO;Aplicativo
2458;2026-08-08;23;27;3;64,9;0,0;194,7;0,0;194,7;Boleto;NAO_INFORMADO;Site
2459;2025-08-25;100;13;4;35,9;0,0;143,6;0,0;143,6;Pix;PAGO;Aplicativo
2460;2026-02-01;146;14;3;27,9;5,0;83,7;4,18;79,52;Cartão de Crédito;PAGO;Site
2461;2026-03-31;159;4;6;59,9;0,0;359,4;0,0;359,4;Pix;PAGO;Loja Física
2462;2026-05-27;53;10;6;24,9;10,0;149,4;14,94;134,46;Cartão de Débito;PAGO;Loja Física
2463;2026-07-18;108;14;5;27,9;15,0;139,5;20,92;118,58;Pix;PAGO;Aplicativo
2464;2026-08-29;76;12;5;38,5;15,0;192,5;28,88;163,62;Pix;CANCELADO;Marketplace
2465;2026-02-10;127;29;4;14,9;10,0;59,6;5,96;53,64;Cartão de Crédito;PAGO;Site
2466;2026-02-01;99;26;3;79,9;5,0;239,7;11,98;227,72;Pix;PAGO;Site
2467;2025-09-16;82;27;6;64,9;10,0;389,4;38,94;350,46;Pix;PAGO;Aplicativo
2468;2026-06-21;157;16;2;19,9;0,0;39,8;0,0;39,8;Pix;PAGO;Loja Física
2469;2026-05-09;135;26;3;79,9;0,0;239,7;0,0;239,7;Pix;PENDENTE;Site
2470;2026-01-24;78;19;2;27,9;10,0;55,8;5,58;50,22;Cartão de Crédito;PAGO;Aplicativo
2471;2025-12-27;1;15;2;34,9;10,0;69,8;6,98;62,82;Cartão de Débito;PAGO;Aplicativo
2472;2026-01-05;133;11;1;45,0;0,0;45,0;0,0;45,0;Cartão de Débito;PAGO;Loja Física
2473;2026-02-08;111;30;4;29,9;10,0;119,6;11,96;107,64;Pix;PAGO;Loja Física
2474;2025-05-31;14;27;5;64,9;10,0;324,5;32,45;292,05;Boleto;PAGO;Loja Física
2475;2026-07-01;29;1;2;129,9;10,0;259,8;25,98;233,82;Cartão de Débito;PAGO;Marketplace
2476;2025-07-21;61;29;4;14,9;15,0;59,6;8,94;50,66;Cartão de Débito;PAGO;Loja Física
2477;2026-08-28;54;28;6;89,9;15,0;539,4;80,91;458,49;Pix;PAGO;Aplicativo
2478;2026-02-18;136;22;2;11,9;0,0;23,8;0,0;23,8;Pix;PAGO;Site
2479;2025-09-02;185;18;6;14,9;0,0;89,4;0,0;89,4;Boleto;CANCELADO;Loja Física
2480;2025-04-15;180;9;3;32,0;10,0;96,0;9,6;86,4;Boleto;PAGO;Site
2481;2026-05-17;149;1;3;129,9;0,0;389,7;0,0;389,7;Cartão de Débito;PAGO;Aplicativo
2482;2026-04-11;136;29;1;14,9;0,0;14,9;0,0;14,9;Cartão de Débito;PAGO;Site
2483;2026-04-19;55;7;1;69,9;0,0;69,9;0,0;69,9;Boleto;PAGO;Aplicativo
2484;2025-01-11;49;29;3;14,9;0,0;44,7;0,0;44,7;Cartão de Débito;PAGO;Loja Física
2485;2026-06-16;84;13;3;35,9;10,0;107,7;10,77;96,93;Cartão de Crédito;CANCELADO;Marketplace
2486;2026-08-25;56;18;5;14,9;0,0;74,5;0,0;74,5;Pix;PENDENTE;Site
2487;2025-02-25;32;14;1;27,9;10,0;27,9;2,79;25,11;Pix;PAGO;Loja Física
2488;2025-06-19;63;22;5;11,9;0,0;59,5;0,0;59,5;Cartão de Débito;NAO_INFORMADO;Loja Física
2489;2025-10-09;16;1;4;129,9;15,0;519,6;77,94;441,66;Pix;PAGO;Loja Física
2490;2025-01-23;75;12;2;38,5;0,0;77,0;0,0;77,0;Pix;CANCELADO;Aplicativo
2491;2025-11-05;136;23;4;12,9;15,0;51,6;7,74;43,86;Pix;PAGO;Marketplace
2492;2026-01-03;114;10;5;24,9;15,0;124,5;18,68;105,82;Cartão de Débito;PAGO;Site
2493;2025-12-02;61;24;2;13,9;5,0;27,8;1,39;26,41;Cartão de Débito;PAGO;Site
2494;2025-05-15;151;7;5;69,9;0,0;349,5;0,0;349,5;Cartão de Débito;PAGO;Site
2495;2025-03-23;87;22;4;11,9;0,0;47,6;0,0;47,6;Cartão de Crédito;PAGO;Loja Física
2496;2026-04-10;100;24;5;13,9;0,0;69,5;0,0;69,5;Cartão de Crédito;PAGO;Aplicativo
2497;2025-02-01;131;10;5;24,9;5,0;124,5;6,22;118,28;Pix;PENDENTE;Loja Física
2498;2026-01-05;89;11;1;45,0;15,0;45,0;6,75;38,25;Pix;PENDENTE;Loja Física
2499;2025-05-18;170;17;5;9,9;0,0;49,5;0,0;49,5;Cartão de Crédito;PAGO;Aplicativo
2500;2025-10-18;182;16;4;19,9;0,0;79,6;0,0;79,6;Pix;PAGO;Aplicativo
2501;2025-03-05;182;8;4;54,9;0,0;219,6;0,0;219,6;Cartão de Débito;NAO_INFORMADO;Site
2502;2025-09-29;185;27;3;64,9;15,0;194,7;29,2;165,5;Cartão de Débito;PAGO;Loja Física
2503;2025-12-18;8;28;4;89,9;0,0;359,6;0,0;359,6;Cartão de Débito;PAGO;Aplicativo
2504;2026-05-10;102;4;2;59,9;0,0;119,8;0,0;119,8;Pix;CANCELADO;Marketplace
2505;2025-02-20;15;7;3;69,9;0,0;209,7;0,0;209,7;Pix;PENDENTE;Aplicativo
2506;2025-07-11;32;20;3;22,9;0,0;68,7;0,0;68,7;Boleto;PAGO;Loja Física
2507;2026-03-01;131;30;6;29,9;0,0;179,4;0,0;179,4;Cartão de Crédito;CANCELADO;Loja Física
2508;2025-02-22;76;24;5;13,9;0,0;69,5;0,0;69,5;Pix;PAGO;Site
2509;2026-02-05;143;3;6;79,9;0,0;479,4;0,0;479,4;Cartão de Débito;PAGO;Marketplace
2510;2026-06-15;130;22;6;11,9;5,0;71,4;3,57;67,83;Pix;PAGO;Loja Física
2511;2025-07-29;45;25;5;24,9;0,0;124,5;0,0;124,5;Pix;PAGO;Aplicativo
2512;2025-02-13;48;23;2;12,9;0,0;25,8;0,0;25,8;Cartão de Crédito;PAGO;Site
2513;2025-10-18;116;21;1;6,9;5,0;6,9;0,34;6,56;Pix;PAGO;Site
2514;2026-07-11;60;29;3;14,9;0,0;44,7;0,0;44,7;Cartão de Crédito;PAGO;Aplicativo
2515;2025-01-31;66;16;3;19,9;0,0;59,7;0,0;59,7;Cartão de Crédito;PAGO;Loja Física
2516;2025-12-02;133;27;4;64,9;0,0;259,6;0,0;259,6;Cartão de Crédito;PAGO;Marketplace
2517;2025-11-10;66;19;2;27,9;0,0;55,8;0,0;55,8;Cartão de Débito;PAGO;Site
2518;2025-05-28;51;3;3;79,9;5,0;239,7;11,98;227,72;Pix;PAGO;Aplicativo
2519;2026-08-27;100;1;5;129,9;0,0;649,5;0,0;649,5;Cartão de Crédito;PAGO;Marketplace
2520;2025-05-20;69;6;2;6,5;0,0;13,0;0,0;13,0;Cartão de Crédito;PAGO;Loja Física
2521;2025-07-28;132;18;3;14,9;0,0;44,7;0,0;44,7;Cartão de Crédito;PAGO;Site
2522;2026-08-22;99;17;2;9,9;10,0;19,8;1,98;17,82;Cartão de Débito;PAGO;Site
2523;2026-04-17;129;27;6;64,9;0,0;389,4;0,0;389,4;Cartão de Crédito;CANCELADO;Aplicativo
2524;2025-09-28;55;21;6;6,9;0,0;41,4;0,0;41,4;Boleto;PAGO;Loja Física
2525;2025-03-04;75;12;2;38,5;0,0;77,0;0,0;77,0;Pix;PAGO;Loja Física
2526;2026-08-12;24;28;3;89,9;5,0;269,7;13,48;256,22;Boleto;PAGO;Loja Física
2527;2026-07-15;82;12;6;38,5;0,0;231,0;0,0;231,0;Cartão de Crédito;PAGO;Marketplace
2528;2026-02-25;182;23;5;12,9;0,0;64,5;0,0;64,5;Pix;PENDENTE;Aplicativo
2529;2026-06-02;158;5;2;99,9;0,0;199,8;0,0;199,8;Cartão de Crédito;PAGO;Loja Física
2530;2025-10-30;149;12;4;38,5;15,0;154,0;23,1;130,9;Cartão de Débito;PAGO;Loja Física
2531;2025-04-26;75;23;2;12,9;0,0;25,8;0,0;25,8;Pix;PAGO;Loja Física
2532;2026-01-11;32;1;6;129,9;0,0;779,4;0,0;779,4;Pix;PAGO;Marketplace
2533;2025-07-25;118;4;4;59,9;0,0;239,6;0,0;239,6;Pix;PAGO;Loja Física
2534;2025-07-03;106;3;5;79,9;0,0;399,5;0,0;399,5;Cartão de Crédito;PAGO;Loja Física
2535;2026-04-10;84;12;3;38,5;0,0;115,5;0,0;115,5;Pix;PAGO;Marketplace
2536;2025-11-18;29;13;6;35,9;0,0;215,4;0,0;215,4;Pix;PAGO;Aplicativo
2537;2025-11-23;119;30;4;29,9;0,0;119,6;0,0;119,6;Cartão de Débito;PAGO;Loja Física
2538;2026-01-09;49;28;6;89,9;5,0;539,4;26,97;512,43;Cartão de Débito;PAGO;Loja Física
2539;2025-03-25;108;9;5;32,0;0,0;160,0;0,0;160,0;Cartão de Crédito;PAGO;Loja Física
2540;2025-09-29;106;23;5;12,9;10,0;64,5;6,45;58,05;Cartão de Crédito;PAGO;Loja Física
2541;2025-03-08;83;5;6;99,9;10,0;599,4;59,94;539,46;Pix;PAGO;Loja Física
2542;2026-03-03;52;7;3;69,9;15,0;209,7;31,46;178,24;Pix;PAGO;Site
2543;2025-10-16;31;15;6;34,9;0,0;209,4;0,0;209,4;Cartão de Débito;PAGO;Site
2544;2025-10-04;113;5;1;99,9;0,0;99,9;0,0;99,9;Pix;PAGO;Marketplace
2545;2026-08-02;191;29;6;14,9;0,0;89,4;0,0;89,4;Pix;PAGO;Site
2546;2025-04-07;127;15;4;34,9;10,0;139,6;13,96;125,64;Pix;PAGO;Loja Física
2547;2025-03-27;199;2;6;199,9;0,0;1199,4;0,0;1199,4;Cartão de Crédito;PAGO;Aplicativo
2548;2025-09-21;186;7;4;69,9;0,0;279,6;0,0;279,6;Pix;PAGO;Site
2549;2025-07-27;95;28;3;89,9;0,0;269,7;0,0;269,7;Pix;CANCELADO;Site
2550;2025-11-25;109;19;3;27,9;0,0;83,7;0,0;83,7;Cartão de Crédito;PENDENTE;Site
2551;2026-01-28;190;14;1;27,9;15,0;27,9;4,18;23,72;Boleto;CANCELADO;Marketplace
2552;2025-01-04;151;1;5;129,9;10,0;649,5;64,95;584,55;Pix;PAGO;Aplicativo
2553;2026-02-20;171;2;1;199,9;0,0;199,9;0,0;199,9;Cartão de Crédito;CANCELADO;Aplicativo
2554;2025-03-28;72;15;4;34,9;10,0;139,6;13,96;125,64;Cartão de Crédito;PENDENTE;Marketplace
2555;2026-02-15;79;11;4;45,0;0,0;180,0;0,0;180,0;Pix;PAGO;Loja Física
2556;2025-06-21;39;13;6;35,9;0,0;215,4;0,0;215,4;Pix;PAGO;Marketplace
2557;2025-10-17;188;8;6;54,9;5,0;329,4;16,47;312,93;Cartão de Débito;CANCELADO;Loja Física
2558;2026-03-03;164;14;4;27,9;0,0;111,6;0,0;111,6;Pix;PENDENTE;Aplicativo
2559;2026-04-07;156;16;3;19,9;0,0;59,7;0,0;59,7;Pix;CANCELADO;Aplicativo
2560;2026-08-16;152;21;5;6,9;0,0;34,5;0,0;34,5;Cartão de Débito;PAGO;Aplicativo
2561;2025-05-07;39;2;6;199,9;0,0;1199,4;0,0;1199,4;Cartão de Débito;PAGO;Marketplace
2562;2025-09-09;196;7;3;69,9;5,0;209,7;10,48;199,22;Cartão de Crédito;PAGO;Site
2563;2025-06-25;14;12;2;38,5;0,0;77,0;0,0;77,0;Cartão de Crédito;PAGO;Site
2564;2026-08-27;51;4;1;59,9;0,0;59,9;0,0;59,9;Cartão de Crédito;PAGO;Loja Física
2565;2025-01-09;63;8;1;54,9;5,0;54,9;2,74;52,16;Cartão de Crédito;PAGO;Site
2566;2026-05-22;186;21;6;6,9;0,0;41,4;0,0;41,4;Cartão de Débito;PAGO;Loja Física
2567;2025-09-11;129;22;3;11,9;10,0;35,7;3,57;32,13;Pix;PAGO;Loja Física
2568;2025-07-12;98;29;4;14,9;5,0;59,6;2,98;56,62;Cartão de Crédito;PAGO;Marketplace
2569;2026-01-22;118;20;3;22,9;0,0;68,7;0,0;68,7;Cartão de Débito;PAGO;Site
2570;2025-03-03;184;8;5;54,9;0,0;274,5;0,0;274,5;Pix;PAGO;Site
2571;2025-01-02;28;7;3;69,9;15,0;209,7;31,46;178,24;Cartão de Crédito;PAGO;Site
2572;2026-08-24;63;20;6;22,9;0,0;137,4;0,0;137,4;Cartão de Crédito;CANCELADO;Loja Física
2573;2025-07-13;77;21;1;6,9;0,0;6,9;0,0;6,9;Pix;PAGO;Aplicativo
2574;2025-12-09;83;30;6;29,9;0,0;179,4;0,0;179,4;Cartão de Crédito;PAGO;Marketplace
2575;2025-06-23;37;11;6;45,0;10,0;270,0;27,0;243,0;Pix;PAGO;Marketplace
2576;2025-03-05;160;8;6;54,9;0,0;329,4;0,0;329,4;Cartão de Débito;PAGO;Aplicativo
2577;2025-02-22;114;26;2;79,9;5,0;159,8;7,99;151,81;Boleto;PAGO;Loja Física
2579;2025-05-05;50;27;1;64,9;0,0;64,9;0,0;64,9;Cartão de Crédito;CANCELADO;Aplicativo
2580;2025-11-24;142;20;1;22,9;0,0;22,9;0,0;22,9;Cartão de Crédito;PAGO;Aplicativo
2581;2026-08-30;46;19;1;27,9;0,0;27,9;0,0;27,9;Pix;PAGO;Aplicativo
2582;2025-01-08;193;19;5;27,9;0,0;139,5;0,0;139,5;Pix;PAGO;Aplicativo
2583;2025-11-26;40;19;2;27,9;0,0;55,8;0,0;55,8;Boleto;PAGO;Loja Física
2584;2025-11-06;180;29;1;14,9;0,0;14,9;0,0;14,9;Cartão de Crédito;PAGO;Site
2585;2025-07-11;154;20;3;22,9;0,0;68,7;0,0;68,7;Pix;PAGO;Loja Física
2586;2025-05-07;81;4;4;59,9;0,0;239,6;0,0;239,6;Cartão de Débito;PAGO;Loja Física
2587;2026-02-17;137;2;5;199,9;15,0;999,5;149,93;849,57;Pix;PAGO;Site
2588;2025-09-15;102;1;6;129,9;0,0;779,4;0,0;779,4;Boleto;PENDENTE;Marketplace
2589;2025-09-17;41;5;3;99,9;0,0;299,7;0,0;299,7;Cartão de Crédito;PAGO;Site
2590;2026-08-28;193;20;6;22,9;5,0;137,4;6,87;130,53;Cartão de Crédito;CANCELADO;Aplicativo
2591;2026-05-27;125;10;1;24,9;15,0;24,9;3,74;21,16;Pix;PAGO;Loja Física
2592;2026-01-15;19;1;2;129,9;0,0;259,8;0,0;259,8;Cartão de Crédito;PAGO;Aplicativo
2593;2025-12-19;71;30;2;29,9;0,0;59,8;0,0;59,8;Cartão de Crédito;PAGO;Site
2594;2025-08-28;149;6;4;6,5;5,0;26,0;1,3;24,7;Pix;PAGO;Loja Física
2595;2025-06-20;199;26;5;79,9;15,0;399,5;59,92;339,58;Cartão de Crédito;PENDENTE;Site
2596;2026-04-13;198;30;1;29,9;10,0;29,9;2,99;26,91;Pix;PAGO;Site
2597;2025-07-15;82;24;4;13,9;0,0;55,6;0,0;55,6;Pix;PAGO;Aplicativo
2598;2026-07-19;199;21;1;6,9;0,0;6,9;0,0;6,9;Cartão de Crédito;PAGO;Aplicativo
2599;2026-03-01;33;26;3;79,9;15,0;239,7;35,96;203,74;Pix;PAGO;Marketplace
2600;2025-06-25;42;20;3;22,9;0,0;68,7;0,0;68,7;Cartão de Crédito;PAGO;Aplicativo
2601;2026-08-19;106;2;6;199,9;0,0;1199,4;0,0;1199,4;Cartão de Crédito;PAGO;Aplicativo
2602;2025-08-24;110;1;5;129,9;0,0;649,5;0,0;649,5;Cartão de Crédito;PAGO;Marketplace
2603;2025-05-26;37;1;3;129,9;0,0;389,7;0,0;389,7;Pix;PAGO;Aplicativo
2604;2025-06-26;56;15;1;34,9;10,0;34,9;3,49;31,41;Cartão de Débito;PAGO;Marketplace
2605;2025-11-11;173;27;5;64,9;0,0;324,5;0,0;324,5;Cartão de Crédito;PAGO;Loja Física
2606;2025-09-08;194;3;2;79,9;15,0;159,8;23,97;135,83;Cartão de Crédito;PAGO;Site
2607;2025-06-15;62;8;1;54,9;0,0;54,9;0,0;54,9;Cartão de Débito;CANCELADO;Marketplace
2608;2026-06-06;5;22;1;11,9;0,0;11,9;0,0;11,9;Cartão de Crédito;PAGO;Aplicativo
2609;2025-09-16;7;30;1;29,9;5,0;29,9;1,5;28,4;Pix;PAGO;Site
2610;2025-07-08;195;18;4;14,9;0,0;59,6;0,0;59,6;Pix;PAGO;Marketplace
2611;2025-08-07;186;1;3;129,9;0,0;389,7;0,0;389,7;Pix;PAGO;Loja Física
2613;2026-01-01;109;25;2;24,9;15,0;49,8;7,47;42,33;Cartão de Débito;PAGO;Site
2614;2026-07-27;150;3;6;79,9;5,0;479,4;23,97;455,43;Cartão de Crédito;PAGO;Site
2615;2026-05-07;119;24;4;13,9;10,0;55,6;5,56;50,04;Pix;PENDENTE;Loja Física
2616;2025-10-12;130;8;5;54,9;0,0;274,5;0,0;274,5;Pix;PAGO;Loja Física
2617;2026-04-13;186;14;5;27,9;0,0;139,5;0,0;139,5;Pix;PAGO;Loja Física
2618;2025-09-11;161;19;6;27,9;10,0;167,4;16,74;150,66;Cartão de Débito;PAGO;Loja Física
2619;2025-09-02;170;7;5;69,9;0,0;349,5;0,0;349,5;Cartão de Crédito;CANCELADO;Site
2620;2025-02-01;106;19;2;27,9;0,0;55,8;0,0;55,8;Cartão de Crédito;PAGO;Loja Física
2621;2026-04-15;144;24;4;13,9;10,0;55,6;5,56;50,04;Pix;PAGO;Site
2622;2025-02-06;116;25;2;24,9;15,0;49,8;7,47;42,33;Boleto;PAGO;Site
2623;2025-06-18;165;17;5;9,9;10,0;49,5;4,95;44,55;Cartão de Débito;PAGO;Loja Física
2625;2025-10-14;25;12;6;38,5;0,0;231,0;0,0;231,0;Boleto;PAGO;Site
2626;2025-11-04;128;9;3;32,0;0,0;96,0;0,0;96,0;Cartão de Crédito;PAGO;Loja Física
2627;2025-06-10;84;4;5;59,9;0,0;299,5;0,0;299,5;Cartão de Débito;PAGO;Loja Física
2628;2026-06-27;145;15;2;34,9;5,0;69,8;3,49;66,31;Cartão de Débito;PAGO;Aplicativo
2629;2025-08-22;132;25;2;24,9;0,0;49,8;0,0;49,8;Cartão de Débito;PAGO;Aplicativo
2630;2026-04-24;6;19;2;27,9;0,0;55,8;0,0;55,8;Cartão de Débito;PAGO;Site
2631;2026-01-24;96;8;2;54,9;0,0;109,8;0,0;109,8;Cartão de Crédito;PAGO;Loja Física
2632;2025-10-05;51;2;1;199,9;10,0;199,9;19,99;179,91;Cartão de Débito;PAGO;Aplicativo
2633;2025-06-08;53;27;6;64,9;0,0;389,4;0,0;389,4;Pix;PAGO;Loja Física
2634;2025-04-15;64;29;1;14,9;10,0;14,9;1,49;13,41;Cartão de Crédito;NAO_INFORMADO;Loja Física
2635;2026-03-11;113;6;1;6,5;10,0;6,5;0,65;5,85;Boleto;PAGO;Aplicativo
2636;2026-02-24;28;22;2;11,9;10,0;23,8;2,38;21,42;Pix;PAGO;Site
2637;2025-12-04;81;5;4;99,9;0,0;399,6;0,0;399,6;Cartão de Crédito;PAGO;Site
2638;2025-04-20;70;17;2;9,9;15,0;19,8;2,97;16,83;Cartão de Crédito;PAGO;Marketplace
2639;2025-12-23;131;7;2;69,9;0,0;139,8;0,0;139,8;Cartão de Crédito;PAGO;Site
2640;2026-05-23;81;6;5;6,5;0,0;32,5;0,0;32,5;Cartão de Débito;PAGO;Site
2641;2025-10-29;34;21;4;6,9;0,0;27,6;0,0;27,6;Pix;PAGO;Site
2642;2025-02-04;79;25;3;24,9;0,0;74,7;0,0;74,7;Pix;PAGO;Site
2643;2026-04-14;94;5;4;99,9;15,0;399,6;59,94;339,66;Pix;PAGO;Loja Física
2644;2026-01-24;6;18;3;14,9;5,0;44,7;2,24;42,46;Pix;PENDENTE;Marketplace
2645;2026-03-21;16;12;6;38,5;5,0;231,0;11,55;219,45;Cartão de Débito;PAGO;Loja Física
2646;2025-05-20;93;24;3;13,9;10,0;41,7;4,17;37,53;Boleto;PAGO;Loja Física
2647;2025-08-25;192;25;1;24,9;10,0;24,9;2,49;22,41;Boleto;PAGO;Aplicativo
2648;2026-07-25;147;30;5;29,9;0,0;149,5;0,0;149,5;Pix;PAGO;Aplicativo
2649;2025-11-10;155;30;3;29,9;10,0;89,7;8,97;80,73;Cartão de Crédito;PAGO;Aplicativo
2650;2026-05-20;182;29;1;14,9;15,0;14,9;2,24;12,66;Pix;PAGO;Loja Física
2651;2025-01-25;42;17;2;9,9;0,0;19,8;0,0;19,8;Cartão de Crédito;PAGO;Marketplace
2652;2025-10-11;11;4;4;59,9;0,0;239,6;0,0;239,6;Cartão de Crédito;PAGO;Loja Física
2653;2025-12-25;2;13;2;35,9;0,0;71,8;0,0;71,8;Cartão de Crédito;CANCELADO;Site
2654;2026-06-23;184;22;6;11,9;0,0;71,4;0,0;71,4;Cartão de Crédito;PAGO;Site
2655;2025-08-23;164;7;5;69,9;0,0;349,5;0,0;349,5;Pix;PAGO;Site
2656;2025-05-03;11;14;6;27,9;0,0;167,4;0,0;167,4;Pix;PAGO;Loja Física
2657;2026-08-06;171;21;6;6,9;15,0;41,4;6,21;35,19;Pix;CANCELADO;Loja Física
2658;2025-07-05;2;12;3;38,5;5,0;115,5;5,78;109,72;Cartão de Crédito;NAO_INFORMADO;Site
2659;2025-08-27;120;22;5;11,9;0,0;59,5;0,0;59,5;Cartão de Débito;PAGO;Site
2660;2025-02-22;197;29;3;14,9;0,0;44,7;0,0;44,7;Cartão de Crédito;PAGO;Site
2661;2025-01-19;1;29;6;14,9;5,0;89,4;4,47;84,93;Pix;PAGO;Loja Física
2662;2025-12-22;47;25;1;24,9;0,0;24,9;0,0;24,9;Cartão de Crédito;PAGO;Site
2663;2026-06-13;185;7;1;69,9;0,0;69,9;0,0;69,9;Boleto;PAGO;Site
2664;2026-03-21;1;7;1;69,9;5,0;69,9;3,5;66,4;Pix;PAGO;Loja Física
2666;2025-10-31;159;19;3;27,9;15,0;83,7;12,56;71,14;Boleto;PAGO;Site
2667;2025-04-17;139;13;2;35,9;0,0;71,8;0,0;71,8;Pix;PAGO;Aplicativo
2668;2026-02-15;38;22;3;11,9;0,0;35,7;0,0;35,7;Cartão de Crédito;PAGO;Marketplace
2669;2026-01-22;115;7;5;69,9;0,0;349,5;0,0;349,5;Boleto;PAGO;Site
2670;2026-01-04;137;14;5;27,9;0,0;139,5;0,0;139,5;Cartão de Crédito;PAGO;Loja Física
2671;2025-04-04;130;26;4;79,9;0,0;319,6;0,0;319,6;Cartão de Crédito;PAGO;Site
2672;2025-08-06;29;15;4;34,9;0,0;139,6;0,0;139,6;Cartão de Crédito;CANCELADO;Site
2673;2025-02-10;124;8;4;54,9;10,0;219,6;21,96;197,64;Cartão de Crédito;NAO_INFORMADO;Loja Física
2674;2026-08-27;36;15;3;34,9;15,0;104,7;15,7;89,0;Pix;PAGO;Marketplace
2675;2026-05-24;31;24;2;13,9;0,0;27,8;0,0;27,8;Pix;PAGO;Marketplace
2676;2026-06-03;148;8;1;54,9;0,0;54,9;0,0;54,9;Cartão de Débito;PAGO;Loja Física
2678;2026-02-20;87;30;3;29,9;10,0;89,7;8,97;80,73;Pix;PENDENTE;Aplicativo
2679;2026-03-28;8;20;6;22,9;10,0;137,4;13,74;123,66;Cartão de Crédito;PENDENTE;Marketplace
2680;2025-10-12;188;26;2;79,9;5,0;159,8;7,99;151,81;Pix;PAGO;Loja Física
2681;2026-01-26;62;7;4;69,9;5,0;279,6;13,98;265,62;Boleto;PAGO;Loja Física
2682;2025-11-29;66;16;6;19,9;0,0;119,4;0,0;119,4;Cartão de Débito;NAO_INFORMADO;Loja Física
2683;2026-01-06;60;24;4;13,9;10,0;55,6;5,56;50,04;Pix;PAGO;Site
2684;2025-05-20;53;23;3;12,9;10,0;38,7;3,87;34,83;Pix;PAGO;Site
2685;2026-04-18;179;30;2;29,9;15,0;59,8;8,97;50,83;Pix;NAO_INFORMADO;Loja Física
2686;2025-12-26;108;10;6;24,9;0,0;149,4;0,0;149,4;Boleto;PAGO;Aplicativo
2687;2025-11-20;107;24;4;13,9;5,0;55,6;2,78;52,82;Cartão de Crédito;NAO_INFORMADO;Loja Física
2688;2026-04-06;193;12;4;38,5;15,0;154,0;23,1;130,9;Pix;PAGO;Site
2689;2025-01-09;129;9;4;32,0;10,0;128,0;12,8;115,2;Cartão de Crédito;PAGO;Site
2690;2025-10-22;147;29;3;14,9;5,0;44,7;2,24;42,46;Cartão de Crédito;PAGO;Site
2691;2026-03-18;20;15;3;34,9;10,0;104,7;10,47;94,23;Cartão de Crédito;PAGO;Loja Física
2692;2025-10-10;9;15;6;34,9;0,0;209,4;0,0;209,4;Pix;PAGO;Marketplace
2693;2025-09-11;15;19;1;27,9;0,0;27,9;0,0;27,9;Pix;PAGO;Aplicativo
2694;2026-06-05;68;27;1;64,9;10,0;64,9;6,49;58,41;Pix;PAGO;Loja Física
2695;2026-02-07;27;11;3;45,0;0,0;135,0;0,0;135,0;Pix;PAGO;Marketplace
2696;2026-08-09;140;23;5;12,9;0,0;64,5;0,0;64,5;Cartão de Crédito;PAGO;Aplicativo
2697;2025-07-28;139;13;4;35,9;10,0;143,6;14,36;129,24;Cartão de Débito;PAGO;Site
2698;2026-02-01;12;3;4;79,9;10,0;319,6;31,96;287,64;Pix;PENDENTE;Loja Física
2699;2025-11-10;163;24;4;13,9;0,0;55,6;0,0;55,6;Cartão de Crédito;PENDENTE;Site
2700;2025-04-30;125;30;5;29,9;5,0;149,5;7,48;142,02;Cartão de Crédito;PAGO;Aplicativo
2701;2026-05-22;20;2;1;199,9;5,0;199,9;9,99;189,91;Cartão de Débito;PAGO;Loja Física
2702;2026-04-11;41;22;2;11,9;0,0;23,8;0,0;23,8;Boleto;PAGO;Site
2703;2025-10-05;107;29;3;14,9;10,0;44,7;4,47;40,23;Pix;PAGO;Site
2704;2025-06-09;74;8;5;54,9;0,0;274,5;0,0;274,5;Cartão de Crédito;PAGO;Aplicativo
2705;2026-06-24;73;1;2;129,9;0,0;259,8;0,0;259,8;Cartão de Crédito;PAGO;Site
2706;2025-08-06;189;12;1;38,5;15,0;38,5;5,78;32,72;Pix;PAGO;Site
2707;2025-07-27;23;20;4;22,9;0,0;91,6;0,0;91,6;Boleto;NAO_INFORMADO;Loja Física
2708;2025-05-13;194;8;6;54,9;15,0;329,4;49,41;279,99;Cartão de Crédito;PAGO;Site
2709;2025-08-19;87;15;4;34,9;0,0;139,6;0,0;139,6;Pix;PAGO;Marketplace
2710;2026-08-18;56;13;4;35,9;15,0;143,6;21,54;122,06;Cartão de Débito;PAGO;Loja Física
2711;2025-04-11;54;27;2;64,9;0,0;129,8;0,0;129,8;Cartão de Débito;PAGO;Loja Física
2712;2026-06-01;47;20;6;22,9;0,0;137,4;0,0;137,4;Cartão de Débito;PAGO;Marketplace
2713;2026-04-06;29;27;2;64,9;10,0;129,8;12,98;116,82;Cartão de Crédito;PAGO;Loja Física
2714;2025-07-05;22;12;3;38,5;15,0;115,5;17,32;98,18;Cartão de Crédito;PENDENTE;Marketplace
2715;2025-01-04;184;28;6;89,9;0,0;539,4;0,0;539,4;Cartão de Débito;PAGO;Loja Física
2716;2026-03-05;151;9;2;32,0;0,0;64,0;0,0;64,0;Pix;PAGO;Marketplace
2717;2026-02-12;184;15;6;34,9;5,0;209,4;10,47;198,93;Pix;PENDENTE;Aplicativo
2718;2025-02-27;155;29;4;14,9;0,0;59,6;0,0;59,6;Pix;PAGO;Loja Física
2719;2025-12-17;132;29;1;14,9;10,0;14,9;1,49;13,41;Cartão de Débito;PAGO;Site
2720;2025-11-13;119;13;3;35,9;10,0;107,7;10,77;96,93;Pix;PAGO;Site
2721;2026-02-28;136;23;3;12,9;0,0;38,7;0,0;38,7;Boleto;PAGO;Aplicativo
2722;2025-03-11;132;11;1;45,0;0,0;45,0;0,0;45,0;Pix;PAGO;Site
2723;2025-12-02;106;12;6;38,5;0,0;231,0;0,0;231,0;Pix;PAGO;Marketplace
2724;2026-02-09;189;8;4;54,9;0,0;219,6;0,0;219,6;Cartão de Crédito;PAGO;Loja Física
2725;2026-08-25;163;5;3;99,9;0,0;299,7;0,0;299,7;Cartão de Débito;PAGO;Loja Física
2726;2025-08-08;15;2;3;199,9;0,0;599,7;0,0;599,7;Cartão de Crédito;PAGO;Loja Física
2727;2025-07-25;93;6;5;6,5;10,0;32,5;3,25;29,25;Cartão de Débito;PAGO;Loja Física
2728;2025-11-09;146;20;6;22,9;0,0;137,4;0,0;137,4;Cartão de Débito;PAGO;Aplicativo
2729;2026-07-06;55;26;3;79,9;10,0;239,7;23,97;215,73;Boleto;PAGO;Site
2730;2026-02-06;97;2;4;199,9;5,0;799,6;39,98;759,62;Pix;PAGO;Aplicativo
2731;2025-12-31;187;21;3;6,9;0,0;20,7;0,0;20,7;Cartão de Crédito;PAGO;Aplicativo
2732;2025-05-30;54;19;4;27,9;15,0;111,6;16,74;94,86;Boleto;PAGO;Loja Física
2733;2025-06-19;122;10;6;24,9;0,0;149,4;0,0;149,4;Cartão de Crédito;PAGO;Aplicativo
2734;2026-02-12;27;9;6;32,0;0,0;192,0;0,0;192,0;Pix;PENDENTE;Aplicativo
2735;2026-05-30;141;18;1;14,9;0,0;14,9;0,0;14,9;Cartão de Débito;PENDENTE;Marketplace
2736;2025-09-18;5;20;2;22,9;15,0;45,8;6,87;38,93;Pix;PAGO;Aplicativo
2737;2025-03-30;59;3;5;79,9;10,0;399,5;39,95;359,55;Pix;PAGO;Loja Física
2738;2026-08-17;190;28;1;89,9;0,0;89,9;0,0;89,9;Pix;PAGO;Site
2739;2026-07-19;1;7;4;69,9;0,0;279,6;0,0;279,6;Cartão de Débito;PAGO;Aplicativo
2740;2025-06-06;62;4;5;59,9;5,0;299,5;14,98;284,52;Pix;NAO_INFORMADO;Loja Física
2741;2025-10-26;197;27;4;64,9;0,0;259,6;0,0;259,6;Cartão de Crédito;PAGO;Loja Física
2742;2025-04-26;47;18;5;14,9;5,0;74,5;3,72;70,78;Pix;PAGO;Site
2743;2025-04-18;168;29;5;14,9;5,0;74,5;3,72;70,78;Cartão de Crédito;PAGO;Site
2744;2025-11-13;136;29;2;14,9;0,0;29,8;0,0;29,8;Pix;PAGO;Marketplace
2745;2025-04-29;30;12;1;38,5;0,0;38,5;0,0;38,5;Boleto;PAGO;Loja Física
2746;2026-06-17;3;29;1;14,9;15,0;14,9;2,24;12,66;Cartão de Débito;PAGO;Site
2747;2025-01-13;7;4;2;59,9;0,0;119,8;0,0;119,8;Cartão de Débito;PAGO;Loja Física
2748;2026-01-29;42;5;6;99,9;0,0;599,4;0,0;599,4;Pix;PAGO;Loja Física
2749;2025-08-09;43;15;5;34,9;0,0;174,5;0,0;174,5;Cartão de Crédito;PAGO;Site
2750;2025-05-19;154;30;4;29,9;0,0;119,6;0,0;119,6;Pix;PAGO;Marketplace
2751;2026-08-11;77;14;4;27,9;0,0;111,6;0,0;111,6;Cartão de Crédito;PAGO;Loja Física
2753;2025-03-05;60;11;2;45,0;15,0;90,0;13,5;76,5;Cartão de Crédito;PAGO;Site
2754;2026-02-07;70;18;6;14,9;10,0;89,4;8,94;80,46;Pix;CANCELADO;Loja Física
2755;2026-03-30;63;3;4;79,9;10,0;319,6;31,96;287,64;Pix;PAGO;Marketplace
2756;2025-01-29;110;4;1;59,9;0,0;59,9;0,0;59,9;Cartão de Débito;PAGO;Site
2757;2026-04-26;164;6;3;6,5;10,0;19,5;1,95;17,55;Cartão de Débito;PAGO;Loja Física
2758;2026-03-27;146;22;4;11,9;0,0;47,6;0,0;47,6;Boleto;PAGO;Site
2759;2025-11-01;140;27;1;64,9;10,0;64,9;6,49;58,41;Pix;NAO_INFORMADO;Marketplace
2760;2025-10-08;86;19;1;27,9;10,0;27,9;2,79;25,11;Cartão de Crédito;PAGO;Site
2761;2025-04-09;124;19;3;27,9;0,0;83,7;0,0;83,7;Cartão de Crédito;PAGO;Loja Física
2762;2025-07-30;143;28;4;89,9;0,0;359,6;0,0;359,6;Pix;PAGO;Loja Física
2763;2025-06-02;16;6;4;6,5;5,0;26,0;1,3;24,7;Boleto;PAGO;Loja Física
2764;2026-05-26;45;19;5;27,9;0,0;139,5;0,0;139,5;Boleto;PAGO;Loja Física
2765;2025-09-19;8;11;6;45,0;15,0;270,0;40,5;229,5;Cartão de Crédito;NAO_INFORMADO;Site
2766;2026-07-01;74;23;5;12,9;0,0;64,5;0,0;64,5;Pix;PAGO;Loja Física
2767;2026-07-21;188;13;6;35,9;5,0;215,4;10,77;204,63;Cartão de Crédito;PAGO;Marketplace
2768;2026-02-04;162;11;2;45,0;0,0;90,0;0,0;90,0;Pix;PENDENTE;Loja Física
2769;2025-12-18;46;23;2;12,9;15,0;25,8;3,87;21,93;Cartão de Crédito;PAGO;Site
2770;2025-09-30;94;29;2;14,9;0,0;29,8;0,0;29,8;Cartão de Débito;PAGO;Marketplace
2771;2025-09-29;76;3;1;79,9;5,0;79,9;4,0;75,9;Pix;PAGO;Aplicativo
2772;2026-01-23;61;18;6;14,9;5,0;89,4;4,47;84,93;Pix;PENDENTE;Loja Física
2773;2025-09-15;170;14;3;27,9;0,0;83,7;0,0;83,7;Pix;PAGO;Marketplace
2774;2026-06-25;127;15;6;34,9;0,0;209,4;0,0;209,4;Cartão de Débito;PAGO;Marketplace
2775;2026-06-26;57;26;1;79,9;15,0;79,9;11,98;67,92;Pix;CANCELADO;Aplicativo
2777;2025-06-22;79;24;4;13,9;0,0;55,6;0,0;55,6;Cartão de Crédito;PAGO;Marketplace
2778;2025-01-28;97;1;4;129,9;15,0;519,6;77,94;441,66;Cartão de Débito;PAGO;Site
2779;2026-05-18;154;4;2;59,9;10,0;119,8;11,98;107,82;Cartão de Crédito;PAGO;Aplicativo
2780;2025-11-23;1;3;3;79,9;0,0;239,7;0,0;239,7;Cartão de Crédito;PAGO;Loja Física
2781;2026-07-09;107;2;2;199,9;15,0;399,8;59,97;339,83;Boleto;PAGO;Site
2782;2026-07-16;76;2;5;199,9;0,0;999,5;0,0;999,5;Pix;PAGO;Aplicativo
2783;2025-06-17;9;27;6;64,9;0,0;389,4;0,0;389,4;Cartão de Crédito;PAGO;Loja Física
2784;2026-07-01;109;1;6;129,9;0,0;779,4;0,0;779,4;Cartão de Crédito;PAGO;Site
2785;2025-11-28;169;11;6;45,0;0,0;270,0;0,0;270,0;Cartão de Crédito;PENDENTE;Site
2786;2026-05-05;148;17;2;9,9;0,0;19,8;0,0;19,8;Cartão de Crédito;PAGO;Aplicativo
2787;2026-01-13;151;14;1;27,9;0,0;27,9;0,0;27,9;Cartão de Crédito;PAGO;Loja Física
2788;2026-03-21;190;27;2;64,9;0,0;129,8;0,0;129,8;Cartão de Débito;CANCELADO;Site
2789;2026-01-01;79;13;4;35,9;10,0;143,6;14,36;129,24;Cartão de Crédito;PENDENTE;Loja Física
2790;2025-05-21;98;3;1;79,9;0,0;79,9;0,0;79,9;Cartão de Débito;PAGO;Marketplace
2791;2025-08-28;83;12;5;38,5;0,0;192,5;0,0;192,5;Pix;PAGO;Site
2792;2026-03-04;175;15;6;34,9;0,0;209,4;0,0;209,4;Cartão de Débito;PAGO;Site
2793;2025-06-08;85;18;6;14,9;0,0;89,4;0,0;89,4;Pix;PAGO;Aplicativo
2794;2026-05-19;84;14;4;27,9;15,0;111,6;16,74;94,86;Pix;PAGO;Aplicativo
2795;2025-12-02;42;20;3;22,9;0,0;68,7;0,0;68,7;Cartão de Débito;PAGO;Marketplace
2796;2026-06-14;87;19;5;27,9;0,0;139,5;0,0;139,5;Pix;PAGO;Loja Física
2797;2026-04-27;82;3;2;79,9;0,0;159,8;0,0;159,8;Cartão de Débito;PAGO;Aplicativo
2798;2026-03-04;19;16;4;19,9;0,0;79,6;0,0;79,6;Pix;PAGO;Loja Física
2799;2026-02-22;20;5;1;99,9;0,0;99,9;0,0;99,9;Cartão de Crédito;PAGO;Site
2800;2025-07-13;169;21;4;6,9;0,0;27,6;0,0;27,6;Cartão de Crédito;CANCELADO;Site
2801;2025-08-25;16;26;4;79,9;5,0;319,6;15,98;303,62;Cartão de Débito;PAGO;Loja Física
2802;2025-07-23;23;28;4;89,9;0,0;359,6;0,0;359,6;Cartão de Crédito;NAO_INFORMADO;Loja Física
2803;2026-02-28;128;30;1;29,9;0,0;29,9;0,0;29,9;Cartão de Débito;PAGO;Loja Física
2804;2025-03-01;54;13;3;35,9;0,0;107,7;0,0;107,7;Cartão de Débito;PAGO;Aplicativo
2805;2025-02-21;36;7;3;69,9;0,0;209,7;0,0;209,7;Cartão de Crédito;PAGO;Loja Física
2806;2025-03-26;53;24;2;13,9;0,0;27,8;0,0;27,8;Cartão de Crédito;PAGO;Aplicativo
2807;2026-03-19;36;24;1;13,9;15,0;13,9;2,08;11,82;Cartão de Débito;PAGO;Loja Física
2808;2026-03-24;41;4;6;59,9;0,0;359,4;0,0;359,4;Boleto;PAGO;Loja Física
2809;2026-08-16;117;24;3;13,9;0,0;41,7;0,0;41,7;Pix;PAGO;Loja Física
2810;2026-01-05;130;6;3;6,5;5,0;19,5;0,98;18,52;Pix;PAGO;Site
2811;2026-08-27;77;17;5;9,9;15,0;49,5;7,42;42,08;Cartão de Crédito;PAGO;Aplicativo
2812;2026-02-08;169;3;6;79,9;0,0;479,4;0,0;479,4;Boleto;PAGO;Loja Física
2813;2025-06-09;189;1;1;129,9;5,0;129,9;6,5;123,4;Pix;CANCELADO;Site
2814;2025-02-16;32;17;5;9,9;10,0;49,5;4,95;44,55;Pix;PAGO;Aplicativo
2815;2025-05-12;129;16;2;19,9;10,0;39,8;3,98;35,82;Pix;CANCELADO;Loja Física
2816;2026-03-10;11;23;1;12,9;10,0;12,9;1,29;11,61;Pix;PAGO;Loja Física
2817;2025-10-02;90;19;5;27,9;0,0;139,5;0,0;139,5;Pix;PAGO;Site
2818;2026-02-14;126;23;6;12,9;10,0;77,4;7,74;69,66;Cartão de Débito;PENDENTE;Aplicativo
2819;2026-04-25;29;29;4;14,9;10,0;59,6;5,96;53,64;Pix;PAGO;Loja Física
2820;2026-03-07;192;18;5;14,9;0,0;74,5;0,0;74,5;Pix;CANCELADO;Marketplace
2821;2026-08-25;86;23;4;12,9;0,0;51,6;0,0;51,6;Boleto;PENDENTE;Site
2822;2025-05-29;165;12;4;38,5;10,0;154,0;15,4;138,6;Cartão de Crédito;PAGO;Marketplace
2823;2026-06-23;124;25;6;24,9;5,0;149,4;7,47;141,93;Cartão de Débito;PAGO;Site
2824;2025-02-22;67;19;4;27,9;10,0;111,6;11,16;100,44;Pix;PAGO;Loja Física
2825;2025-01-05;31;27;5;64,9;0,0;324,5;0,0;324,5;Cartão de Crédito;PAGO;Aplicativo
2826;2026-03-12;63;7;1;69,9;0,0;69,9;0,0;69,9;Boleto;PAGO;Site
2828;2025-11-13;17;13;5;35,9;0,0;179,5;0,0;179,5;Cartão de Débito;PAGO;Aplicativo
2829;2025-11-12;197;24;2;13,9;5,0;27,8;1,39;26,41;Pix;PAGO;Marketplace
2830;2026-02-28;21;26;3;79,9;0,0;239,7;0,0;239,7;Cartão de Crédito;PAGO;Marketplace
2831;2026-08-20;85;18;1;14,9;5,0;14,9;0,74;14,16;Cartão de Crédito;PAGO;Site
2832;2025-06-17;129;21;6;6,9;15,0;41,4;6,21;35,19;Pix;PAGO;Aplicativo
2833;2025-11-08;123;13;4;35,9;0,0;143,6;0,0;143,6;Cartão de Crédito;PAGO;Marketplace
2834;2026-05-19;157;17;3;9,9;0,0;29,7;0,0;29,7;Cartão de Crédito;PAGO;Marketplace
2835;2025-04-21;169;16;3;19,9;0,0;59,7;0,0;59,7;Pix;PAGO;Aplicativo
2836;2025-12-17;13;23;3;12,9;15,0;38,7;5,8;32,9;Cartão de Débito;PAGO;Site
2837;2026-02-12;85;18;1;14,9;0,0;14,9;0,0;14,9;Pix;PAGO;Site
2838;2025-06-23;2;6;6;6,5;10,0;39,0;3,9;35,1;Pix;PAGO;Site
2839;2026-03-28;106;3;2;79,9;15,0;159,8;23,97;135,83;Pix;PAGO;Marketplace
2840;2025-10-03;182;26;4;79,9;5,0;319,6;15,98;303,62;Cartão de Crédito;PAGO;Site
2841;2025-11-24;118;25;3;24,9;0,0;74,7;0,0;74,7;Cartão de Débito;PENDENTE;Loja Física
2842;2025-01-17;199;30;5;29,9;10,0;149,5;14,95;134,55;Boleto;PAGO;Site
2843;2025-05-26;54;20;3;22,9;5,0;68,7;3,44;65,26;Cartão de Crédito;PAGO;Site
2844;2025-10-19;23;19;2;27,9;0,0;55,8;0,0;55,8;Cartão de Crédito;PAGO;Aplicativo
2845;2025-05-20;1;23;5;12,9;10,0;64,5;6,45;58,05;Pix;PAGO;Marketplace
2846;2026-08-15;159;18;5;14,9;0,0;74,5;0,0;74,5;Pix;NAO_INFORMADO;Marketplace
2847;2026-05-31;58;1;2;129,9;0,0;259,8;0,0;259,8;Pix;PAGO;Loja Física
2848;2025-10-21;50;1;3;129,9;5,0;389,7;19,48;370,22;Cartão de Crédito;PENDENTE;Site
2849;2026-08-28;191;20;2;22,9;0,0;45,8;0,0;45,8;Pix;PAGO;Site
2850;2026-05-30;110;8;6;54,9;5,0;329,4;16,47;312,93;Pix;PAGO;Marketplace
2851;2025-10-06;127;26;2;79,9;15,0;159,8;23,97;135,83;Cartão de Crédito;PENDENTE;Site
2852;2026-04-24;197;28;1;89,9;10,0;89,9;8,99;80,91;Pix;PAGO;Marketplace
2853;2026-03-28;195;15;2;34,9;10,0;69,8;6,98;62,82;Pix;CANCELADO;Loja Física
2854;2025-10-10;27;19;2;27,9;0,0;55,8;0,0;55,8;Pix;PAGO;Site
2855;2026-07-09;164;5;1;99,9;0,0;99,9;0,0;99,9;Cartão de Crédito;PAGO;Loja Física
2856;2025-01-15;148;21;1;6,9;0,0;6,9;0,0;6,9;Pix;PAGO;Loja Física
2857;2025-05-23;64;20;6;22,9;5,0;137,4;6,87;130,53;Cartão de Crédito;PAGO;Site
2858;2026-08-15;82;2;6;199,9;15,0;1199,4;179,91;1019,49;Pix;PAGO;Loja Física
2859;2026-04-18;74;19;5;27,9;0,0;139,5;0,0;139,5;Cartão de Crédito;PAGO;Site
2860;2026-04-04;181;6;6;6,5;0,0;39,0;0,0;39,0;Pix;PAGO;Loja Física
2861;2025-08-17;27;12;3;38,5;0,0;115,5;0,0;115,5;Cartão de Débito;PAGO;Aplicativo
2862;2026-07-27;142;15;4;34,9;5,0;139,6;6,98;132,62;Pix;PAGO;Site
2863;2025-07-10;61;15;3;34,9;10,0;104,7;10,47;94,23;Cartão de Débito;PAGO;Site
2864;2025-06-29;97;20;6;22,9;0,0;137,4;0,0;137,4;Pix;PAGO;Loja Física
2865;2025-11-20;59;16;3;19,9;0,0;59,7;0,0;59,7;Pix;PAGO;Loja Física
2866;2026-03-06;168;22;5;11,9;15,0;59,5;8,93;50,57;Boleto;CANCELADO;Aplicativo
2867;2025-09-13;60;4;1;59,9;5,0;59,9;3,0;56,9;Cartão de Débito;PAGO;Aplicativo
2868;2026-06-29;3;2;6;199,9;5,0;1199,4;59,97;1139,43;Cartão de Crédito;PAGO;Loja Física
2869;2025-11-24;131;9;4;32,0;0,0;128,0;0,0;128,0;Pix;PAGO;Aplicativo
2870;2025-06-04;63;7;6;69,9;0,0;419,4;0,0;419,4;Cartão de Crédito;PAGO;Site
2871;2025-05-17;104;11;3;45,0;0,0;135,0;0,0;135,0;Cartão de Crédito;PENDENTE;Marketplace
2872;2026-02-04;198;24;2;13,9;0,0;27,8;0,0;27,8;Cartão de Crédito;PAGO;Site
2873;2025-08-09;162;24;3;13,9;0,0;41,7;0,0;41,7;Pix;PAGO;Marketplace
2874;2025-04-09;147;25;4;24,9;15,0;99,6;14,94;84,66;Pix;PAGO;Aplicativo
2875;2025-05-23;131;3;6;79,9;15,0;479,4;71,91;407,49;Cartão de Crédito;CANCELADO;Marketplace
2876;2026-05-29;93;8;6;54,9;0,0;329,4;0,0;329,4;Pix;PENDENTE;Site
2877;2025-01-04;14;29;5;14,9;0,0;74,5;0,0;74,5;Pix;PENDENTE;Marketplace
2878;2025-01-10;79;14;4;27,9;0,0;111,6;0,0;111,6;Cartão de Crédito;PAGO;Site
2879;2026-01-11;16;19;6;27,9;5,0;167,4;8,37;159,03;Cartão de Crédito;PAGO;Site
2880;2026-06-21;138;21;2;6,9;0,0;13,8;0,0;13,8;Pix;PAGO;Site
2881;2025-08-07;101;20;6;22,9;0,0;137,4;0,0;137,4;Pix;PAGO;Loja Física
2882;2025-01-15;61;6;6;6,5;0,0;39,0;0,0;39,0;Cartão de Crédito;PENDENTE;Site
2883;2026-03-20;62;26;6;79,9;0,0;479,4;0,0;479,4;Cartão de Débito;PAGO;Aplicativo
2884;2025-08-29;197;4;1;59,9;0,0;59,9;0,0;59,9;Cartão de Crédito;PAGO;Site
2885;2025-12-06;117;11;3;45,0;5,0;135,0;6,75;128,25;Boleto;PAGO;Loja Física
2886;2025-03-23;10;3;1;79,9;0,0;79,9;0,0;79,9;Cartão de Crédito;PAGO;Aplicativo
2887;2025-04-17;114;6;4;6,5;0,0;26,0;0,0;26,0;Cartão de Crédito;PAGO;Site
2888;2026-03-03;100;29;2;14,9;10,0;29,8;2,98;26,82;Cartão de Crédito;PAGO;Site
2889;2025-07-01;175;28;2;89,9;0,0;179,8;0,0;179,8;Pix;PAGO;Loja Física
2890;2025-01-16;176;9;1;32,0;0,0;32,0;0,0;32,0;Cartão de Débito;PAGO;Loja Física
2891;2026-03-21;114;1;3;129,9;0,0;389,7;0,0;389,7;Pix;PAGO;Aplicativo
2892;2025-09-19;189;16;1;19,9;15,0;19,9;2,98;16,92;Pix;PAGO;Site
2893;2026-06-04;172;25;5;24,9;5,0;124,5;6,22;118,28;Pix;PAGO;Site
2894;2026-07-15;1;22;3;11,9;0,0;35,7;0,0;35,7;Boleto;PAGO;Loja Física
2895;2025-05-20;72;28;3;89,9;10,0;269,7;26,97;242,73;Boleto;PAGO;Loja Física
2896;2025-09-14;154;23;2;12,9;0,0;25,8;0,0;25,8;Cartão de Débito;PAGO;Loja Física
2897;2025-08-26;124;10;1;24,9;10,0;24,9;2,49;22,41;Pix;CANCELADO;Site
2898;2025-08-19;7;24;5;13,9;5,0;69,5;3,48;66,02;Cartão de Crédito;NAO_INFORMADO;Loja Física
2899;2025-11-23;6;21;2;6,9;0,0;13,8;0,0;13,8;Boleto;PAGO;Aplicativo
2900;2026-07-25;33;22;1;11,9;0,0;11,9;0,0;11,9;Cartão de Crédito;PAGO;Site
2901;2026-04-28;32;16;5;19,9;0,0;99,5;0,0;99,5;Boleto;PAGO;Aplicativo
2902;2026-06-27;102;17;6;9,9;0,0;59,4;0,0;59,4;Cartão de Crédito;PAGO;Loja Física
2903;2026-02-08;97;13;4;35,9;10,0;143,6;14,36;129,24;Pix;PAGO;Site
2904;2025-08-04;129;18;1;14,9;10,0;14,9;1,49;13,41;Pix;PAGO;Aplicativo
2905;2025-04-30;103;10;1;24,9;0,0;24,9;0,0;24,9;Pix;PAGO;Site
2906;2026-07-27;14;5;6;99,9;0,0;599,4;0,0;599,4;Cartão de Crédito;PAGO;Site
2907;2025-09-07;125;5;3;99,9;0,0;299,7;0,0;299,7;Cartão de Débito;PAGO;Marketplace
2909;2025-09-18;159;15;2;34,9;15,0;69,8;10,47;59,33;Cartão de Crédito;PENDENTE;Marketplace
2910;2025-02-07;71;16;2;19,9;15,0;39,8;5,97;33,83;Cartão de Crédito;PAGO;Site
2911;2025-12-11;148;20;3;22,9;0,0;68,7;0,0;68,7;Boleto;PAGO;Aplicativo
2912;2026-02-16;139;25;6;24,9;15,0;149,4;22,41;126,99;Cartão de Crédito;PAGO;Aplicativo
2913;2025-10-12;55;4;6;59,9;0,0;359,4;0,0;359,4;Cartão de Crédito;CANCELADO;Loja Física
2914;2026-03-11;148;22;5;11,9;5,0;59,5;2,98;56,52;Pix;PAGO;Loja Física
2915;2026-03-27;143;25;1;24,9;10,0;24,9;2,49;22,41;Cartão de Crédito;PAGO;Site
2916;2026-08-24;31;23;2;12,9;0,0;25,8;0,0;25,8;Cartão de Débito;PAGO;Aplicativo
2917;2025-03-07;160;30;6;29,9;0,0;179,4;0,0;179,4;Pix;PAGO;Aplicativo
2918;2025-10-12;55;11;3;45,0;0,0;135,0;0,0;135,0;Cartão de Débito;PAGO;Site
2919;2025-09-19;66;16;1;19,9;5,0;19,9;1,0;18,9;Cartão de Crédito;PAGO;Loja Física
2920;2025-05-06;14;2;4;199,9;10,0;799,6;79,96;719,64;Cartão de Crédito;PAGO;Site
2921;2025-12-05;192;17;6;9,9;15,0;59,4;8,91;50,49;Pix;PAGO;Loja Física
2922;2026-01-19;30;23;4;12,9;15,0;51,6;7,74;43,86;Cartão de Débito;PAGO;Loja Física
2923;2026-06-05;119;21;3;6,9;15,0;20,7;3,1;17,6;Cartão de Crédito;PAGO;Aplicativo
2924;2026-08-25;191;16;1;19,9;10,0;19,9;1,99;17,91;Pix;PAGO;Aplicativo
2925;2025-01-03;197;16;4;19,9;10,0;79,6;7,96;71,64;Pix;PAGO;Loja Física
2926;2025-07-25;26;12;4;38,5;0,0;154,0;0,0;154,0;Cartão de Crédito;PAGO;Loja Física
2927;2026-04-25;27;1;4;129,9;0,0;519,6;0,0;519,6;Cartão de Crédito;PAGO;Site
2928;2025-01-25;177;10;2;24,9;0,0;49,8;0,0;49,8;Pix;PAGO;Site
2929;2025-03-15;102;28;4;89,9;10,0;359,6;35,96;323,64;Boleto;PAGO;Loja Física
2930;2026-01-29;120;29;4;14,9;5,0;59,6;2,98;56,62;Pix;PAGO;Site
2931;2025-07-09;101;11;6;45,0;0,0;270,0;0,0;270,0;Pix;PAGO;Site
2932;2026-03-26;112;5;6;99,9;0,0;599,4;0,0;599,4;Boleto;PAGO;Aplicativo
2933;2026-08-02;72;6;6;6,5;0,0;39,0;0,0;39,0;Pix;PAGO;Site
2934;2025-03-11;62;3;4;79,9;5,0;319,6;15,98;303,62;Pix;PAGO;Loja Física
2935;2026-07-28;99;26;4;79,9;0,0;319,6;0,0;319,6;Pix;PAGO;Loja Física
2936;2025-06-10;160;24;3;13,9;0,0;41,7;0,0;41,7;Pix;NAO_INFORMADO;Site
2937;2026-08-24;150;10;1;24,9;15,0;24,9;3,74;21,16;Cartão de Débito;PAGO;Aplicativo
2938;2025-11-18;111;11;5;45,0;0,0;225,0;0,0;225,0;Pix;PAGO;Loja Física
2939;2025-03-19;150;16;5;19,9;0,0;99,5;0,0;99,5;Cartão de Crédito;PAGO;Loja Física
2940;2025-12-09;136;6;4;6,5;10,0;26,0;2,6;23,4;Pix;PAGO;Loja Física
2941;2025-03-20;82;9;4;32,0;0,0;128,0;0,0;128,0;Boleto;PAGO;Loja Física
2942;2026-04-06;11;5;2;99,9;10,0;199,8;19,98;179,82;Cartão de Crédito;PAGO;Aplicativo
2943;2026-07-23;154;24;4;13,9;10,0;55,6;5,56;50,04;Pix;PAGO;Loja Física
2944;2025-05-20;103;30;6;29,9;5,0;179,4;8,97;170,43;Pix;PAGO;Loja Física
2945;2025-12-04;168;11;5;45,0;5,0;225,0;11,25;213,75;Pix;PAGO;Loja Física
2946;2025-02-19;87;11;1;45,0;0,0;45,0;0,0;45,0;Boleto;PAGO;Site
2947;2025-07-08;28;22;4;11,9;15,0;47,6;7,14;40,46;Pix;PAGO;Site
2948;2025-10-25;111;29;2;14,9;0,0;29,8;0,0;29,8;Cartão de Débito;PAGO;Loja Física
2949;2025-06-12;14;24;3;13,9;0,0;41,7;0,0;41,7;Cartão de Débito;PENDENTE;Site
2950;2026-02-03;2;19;6;27,9;15,0;167,4;25,11;142,29;Cartão de Crédito;PAGO;Aplicativo
2951;2026-03-06;101;22;3;11,9;0,0;35,7;0,0;35,7;Cartão de Crédito;PENDENTE;Loja Física
2952;2026-08-07;173;20;3;22,9;15,0;68,7;10,3;58,4;Pix;PAGO;Site
2953;2025-05-14;197;5;6;99,9;0,0;599,4;0,0;599,4;Cartão de Débito;PAGO;Marketplace
2954;2025-04-12;56;18;4;14,9;10,0;59,6;5,96;53,64;Cartão de Débito;PAGO;Aplicativo
2955;2025-11-27;130;11;5;45,0;0,0;225,0;0,0;225,0;Cartão de Crédito;NAO_INFORMADO;Marketplace
2956;2026-05-01;132;12;3;38,5;5,0;115,5;5,78;109,72;Pix;PENDENTE;Site
2957;2026-03-01;37;13;3;35,9;0,0;107,7;0,0;107,7;Cartão de Crédito;PAGO;Site
2958;2025-12-19;87;16;3;19,9;10,0;59,7;5,97;53,73;Boleto;PAGO;Aplicativo
2959;2025-01-28;108;29;5;14,9;0,0;74,5;0,0;74,5;Cartão de Crédito;PENDENTE;Loja Física
2960;2025-08-07;72;25;5;24,9;0,0;124,5;0,0;124,5;Boleto;PAGO;Loja Física
2961;2026-03-14;120;6;2;6,5;15,0;13,0;1,95;11,05;Cartão de Crédito;PAGO;Site
2962;2025-04-10;21;16;4;19,9;10,0;79,6;7,96;71,64;Cartão de Débito;PAGO;Site
2963;2026-07-14;115;15;5;34,9;0,0;174,5;0,0;174,5;Cartão de Crédito;PAGO;Site
2964;2026-08-29;58;30;6;29,9;5,0;179,4;8,97;170,43;Pix;PAGO;Aplicativo
2965;2025-12-14;13;25;2;24,9;0,0;49,8;0,0;49,8;Boleto;PAGO;Marketplace
2966;2026-01-23;49;4;3;59,9;5,0;179,7;8,98;170,72;Pix;PAGO;Site
2967;2025-10-20;119;17;3;9,9;0,0;29,7;0,0;29,7;Boleto;PAGO;Aplicativo
2968;2025-02-27;99;22;5;11,9;5,0;59,5;2,98;56,52;Cartão de Crédito;PAGO;Site
2969;2025-11-21;80;8;2;54,9;0,0;109,8;0,0;109,8;Pix;PAGO;Site
2970;2025-03-11;134;10;4;24,9;15,0;99,6;14,94;84,66;Cartão de Crédito;PAGO;Site
2971;2025-12-02;150;28;2;89,9;0,0;179,8;0,0;179,8;Cartão de Crédito;PAGO;Site
2972;2026-04-17;55;21;3;6,9;0,0;20,7;0,0;20,7;Cartão de Crédito;PAGO;Loja Física
2973;2026-07-31;160;19;4;27,9;0,0;111,6;0,0;111,6;Cartão de Crédito;PAGO;Site
2974;2025-01-24;8;26;2;79,9;0,0;159,8;0,0;159,8;Cartão de Crédito;PAGO;Aplicativo
2975;2025-12-15;28;13;2;35,9;0,0;71,8;0,0;71,8;Cartão de Débito;PAGO;Site
2976;2026-06-08;3;4;6;59,9;0,0;359,4;0,0;359,4;Cartão de Crédito;PAGO;Aplicativo
2977;2025-10-28;185;9;2;32,0;10,0;64,0;6,4;57,6;Cartão de Crédito;PAGO;Aplicativo
2978;2025-04-28;117;27;5;64,9;0,0;324,5;0,0;324,5;Cartão de Crédito;PAGO;Loja Física
2979;2026-03-19;119;30;3;29,9;0,0;89,7;0,0;89,7;Cartão de Crédito;CANCELADO;Loja Física
2980;2026-05-09;83;26;2;79,9;0,0;159,8;0,0;159,8;Pix;PAGO;Site
2981;2025-07-06;131;9;1;32,0;0,0;32,0;0,0;32,0;Boleto;PAGO;Marketplace
2982;2026-02-27;155;16;3;19,9;15,0;59,7;8,96;50,74;Cartão de Crédito;PAGO;Aplicativo
2983;2025-08-24;95;24;1;13,9;0,0;13,9;0,0;13,9;Cartão de Crédito;PAGO;Marketplace
2984;2026-01-16;184;12;2;38,5;0,0;77,0;0,0;77,0;Cartão de Débito;CANCELADO;Aplicativo
2985;2025-04-06;192;7;3;69,9;0,0;209,7;0,0;209,7;Cartão de Crédito;PAGO;Aplicativo
2986;2025-03-15;47;15;4;34,9;10,0;139,6;13,96;125,64;Pix;PAGO;Aplicativo
2987;2025-06-30;113;13;6;35,9;0,0;215,4;0,0;215,4;Pix;PAGO;Marketplace
2988;2026-02-15;56;3;6;79,9;0,0;479,4;0,0;479,4;Pix;PAGO;Aplicativo
2989;2026-04-19;190;12;6;38,5;15,0;231,0;34,65;196,35;Cartão de Crédito;PAGO;Aplicativo
2990;2025-07-20;177;3;2;79,9;10,0;159,8;15,98;143,82;Cartão de Crédito;PAGO;Loja Física
2991;2025-11-21;149;30;2;29,9;10,0;59,8;5,98;53,82;Cartão de Crédito;PAGO;Loja Física
2992;2025-07-06;178;17;5;9,9;5,0;49,5;2,48;47,02;Boleto;PAGO;Marketplace
2993;2025-02-20;169;23;5;12,9;0,0;64,5;0,0;64,5;Cartão de Crédito;PAGO;Loja Física
2994;2025-01-21;41;13;5;35,9;0,0;179,5;0,0;179,5;Pix;PAGO;Loja Física
2995;2026-06-23;69;16;1;19,9;0,0;19,9;0,0;19,9;Cartão de Crédito;PAGO;Site
2996;2026-07-26;154;3;4;79,9;0,0;319,6;0,0;319,6;Pix;CANCELADO;Loja Física
2997;2025-07-19;2;18;4;14,9;15,0;59,6;8,94;50,66;Cartão de Crédito;PENDENTE;Marketplace
2998;2026-03-26;135;30;2;29,9;5,0;59,8;2,99;56,81;Cartão de Crédito;PAGO;Site
2999;2025-11-14;189;21;4;6,9;0,0;27,6;0,0;27,6;Pix;CANCELADO;Loja Física
3000;2025-05-06;141;29;5;14,9;0,0;74,5;0,0;74,5;Cartão de Crédito;PAGO;Site
